op,phase,batch,vocab,top_k,dtype,splits,blocks,median_us,p05_us,p95_us,mean_us,stdev_us,reps,iters,warmup,round,git_commit
noop,0,1,151936,20,bfloat16,8,8,2.519,2.510,2.524,2.517,0.006,5,5000,500,0,df3e3c0
phase1,1,1,151936,20,bfloat16,8,8,4.136,4.134,4.140,4.137,0.003,5,5000,500,0,df3e3c0
phase2,2,1,151936,20,bfloat16,8,8,4.247,4.244,4.260,4.250,0.007,5,5000,500,0,df3e3c0
phase3,3,1,151936,20,bfloat16,8,8,6.988,6.700,7.009,6.881,0.164,5,5000,500,0,df3e3c0
phase4,4,1,151936,20,bfloat16,8,8,8.184,8.173,8.185,8.181,0.006,5,5000,500,0,df3e3c0
phase5,5,1,151936,20,bfloat16,8,8,10.606,10.293,10.696,10.516,0.206,5,5000,500,0,df3e3c0
phase6,6,1,151936,20,bfloat16,8,8,16.409,16.405,16.412,16.409,0.003,5,5000,500,0,df3e3c0
phase7,7,1,151936,20,bfloat16,8,8,20.477,20.477,20.482,20.479,0.003,5,5000,500,0,df3e3c0
full,7,1,151936,20,bfloat16,8,8,20.480,20.475,20.481,20.479,0.003,5,5000,500,0,df3e3c0
noop,0,1,151936,50,bfloat16,8,8,2.512,2.509,2.525,2.516,0.008,5,5000,500,0,df3e3c0
phase1,1,1,151936,50,bfloat16,8,8,4.144,4.138,4.145,4.142,0.003,5,5000,500,0,df3e3c0
phase2,2,1,151936,50,bfloat16,8,8,4.253,4.251,4.265,4.256,0.006,5,5000,500,0,df3e3c0
phase3,3,1,151936,50,bfloat16,8,8,6.841,6.806,7.101,6.933,0.154,5,5000,500,0,df3e3c0
phase4,4,1,151936,50,bfloat16,8,8,8.184,8.174,8.185,8.182,0.005,5,5000,500,0,df3e3c0
phase5,5,1,151936,50,bfloat16,8,8,11.892,11.829,11.911,11.882,0.039,5,5000,500,0,df3e3c0
phase6,6,1,151936,50,bfloat16,8,8,19.941,19.937,19.945,19.941,0.004,5,5000,500,0,df3e3c0
phase7,7,1,151936,50,bfloat16,8,8,23.975,23.965,24.010,23.984,0.020,5,4824,482,0,df3e3c0
full,7,1,151936,50,bfloat16,8,8,24.073,24.006,24.086,24.059,0.039,5,4718,471,0,df3e3c0
noop,0,1,151936,100,bfloat16,8,8,2.529,2.523,2.546,2.533,0.010,5,5000,500,0,df3e3c0
phase1,1,1,151936,100,bfloat16,8,8,4.148,4.142,4.153,4.148,0.005,5,5000,500,0,df3e3c0
phase2,2,1,151936,100,bfloat16,8,8,4.261,4.245,4.279,4.261,0.016,5,5000,500,0,df3e3c0
phase3,3,1,151936,100,bfloat16,8,8,6.653,6.344,6.660,6.569,0.163,5,5000,500,0,df3e3c0
phase4,4,1,151936,100,bfloat16,8,8,8.182,8.173,8.184,8.179,0.006,5,5000,500,0,df3e3c0
phase5,5,1,151936,100,bfloat16,8,8,12.281,12.272,12.282,12.279,0.005,5,5000,500,0,df3e3c0
phase6,6,1,151936,100,bfloat16,8,8,24.561,24.561,24.563,24.562,0.001,5,4810,481,0,df3e3c0
phase7,7,1,151936,100,bfloat16,8,8,30.729,30.727,30.733,30.730,0.003,5,3842,384,0,df3e3c0
full,7,1,151936,100,bfloat16,8,8,30.951,30.936,30.957,30.948,0.010,5,3734,373,0,df3e3c0
noop,0,4,151936,20,bfloat16,8,32,2.515,2.505,2.521,2.515,0.007,5,5000,500,0,df3e3c0
phase1,1,4,151936,20,bfloat16,8,32,4.169,4.168,4.181,4.173,0.007,5,5000,500,0,df3e3c0
phase2,2,4,151936,20,bfloat16,8,32,4.279,4.276,4.308,4.289,0.017,5,5000,500,0,df3e3c0
phase3,3,4,151936,20,bfloat16,8,32,7.749,7.730,7.840,7.778,0.052,5,5000,500,0,df3e3c0
phase4,4,4,151936,20,bfloat16,8,32,8.182,8.173,8.185,8.180,0.006,5,5000,500,0,df3e3c0
phase5,5,4,151936,20,bfloat16,8,32,10.666,10.327,10.668,10.571,0.176,5,5000,500,0,df3e3c0
phase6,6,4,151936,20,bfloat16,8,32,16.434,16.431,16.440,16.435,0.004,5,5000,500,0,df3e3c0
phase7,7,4,151936,20,bfloat16,8,32,20.511,20.504,20.513,20.510,0.004,5,5000,500,0,df3e3c0
full,7,4,151936,20,bfloat16,8,32,20.511,20.508,20.518,20.512,0.004,5,5000,500,0,df3e3c0
noop,0,4,151936,50,bfloat16,8,32,2.520,2.509,2.521,2.517,0.006,5,5000,500,0,df3e3c0
phase1,1,4,151936,50,bfloat16,8,32,4.179,4.165,4.195,4.179,0.014,5,5000,500,0,df3e3c0
phase2,2,4,151936,50,bfloat16,8,32,4.279,4.275,4.305,4.288,0.015,5,5000,500,0,df3e3c0
phase3,3,4,151936,50,bfloat16,8,32,8.080,8.058,8.089,8.076,0.014,5,5000,500,0,df3e3c0
phase4,4,4,151936,50,bfloat16,8,32,8.184,8.174,8.184,8.181,0.005,5,5000,500,0,df3e3c0
phase5,5,4,151936,50,bfloat16,8,32,12.279,12.271,12.280,12.277,0.005,5,5000,500,0,df3e3c0
phase6,6,4,151936,50,bfloat16,8,32,20.493,20.492,20.496,20.494,0.002,5,5000,500,0,df3e3c0
phase7,7,4,151936,50,bfloat16,8,32,24.580,24.578,24.597,24.584,0.010,5,4772,477,0,df3e3c0
full,7,4,151936,50,bfloat16,8,32,25.034,25.029,25.058,25.040,0.014,5,4718,471,0,df3e3c0
noop,0,4,151936,100,bfloat16,8,32,2.525,2.520,2.533,2.526,0.006,5,5000,500,0,df3e3c0
phase1,1,4,151936,100,bfloat16,8,32,4.188,4.174,4.192,4.184,0.009,5,5000,500,0,df3e3c0
phase2,2,4,151936,100,bfloat16,8,32,4.300,4.273,4.318,4.296,0.021,5,5000,500,0,df3e3c0
phase3,3,4,151936,100,bfloat16,8,32,8.049,8.028,8.053,8.044,0.012,5,5000,500,0,df3e3c0
phase4,4,4,151936,100,bfloat16,8,32,8.184,8.183,8.193,8.186,0.005,5,5000,500,0,df3e3c0
phase5,5,4,151936,100,bfloat16,8,32,12.291,12.285,12.292,12.290,0.004,5,5000,500,0,df3e3c0
phase6,6,4,151936,100,bfloat16,8,32,24.574,24.572,24.577,24.574,0.002,5,4807,480,0,df3e3c0
phase7,7,4,151936,100,bfloat16,8,32,30.725,30.722,30.727,30.725,0.002,5,3802,380,0,df3e3c0
full,7,4,151936,100,bfloat16,8,32,31.274,31.253,31.282,31.271,0.013,5,3728,372,0,df3e3c0
noop,0,8,151936,20,bfloat16,8,64,2.527,2.510,2.533,2.523,0.012,5,5000,500,0,df3e3c0
phase1,1,8,151936,20,bfloat16,8,64,4.192,4.181,4.202,4.193,0.010,5,5000,500,0,df3e3c0
phase2,2,8,151936,20,bfloat16,8,64,4.290,4.286,4.349,4.311,0.032,5,5000,500,0,df3e3c0
phase3,3,8,151936,20,bfloat16,8,64,8.127,8.099,8.153,8.126,0.025,5,5000,500,0,df3e3c0
phase4,4,8,151936,20,bfloat16,8,64,8.184,8.172,8.184,8.181,0.006,5,5000,500,0,df3e3c0
phase5,5,8,151936,20,bfloat16,8,64,10.664,10.325,10.666,10.569,0.177,5,5000,500,0,df3e3c0
phase6,6,8,151936,20,bfloat16,8,64,16.530,16.523,16.542,16.532,0.008,5,5000,500,0,df3e3c0
phase7,7,8,151936,20,bfloat16,8,64,20.679,20.673,20.683,20.679,0.005,5,5000,500,0,df3e3c0
full,7,8,151936,20,bfloat16,8,64,20.683,20.673,20.694,20.683,0.009,5,5000,500,0,df3e3c0
noop,0,8,151936,50,bfloat16,8,64,2.512,2.504,2.514,2.510,0.004,5,5000,500,0,df3e3c0
phase1,1,8,151936,50,bfloat16,8,64,4.207,4.185,4.214,4.202,0.013,5,5000,500,0,df3e3c0
phase2,2,8,151936,50,bfloat16,8,64,4.293,4.293,4.415,4.327,0.064,5,5000,500,0,df3e3c0
phase3,3,8,151936,50,bfloat16,8,64,8.173,8.120,8.174,8.156,0.027,5,5000,500,0,df3e3c0
phase4,4,8,151936,50,bfloat16,8,64,8.182,8.172,8.183,8.179,0.006,5,5000,500,0,df3e3c0
phase5,5,8,151936,50,bfloat16,8,64,12.281,12.274,12.303,12.285,0.014,5,5000,500,0,df3e3c0
phase6,6,8,151936,50,bfloat16,8,64,20.491,20.489,20.493,20.491,0.002,5,5000,500,0,df3e3c0
phase7,7,8,151936,50,bfloat16,8,64,26.602,26.600,26.604,26.602,0.002,5,4405,440,0,df3e3c0
full,7,8,151936,50,bfloat16,8,64,25.849,25.832,25.882,25.853,0.022,5,4618,461,0,df3e3c0
noop,0,8,151936,100,bfloat16,8,64,2.517,2.507,2.531,2.519,0.011,5,5000,500,0,df3e3c0
phase1,1,8,151936,100,bfloat16,8,64,4.189,4.184,4.195,4.190,0.005,5,5000,500,0,df3e3c0
phase2,2,8,151936,100,bfloat16,8,64,4.279,4.237,4.376,4.293,0.064,5,5000,500,0,df3e3c0
phase3,3,8,151936,100,bfloat16,8,64,6.587,6.529,6.588,6.573,0.032,5,5000,500,0,df3e3c0
phase4,4,8,151936,100,bfloat16,8,64,8.153,8.136,8.156,8.149,0.010,5,5000,500,0,df3e3c0
phase5,5,8,151936,100,bfloat16,8,64,12.278,12.269,12.280,12.275,0.005,5,5000,500,0,df3e3c0
phase6,6,8,151936,100,bfloat16,8,64,24.583,24.563,24.586,24.579,0.012,5,4855,485,0,df3e3c0
phase7,7,8,151936,100,bfloat16,8,64,32.774,32.769,32.775,32.773,0.003,5,3560,356,0,df3e3c0
full,7,8,151936,100,bfloat16,8,64,32.402,32.382,32.417,32.402,0.016,5,3564,356,0,df3e3c0
noop,0,16,151936,20,bfloat16,8,128,2.518,2.505,2.521,2.514,0.007,5,5000,500,0,df3e3c0
phase1,1,16,151936,20,bfloat16,8,128,6.128,6.007,6.172,6.107,0.076,5,5000,500,0,df3e3c0
phase2,2,16,151936,20,bfloat16,8,128,6.168,6.167,6.175,6.170,0.004,5,5000,500,0,df3e3c0
phase3,3,16,151936,20,bfloat16,8,128,9.672,9.589,9.693,9.655,0.049,5,5000,500,0,df3e3c0
phase4,4,16,151936,20,bfloat16,8,128,10.228,10.226,10.237,10.231,0.006,5,5000,500,0,df3e3c0
phase5,5,16,151936,20,bfloat16,8,128,14.331,14.321,14.333,14.328,0.006,5,5000,500,0,df3e3c0
phase6,6,16,151936,20,bfloat16,8,128,19.212,19.184,19.220,19.206,0.017,5,5000,500,0,df3e3c0
phase7,7,16,151936,20,bfloat16,8,128,22.910,22.896,22.925,22.909,0.013,5,5000,500,0,df3e3c0
full,7,16,151936,20,bfloat16,8,128,22.920,22.916,22.934,22.924,0.009,5,5000,500,0,df3e3c0
noop,0,16,151936,50,bfloat16,8,128,2.524,2.516,2.535,2.525,0.009,5,5000,500,0,df3e3c0
phase1,1,16,151936,50,bfloat16,8,128,5.941,5.772,6.163,5.969,0.184,5,5000,500,0,df3e3c0
phase2,2,16,151936,50,bfloat16,8,128,6.176,6.169,6.178,6.174,0.004,5,5000,500,0,df3e3c0
phase3,3,16,151936,50,bfloat16,8,128,9.859,9.798,9.889,9.850,0.040,5,5000,500,0,df3e3c0
phase4,4,16,151936,50,bfloat16,8,128,10.228,10.225,10.240,10.231,0.007,5,5000,500,0,df3e3c0
phase5,5,16,151936,50,bfloat16,8,128,14.339,14.332,14.342,14.338,0.004,5,5000,500,0,df3e3c0
phase6,6,16,151936,50,bfloat16,8,128,22.501,22.486,22.503,22.497,0.008,5,5000,500,0,df3e3c0
phase7,7,16,151936,50,bfloat16,8,128,26.545,26.534,26.555,26.545,0.009,5,4419,441,0,df3e3c0
full,7,16,151936,50,bfloat16,8,128,26.546,26.540,26.548,26.545,0.003,5,4425,442,0,df3e3c0
noop,0,16,151936,100,bfloat16,8,128,2.518,2.514,2.527,2.520,0.006,5,5000,500,0,df3e3c0
phase1,1,16,151936,100,bfloat16,8,128,6.023,5.916,6.170,6.049,0.118,5,5000,500,0,df3e3c0
phase2,2,16,151936,100,bfloat16,8,128,6.173,6.169,6.176,6.173,0.003,5,5000,500,0,df3e3c0
phase3,3,16,151936,100,bfloat16,8,128,9.993,9.953,10.014,9.987,0.028,5,5000,500,0,df3e3c0
phase4,4,16,151936,100,bfloat16,8,128,10.229,10.224,10.238,10.231,0.006,5,5000,500,0,df3e3c0
phase5,5,16,151936,100,bfloat16,8,128,14.584,14.554,14.593,14.578,0.018,5,5000,500,0,df3e3c0
phase6,6,16,151936,100,bfloat16,8,128,26.609,26.608,26.610,26.609,0.001,5,4439,443,0,df3e3c0
phase7,7,16,151936,100,bfloat16,8,128,32.768,32.766,32.770,32.768,0.002,5,3602,360,0,df3e3c0
full,7,16,151936,100,bfloat16,8,128,32.799,32.791,32.800,32.796,0.005,5,3592,359,0,df3e3c0
noop,0,32,151936,20,bfloat16,4,128,2.515,2.514,2.527,2.519,0.006,5,5000,500,0,df3e3c0
phase1,1,32,151936,20,bfloat16,4,128,8.200,8.169,8.208,8.191,0.019,5,5000,500,0,df3e3c0
phase2,2,32,151936,20,bfloat16,4,128,8.212,8.207,8.217,8.212,0.004,5,5000,500,0,df3e3c0
phase3,3,32,151936,20,bfloat16,4,128,16.184,16.181,16.196,16.186,0.007,5,5000,500,0,df3e3c0
phase4,4,32,151936,20,bfloat16,4,128,16.368,16.366,16.373,16.370,0.003,5,5000,500,0,df3e3c0
phase5,5,32,151936,20,bfloat16,4,128,23.339,23.169,23.361,23.280,0.099,5,5000,500,0,df3e3c0
phase6,6,32,151936,20,bfloat16,4,128,28.656,28.655,28.657,28.656,0.001,5,4134,413,0,df3e3c0
phase7,7,32,151936,20,bfloat16,4,128,30.719,30.718,30.722,30.719,0.002,5,3890,389,0,df3e3c0
full,7,32,151936,20,bfloat16,4,128,30.719,30.716,30.721,30.718,0.002,5,3853,385,0,df3e3c0
noop,0,32,151936,50,bfloat16,4,128,2.525,2.518,2.530,2.524,0.005,5,5000,500,0,df3e3c0
phase1,1,32,151936,50,bfloat16,4,128,8.197,8.180,8.208,8.196,0.013,5,5000,500,0,df3e3c0
phase2,2,32,151936,50,bfloat16,4,128,8.219,8.212,8.225,8.219,0.006,5,5000,500,0,df3e3c0
phase3,3,32,151936,50,bfloat16,4,128,16.338,16.321,16.348,16.337,0.013,5,5000,500,0,df3e3c0
phase4,4,32,151936,50,bfloat16,4,128,16.380,16.372,16.383,16.379,0.005,5,5000,500,0,df3e3c0
phase5,5,32,151936,50,bfloat16,4,128,24.354,24.325,24.378,24.352,0.023,5,5000,500,0,df3e3c0
phase6,6,32,151936,50,bfloat16,4,128,28.709,28.703,28.710,28.707,0.003,5,4142,414,0,df3e3c0
phase7,7,32,151936,50,bfloat16,4,128,34.796,34.795,34.797,34.796,0.001,5,3409,340,0,df3e3c0
full,7,32,151936,50,bfloat16,4,128,34.585,34.580,34.616,34.592,0.017,5,3400,340,0,df3e3c0
noop,0,32,151936,100,bfloat16,4,128,2.531,2.516,2.533,2.526,0.008,5,5000,500,0,df3e3c0
phase1,1,32,151936,100,bfloat16,4,128,8.195,8.175,8.206,8.193,0.014,5,5000,500,0,df3e3c0
phase2,2,32,151936,100,bfloat16,4,128,8.208,8.207,8.239,8.216,0.017,5,5000,500,0,df3e3c0
phase3,3,32,151936,100,bfloat16,4,128,16.372,16.366,16.374,16.371,0.004,5,5000,500,0,df3e3c0
phase4,4,32,151936,100,bfloat16,4,128,16.382,16.377,16.386,16.382,0.004,5,5000,500,0,df3e3c0
phase5,5,32,151936,100,bfloat16,4,128,24.614,24.591,24.614,24.608,0.013,5,4850,485,0,df3e3c0
phase6,6,32,151936,100,bfloat16,4,128,31.387,31.363,31.436,31.398,0.032,5,3836,383,0,df3e3c0
phase7,7,32,151936,100,bfloat16,4,128,38.912,38.909,38.916,38.912,0.003,5,3064,306,0,df3e3c0
full,7,32,151936,100,bfloat16,4,128,38.094,38.074,38.121,38.095,0.021,5,3112,311,0,df3e3c0
phase1,1,1,151936,20,bfloat16,8,8,4.133,4.125,4.145,4.134,0.009,5,5000,500,1,df3e3c0
phase2,2,1,151936,20,bfloat16,8,8,4.192,4.183,4.202,4.193,0.008,5,5000,500,1,df3e3c0
phase3,3,1,151936,20,bfloat16,8,8,6.461,6.418,6.464,6.451,0.024,5,5000,500,1,df3e3c0
phase4,4,1,151936,20,bfloat16,8,8,6.537,6.213,6.607,6.435,0.203,5,5000,500,1,df3e3c0
phase5,5,1,151936,20,bfloat16,8,8,10.243,10.233,10.249,10.242,0.007,5,5000,500,1,df3e3c0
phase6,6,1,151936,20,bfloat16,8,8,16.375,16.373,16.379,16.376,0.003,5,5000,500,1,df3e3c0
phase7,7,1,151936,20,bfloat16,8,8,18.439,18.437,18.442,18.439,0.002,5,5000,500,1,df3e3c0
full,7,1,151936,20,bfloat16,8,8,18.453,18.452,18.455,18.453,0.001,5,5000,500,1,df3e3c0
noop,0,1,151936,20,bfloat16,8,8,2.504,2.499,2.523,2.509,0.011,5,5000,500,1,df3e3c0
phase1,1,1,151936,50,bfloat16,8,8,4.133,4.115,4.144,4.130,0.013,5,5000,500,1,df3e3c0
phase2,2,1,151936,50,bfloat16,8,8,4.180,4.175,4.193,4.184,0.008,5,5000,500,1,df3e3c0
phase3,3,1,151936,50,bfloat16,8,8,6.446,6.188,6.466,6.351,0.148,5,5000,500,1,df3e3c0
phase4,4,1,151936,50,bfloat16,8,8,6.602,6.270,6.606,6.511,0.174,5,5000,500,1,df3e3c0
phase5,5,1,151936,50,bfloat16,8,8,10.298,10.294,10.304,10.299,0.005,5,5000,500,1,df3e3c0
phase6,6,1,151936,50,bfloat16,8,8,18.420,18.418,18.433,18.423,0.008,5,5000,500,1,df3e3c0
phase7,7,1,151936,50,bfloat16,8,8,20.508,20.506,20.509,20.508,0.001,5,5000,500,1,df3e3c0
full,7,1,151936,50,bfloat16,8,8,21.039,21.023,21.061,21.040,0.017,5,5000,500,1,df3e3c0
noop,0,1,151936,50,bfloat16,8,8,2.511,2.503,2.515,2.510,0.005,5,5000,500,1,df3e3c0
phase1,1,1,151936,100,bfloat16,8,8,4.130,4.108,4.137,4.126,0.013,5,5000,500,1,df3e3c0
phase2,2,1,151936,100,bfloat16,8,8,4.191,4.182,4.196,4.191,0.006,5,5000,500,1,df3e3c0
phase3,3,1,151936,100,bfloat16,8,8,6.486,6.433,6.490,6.471,0.027,5,5000,500,1,df3e3c0
phase4,4,1,151936,100,bfloat16,8,8,6.638,6.332,6.644,6.564,0.172,5,5000,500,1,df3e3c0
phase5,5,1,151936,100,bfloat16,8,8,10.664,10.328,10.667,10.570,0.175,5,5000,500,1,df3e3c0
phase6,6,1,151936,100,bfloat16,8,8,22.520,22.519,22.520,22.520,0.000,5,5000,500,1,df3e3c0
phase7,7,1,151936,100,bfloat16,8,8,26.604,26.604,26.605,26.604,0.000,5,4344,434,1,df3e3c0
full,7,1,151936,100,bfloat16,8,8,26.609,26.608,26.609,26.608,0.001,5,4436,443,1,df3e3c0
noop,0,1,151936,100,bfloat16,8,8,2.509,2.496,2.517,2.506,0.010,5,5000,500,1,df3e3c0
phase1,1,4,151936,20,bfloat16,8,32,4.142,4.124,4.150,4.138,0.012,5,5000,500,1,df3e3c0
phase2,2,4,151936,20,bfloat16,8,32,4.230,4.219,4.236,4.228,0.007,5,5000,500,1,df3e3c0
phase3,3,4,151936,20,bfloat16,8,32,6.585,6.252,6.590,6.492,0.173,5,5000,500,1,df3e3c0
phase4,4,4,151936,20,bfloat16,8,32,7.394,7.389,7.564,7.453,0.088,5,5000,500,1,df3e3c0
phase5,5,4,151936,20,bfloat16,8,32,10.257,10.252,10.263,10.258,0.005,5,5000,500,1,df3e3c0
phase6,6,4,151936,20,bfloat16,8,32,16.406,16.405,16.408,16.406,0.001,5,5000,500,1,df3e3c0
phase7,7,4,151936,20,bfloat16,8,32,20.193,20.104,20.225,20.174,0.053,5,5000,500,1,df3e3c0
full,7,4,151936,20,bfloat16,8,32,20.373,20.362,20.385,20.372,0.011,5,5000,500,1,df3e3c0
noop,0,4,151936,20,bfloat16,8,32,2.525,2.515,2.532,2.524,0.008,5,5000,500,1,df3e3c0
phase1,1,4,151936,50,bfloat16,8,32,4.143,4.134,4.152,4.143,0.008,5,5000,500,1,df3e3c0
phase2,2,4,151936,50,bfloat16,8,32,4.220,4.211,4.242,4.224,0.015,5,5000,500,1,df3e3c0
phase3,3,4,151936,50,bfloat16,8,32,6.585,6.269,6.591,6.508,0.177,5,5000,500,1,df3e3c0
phase4,4,4,151936,50,bfloat16,8,32,7.641,7.564,7.781,7.653,0.099,5,5000,500,1,df3e3c0
phase5,5,4,151936,50,bfloat16,8,32,10.338,10.333,10.349,10.339,0.007,5,5000,500,1,df3e3c0
phase6,6,4,151936,50,bfloat16,8,32,18.418,18.416,18.419,18.418,0.002,5,5000,500,1,df3e3c0
phase7,7,4,151936,50,bfloat16,8,32,22.511,22.509,22.511,22.510,0.001,5,5000,500,1,df3e3c0
full,7,4,151936,50,bfloat16,8,32,22.526,22.525,22.531,22.528,0.003,5,5000,500,1,df3e3c0
noop,0,4,151936,50,bfloat16,8,32,2.524,2.521,2.524,2.523,0.002,5,5000,500,1,df3e3c0
phase1,1,4,151936,100,bfloat16,8,32,4.140,4.136,4.151,4.142,0.007,5,5000,500,1,df3e3c0
phase2,2,4,151936,100,bfloat16,8,32,4.239,4.228,4.246,4.237,0.008,5,5000,500,1,df3e3c0
phase3,3,4,151936,100,bfloat16,8,32,6.586,6.526,6.589,6.572,0.033,5,5000,500,1,df3e3c0
phase4,4,4,151936,100,bfloat16,8,32,7.855,7.773,7.879,7.833,0.049,5,5000,500,1,df3e3c0
phase5,5,4,151936,100,bfloat16,8,32,11.021,10.730,11.050,10.925,0.158,5,5000,500,1,df3e3c0
phase6,6,4,151936,100,bfloat16,8,32,23.195,23.182,23.220,23.201,0.017,5,5000,500,1,df3e3c0
phase7,7,4,151936,100,bfloat16,8,32,29.511,29.490,29.532,29.513,0.018,5,4012,401,1,df3e3c0
full,7,4,151936,100,bfloat16,8,32,29.628,29.596,29.665,29.632,0.033,5,3932,393,1,df3e3c0
noop,0,4,151936,100,bfloat16,8,32,2.519,2.517,2.534,2.523,0.008,5,5000,500,1,df3e3c0
phase1,1,8,151936,20,bfloat16,8,64,4.141,4.139,4.143,4.141,0.002,5,5000,500,1,df3e3c0
phase2,2,8,151936,20,bfloat16,8,64,4.240,4.234,4.266,4.248,0.016,5,5000,500,1,df3e3c0
phase3,3,8,151936,20,bfloat16,8,64,6.594,6.531,6.596,6.579,0.035,5,5000,500,1,df3e3c0
phase4,4,8,151936,20,bfloat16,8,64,8.172,8.163,8.178,8.172,0.007,5,5000,500,1,df3e3c0
phase5,5,8,151936,20,bfloat16,8,64,10.266,10.252,10.277,10.265,0.012,5,5000,500,1,df3e3c0
phase6,6,8,151936,20,bfloat16,8,64,16.405,16.402,16.406,16.404,0.002,5,5000,500,1,df3e3c0
phase7,7,8,151936,20,bfloat16,8,64,20.473,20.469,20.475,20.473,0.003,5,5000,500,1,df3e3c0
full,7,8,151936,20,bfloat16,8,64,20.454,20.452,20.475,20.459,0.012,5,5000,500,1,df3e3c0
noop,0,8,151936,20,bfloat16,8,64,2.514,2.505,2.520,2.513,0.007,5,5000,500,1,df3e3c0
phase1,1,8,151936,50,bfloat16,8,64,4.143,4.142,4.145,4.143,0.001,5,5000,500,1,df3e3c0
phase2,2,8,151936,50,bfloat16,8,64,4.233,4.226,4.263,4.241,0.017,5,5000,500,1,df3e3c0
phase3,3,8,151936,50,bfloat16,8,64,6.590,6.530,6.594,6.576,0.034,5,5000,500,1,df3e3c0
phase4,4,8,151936,50,bfloat16,8,64,8.168,8.159,8.173,8.168,0.007,5,5000,500,1,df3e3c0
phase5,5,8,151936,50,bfloat16,8,64,10.575,10.309,10.577,10.499,0.137,5,5000,500,1,df3e3c0
phase6,6,8,151936,50,bfloat16,8,64,18.417,18.416,18.419,18.417,0.001,5,5000,500,1,df3e3c0
phase7,7,8,151936,50,bfloat16,8,64,22.554,22.553,22.558,22.555,0.002,5,5000,500,1,df3e3c0
full,7,8,151936,50,bfloat16,8,64,22.532,22.531,22.534,22.532,0.001,5,5000,500,1,df3e3c0
noop,0,8,151936,50,bfloat16,8,64,2.512,2.505,2.519,2.512,0.007,5,5000,500,1,df3e3c0
phase1,1,8,151936,100,bfloat16,8,64,4.145,4.136,4.155,4.145,0.009,5,5000,500,1,df3e3c0
phase2,2,8,151936,100,bfloat16,8,64,4.248,4.236,4.258,4.247,0.010,5,5000,500,1,df3e3c0
phase3,3,8,151936,100,bfloat16,8,64,6.598,6.542,6.603,6.586,0.032,5,5000,500,1,df3e3c0
phase4,4,8,151936,100,bfloat16,8,64,8.179,8.171,8.181,8.177,0.005,5,5000,500,1,df3e3c0
phase5,5,8,151936,100,bfloat16,8,64,12.280,12.274,12.282,12.279,0.004,5,5000,500,1,df3e3c0
phase6,6,8,151936,100,bfloat16,8,64,24.552,24.551,24.556,24.553,0.002,5,4817,481,1,df3e3c0
phase7,7,8,151936,100,bfloat16,8,64,30.708,30.708,30.710,30.709,0.001,5,3840,384,1,df3e3c0
full,7,8,151936,100,bfloat16,8,64,30.691,30.681,30.693,30.688,0.006,5,3812,381,1,df3e3c0
noop,0,8,151936,100,bfloat16,8,64,2.512,2.508,2.534,2.519,0.013,5,5000,500,1,df3e3c0
phase1,1,16,151936,20,bfloat16,8,128,6.134,5.979,6.173,6.092,0.095,5,5000,500,1,df3e3c0
phase2,2,16,151936,20,bfloat16,8,128,6.172,6.166,6.175,6.170,0.004,5,5000,500,1,df3e3c0
phase3,3,16,151936,20,bfloat16,8,128,10.227,10.218,10.234,10.227,0.007,5,5000,500,1,df3e3c0
phase4,4,16,151936,20,bfloat16,8,128,10.227,10.224,10.237,10.230,0.006,5,5000,500,1,df3e3c0
phase5,5,16,151936,20,bfloat16,8,128,14.335,14.330,14.340,14.335,0.005,5,5000,500,1,df3e3c0
phase6,6,16,151936,20,bfloat16,8,128,19.234,19.199,19.263,19.233,0.028,5,5000,500,1,df3e3c0
phase7,7,16,151936,20,bfloat16,8,128,22.873,22.867,22.874,22.872,0.004,5,5000,500,1,df3e3c0
full,7,16,151936,20,bfloat16,8,128,22.895,22.874,22.910,22.891,0.016,5,5000,500,1,df3e3c0
noop,0,16,151936,20,bfloat16,8,128,2.519,2.507,2.535,2.521,0.012,5,5000,500,1,df3e3c0
phase1,1,16,151936,50,bfloat16,8,128,6.162,6.104,6.173,6.147,0.032,5,5000,500,1,df3e3c0
phase2,2,16,151936,50,bfloat16,8,128,6.173,6.173,6.175,6.174,0.001,5,5000,500,1,df3e3c0
phase3,3,16,151936,50,bfloat16,8,128,10.228,10.223,10.237,10.229,0.006,5,5000,500,1,df3e3c0
phase4,4,16,151936,50,bfloat16,8,128,10.229,10.225,10.245,10.233,0.009,5,5000,500,1,df3e3c0
phase5,5,16,151936,50,bfloat16,8,128,14.351,14.349,14.353,14.351,0.002,5,5000,500,1,df3e3c0
phase6,6,16,151936,50,bfloat16,8,128,22.529,22.527,22.532,22.529,0.002,5,5000,500,1,df3e3c0
phase7,7,16,151936,50,bfloat16,8,128,26.609,26.607,26.613,26.609,0.003,5,4423,442,1,df3e3c0
full,7,16,151936,50,bfloat16,8,128,26.605,26.602,26.613,26.607,0.005,5,4480,448,1,df3e3c0
noop,0,16,151936,50,bfloat16,8,128,2.522,2.510,2.525,2.519,0.007,5,5000,500,1,df3e3c0
phase1,1,16,151936,100,bfloat16,8,128,6.164,6.155,6.172,6.164,0.008,5,5000,500,1,df3e3c0
phase2,2,16,151936,100,bfloat16,8,128,6.173,6.170,6.174,6.172,0.002,5,5000,500,1,df3e3c0
phase3,3,16,151936,100,bfloat16,8,128,10.235,10.226,10.237,10.232,0.006,5,5000,500,1,df3e3c0
phase4,4,16,151936,100,bfloat16,8,128,10.230,10.224,10.240,10.231,0.008,5,5000,500,1,df3e3c0
phase5,5,16,151936,100,bfloat16,8,128,14.987,14.790,15.006,14.944,0.113,5,5000,500,1,df3e3c0
phase6,6,16,151936,100,bfloat16,8,128,26.612,26.612,26.615,26.613,0.002,5,4417,441,1,df3e3c0
phase7,7,16,151936,100,bfloat16,8,128,32.777,32.769,32.777,32.774,0.004,5,3605,360,1,df3e3c0
full,7,16,151936,100,bfloat16,8,128,32.883,32.866,32.910,32.885,0.019,5,3593,359,1,df3e3c0
noop,0,16,151936,100,bfloat16,8,128,2.524,2.506,2.527,2.518,0.010,5,5000,500,1,df3e3c0
phase1,1,32,151936,20,bfloat16,4,128,8.205,8.173,8.243,8.205,0.031,5,5000,500,1,df3e3c0
phase2,2,32,151936,20,bfloat16,4,128,8.281,8.214,8.287,8.257,0.037,5,5000,500,1,df3e3c0
phase3,3,32,151936,20,bfloat16,4,128,16.382,16.377,16.384,16.381,0.004,5,5000,500,1,df3e3c0
phase4,4,32,151936,20,bfloat16,4,128,16.387,16.379,16.388,16.385,0.004,5,5000,500,1,df3e3c0
phase5,5,32,151936,20,bfloat16,4,128,24.134,24.129,24.156,24.140,0.012,5,5000,500,1,df3e3c0
phase6,6,32,151936,20,bfloat16,4,128,28.663,28.660,28.666,28.663,0.002,5,4137,413,1,df3e3c0
phase7,7,32,151936,20,bfloat16,4,128,30.710,30.708,30.712,30.710,0.002,5,3858,385,1,df3e3c0
full,7,32,151936,20,bfloat16,4,128,30.712,30.711,30.713,30.712,0.001,5,3839,383,1,df3e3c0
noop,0,32,151936,20,bfloat16,4,128,2.526,2.515,2.534,2.525,0.008,5,5000,500,1,df3e3c0
phase1,1,32,151936,50,bfloat16,4,128,8.207,8.173,8.269,8.212,0.043,5,5000,500,1,df3e3c0
phase2,2,32,151936,50,bfloat16,4,128,8.228,8.212,8.315,8.255,0.052,5,5000,500,1,df3e3c0
phase3,3,32,151936,50,bfloat16,4,128,16.384,16.378,16.387,16.384,0.004,5,5000,500,1,df3e3c0
phase4,4,32,151936,50,bfloat16,4,128,16.386,16.379,16.388,16.385,0.005,5,5000,500,1,df3e3c0
phase5,5,32,151936,50,bfloat16,4,128,24.577,24.567,24.579,24.575,0.006,5,5000,500,1,df3e3c0
phase6,6,32,151936,50,bfloat16,4,128,29.028,29.000,29.078,29.033,0.036,5,4141,414,1,df3e3c0
phase7,7,32,151936,50,bfloat16,4,128,34.803,34.801,34.838,34.811,0.020,5,3429,342,1,df3e3c0
full,7,32,151936,50,bfloat16,4,128,34.783,34.782,34.788,34.784,0.003,5,3420,342,1,df3e3c0
noop,0,32,151936,50,bfloat16,4,128,2.522,2.520,2.540,2.528,0.009,5,5000,500,1,df3e3c0
phase1,1,32,151936,100,bfloat16,4,128,8.201,8.172,8.286,8.218,0.052,5,5000,500,1,df3e3c0
phase2,2,32,151936,100,bfloat16,4,128,8.235,8.214,8.353,8.273,0.072,5,5000,500,1,df3e3c0
phase3,3,32,151936,100,bfloat16,4,128,16.385,16.378,16.388,16.384,0.004,5,5000,500,1,df3e3c0
phase4,4,32,151936,100,bfloat16,4,128,16.386,16.380,16.392,16.387,0.005,5,5000,500,1,df3e3c0
phase5,5,32,151936,100,bfloat16,4,128,24.753,24.646,24.763,24.730,0.062,5,4839,483,1,df3e3c0
phase6,6,32,151936,100,bfloat16,4,128,31.953,31.942,31.968,31.954,0.012,5,3803,380,1,df3e3c0
phase7,7,32,151936,100,bfloat16,4,128,38.907,38.904,38.910,38.907,0.002,5,3067,306,1,df3e3c0
full,7,32,151936,100,bfloat16,4,128,38.534,38.519,38.537,38.529,0.009,5,3090,309,1,df3e3c0
noop,0,32,151936,100,bfloat16,4,128,2.530,2.520,2.543,2.531,0.010,5,5000,500,1,df3e3c0
phase2,2,1,151936,20,bfloat16,8,8,4.183,4.172,4.194,4.183,0.010,5,5000,500,2,df3e3c0
phase3,3,1,151936,20,bfloat16,8,8,6.425,6.400,6.433,6.421,0.015,5,5000,500,2,df3e3c0
phase4,4,1,151936,20,bfloat16,8,8,6.613,6.291,6.620,6.523,0.168,5,5000,500,2,df3e3c0
phase5,5,1,151936,20,bfloat16,8,8,10.238,10.228,10.242,10.237,0.007,5,5000,500,2,df3e3c0
phase6,6,1,151936,20,bfloat16,8,8,16.377,16.375,16.378,16.377,0.002,5,5000,500,2,df3e3c0
phase7,7,1,151936,20,bfloat16,8,8,19.183,19.161,19.215,19.184,0.024,5,5000,500,2,df3e3c0
full,7,1,151936,20,bfloat16,8,8,20.175,20.159,20.177,20.170,0.009,5,5000,500,2,df3e3c0
noop,0,1,151936,20,bfloat16,8,8,2.505,2.497,2.516,2.507,0.009,5,5000,500,2,df3e3c0
phase1,1,1,151936,20,bfloat16,8,8,4.125,4.095,4.148,4.125,0.023,5,5000,500,2,df3e3c0
phase2,2,1,151936,50,bfloat16,8,8,4.193,4.183,4.209,4.195,0.012,5,5000,500,2,df3e3c0
phase3,3,1,151936,50,bfloat16,8,8,6.439,6.403,6.443,6.431,0.020,5,5000,500,2,df3e3c0
phase4,4,1,151936,50,bfloat16,8,8,6.605,6.292,6.610,6.528,0.176,5,5000,500,2,df3e3c0
phase5,5,1,151936,50,bfloat16,8,8,10.277,10.273,10.280,10.277,0.003,5,5000,500,2,df3e3c0
phase6,6,1,151936,50,bfloat16,8,8,18.421,18.420,18.424,18.421,0.002,5,5000,500,2,df3e3c0
phase7,7,1,151936,50,bfloat16,8,8,22.514,22.512,22.515,22.513,0.001,5,5000,500,2,df3e3c0
full,7,1,151936,50,bfloat16,8,8,22.523,22.522,22.524,22.523,0.001,5,5000,500,2,df3e3c0
noop,0,1,151936,50,bfloat16,8,8,2.519,2.512,2.527,2.519,0.007,5,5000,500,2,df3e3c0
phase1,1,1,151936,50,bfloat16,8,8,4.128,4.119,4.137,4.129,0.008,5,5000,500,2,df3e3c0
phase2,2,1,151936,100,bfloat16,8,8,4.200,4.190,4.207,4.199,0.008,5,5000,500,2,df3e3c0
phase3,3,1,151936,100,bfloat16,8,8,6.400,6.185,6.439,6.329,0.133,5,5000,500,2,df3e3c0
phase4,4,1,151936,100,bfloat16,8,8,6.596,6.280,6.601,6.518,0.177,5,5000,500,2,df3e3c0
phase5,5,1,151936,100,bfloat16,8,8,10.703,10.369,10.716,10.614,0.178,5,5000,500,2,df3e3c0
phase6,6,1,151936,100,bfloat16,8,8,22.586,22.579,22.593,22.586,0.006,5,5000,500,2,df3e3c0
phase7,7,1,151936,100,bfloat16,8,8,28.617,28.594,28.621,28.611,0.013,5,4070,407,2,df3e3c0
full,7,1,151936,100,bfloat16,8,8,28.737,28.736,28.748,28.740,0.006,5,3977,397,2,df3e3c0
noop,0,1,151936,100,bfloat16,8,8,2.514,2.508,2.515,2.512,0.003,5,5000,500,2,df3e3c0
phase1,1,1,151936,100,bfloat16,8,8,4.136,4.127,4.143,4.135,0.007,5,5000,500,2,df3e3c0
phase2,2,4,151936,20,bfloat16,8,32,4.233,4.227,4.238,4.232,0.005,5,5000,500,2,df3e3c0
phase3,3,4,151936,20,bfloat16,8,32,6.589,6.527,6.592,6.574,0.035,5,5000,500,2,df3e3c0
phase4,4,4,151936,20,bfloat16,8,32,7.510,7.474,7.594,7.529,0.056,5,5000,500,2,df3e3c0
phase5,5,4,151936,20,bfloat16,8,32,10.251,10.248,10.256,10.252,0.003,5,5000,500,2,df3e3c0
phase6,6,4,151936,20,bfloat16,8,32,16.402,16.400,16.403,16.402,0.001,5,5000,500,2,df3e3c0
phase7,7,4,151936,20,bfloat16,8,32,20.483,20.481,20.484,20.482,0.001,5,5000,500,2,df3e3c0
full,7,4,151936,20,bfloat16,8,32,20.483,20.479,20.500,20.486,0.010,5,5000,500,2,df3e3c0
noop,0,4,151936,20,bfloat16,8,32,2.513,2.502,2.526,2.512,0.011,5,5000,500,2,df3e3c0
phase1,1,4,151936,20,bfloat16,8,32,4.135,4.131,4.141,4.136,0.005,5,5000,500,2,df3e3c0
phase2,2,4,151936,50,bfloat16,8,32,4.236,4.213,4.243,4.232,0.014,5,5000,500,2,df3e3c0
phase3,3,4,151936,50,bfloat16,8,32,6.589,6.523,6.590,6.572,0.036,5,5000,500,2,df3e3c0
phase4,4,4,151936,50,bfloat16,8,32,7.595,7.495,7.663,7.583,0.077,5,5000,500,2,df3e3c0
phase5,5,4,151936,50,bfloat16,8,32,10.540,10.525,10.566,10.545,0.018,5,5000,500,2,df3e3c0
phase6,6,4,151936,50,bfloat16,8,32,18.418,18.414,18.421,18.418,0.003,5,5000,500,2,df3e3c0
phase7,7,4,151936,50,bfloat16,8,32,22.512,22.511,22.512,22.512,0.001,5,5000,500,2,df3e3c0
full,7,4,151936,50,bfloat16,8,32,22.545,22.540,22.550,22.544,0.005,5,5000,500,2,df3e3c0
noop,0,4,151936,50,bfloat16,8,32,2.509,2.506,2.515,2.510,0.004,5,5000,500,2,df3e3c0
phase1,1,4,151936,50,bfloat16,8,32,4.136,4.133,4.141,4.136,0.003,5,5000,500,2,df3e3c0
phase2,2,4,151936,100,bfloat16,8,32,4.230,4.217,4.238,4.228,0.010,5,5000,500,2,df3e3c0
phase3,3,4,151936,100,bfloat16,8,32,6.586,6.267,6.589,6.507,0.179,5,5000,500,2,df3e3c0
phase4,4,4,151936,100,bfloat16,8,32,7.536,7.510,7.658,7.565,0.070,5,5000,500,2,df3e3c0
phase5,5,4,151936,100,bfloat16,8,32,12.278,12.268,12.279,12.276,0.005,5,5000,500,2,df3e3c0
phase6,6,4,151936,100,bfloat16,8,32,24.547,24.545,24.549,24.547,0.001,5,4855,485,2,df3e3c0
phase7,7,4,151936,100,bfloat16,8,32,30.690,30.689,30.693,30.691,0.002,5,3861,386,2,df3e3c0
full,7,4,151936,100,bfloat16,8,32,30.708,30.707,30.713,30.709,0.003,5,3812,381,2,df3e3c0
noop,0,4,151936,100,bfloat16,8,32,2.513,2.510,2.522,2.516,0.006,5,5000,500,2,df3e3c0
phase1,1,4,151936,100,bfloat16,8,32,4.141,4.137,4.144,4.141,0.003,5,5000,500,2,df3e3c0
phase2,2,8,151936,20,bfloat16,8,64,4.259,4.240,4.271,4.257,0.014,5,5000,500,2,df3e3c0
phase3,3,8,151936,20,bfloat16,8,64,6.589,6.527,6.593,6.574,0.035,5,5000,500,2,df3e3c0
phase4,4,8,151936,20,bfloat16,8,64,8.182,8.173,8.184,8.180,0.005,5,5000,500,2,df3e3c0
phase5,5,8,151936,20,bfloat16,8,64,10.262,10.259,10.267,10.263,0.003,5,5000,500,2,df3e3c0
phase6,6,8,151936,20,bfloat16,8,64,16.408,16.406,16.412,16.409,0.003,5,5000,500,2,df3e3c0
phase7,7,8,151936,20,bfloat16,8,64,20.487,20.482,20.502,20.490,0.009,5,5000,500,2,df3e3c0
full,7,8,151936,20,bfloat16,8,64,20.483,20.482,20.485,20.483,0.001,5,5000,500,2,df3e3c0
noop,0,8,151936,20,bfloat16,8,64,2.510,2.501,2.520,2.510,0.009,5,5000,500,2,df3e3c0
phase1,1,8,151936,20,bfloat16,8,64,4.141,4.139,4.148,4.143,0.005,5,5000,500,2,df3e3c0
phase2,2,8,151936,50,bfloat16,8,64,4.253,4.235,4.256,4.248,0.010,5,5000,500,2,df3e3c0
phase3,3,8,151936,50,bfloat16,8,64,6.597,6.536,6.604,6.584,0.035,5,5000,500,2,df3e3c0
phase4,4,8,151936,50,bfloat16,8,64,8.183,8.172,8.187,8.180,0.007,5,5000,500,2,df3e3c0
phase5,5,8,151936,50,bfloat16,8,64,10.558,10.518,10.565,10.550,0.024,5,5000,500,2,df3e3c0
phase6,6,8,151936,50,bfloat16,8,64,18.418,18.417,18.420,18.419,0.001,5,5000,500,2,df3e3c0
phase7,7,8,151936,50,bfloat16,8,64,22.560,22.559,22.563,22.560,0.002,5,5000,500,2,df3e3c0
full,7,8,151936,50,bfloat16,8,64,22.549,22.545,22.553,22.549,0.004,5,5000,500,2,df3e3c0
noop,0,8,151936,50,bfloat16,8,64,2.514,2.513,2.515,2.514,0.001,5,5000,500,2,df3e3c0
phase1,1,8,151936,50,bfloat16,8,64,4.141,4.136,4.150,4.143,0.006,5,5000,500,2,df3e3c0
phase2,2,8,151936,100,bfloat16,8,64,4.250,4.231,4.271,4.250,0.017,5,5000,500,2,df3e3c0
phase3,3,8,151936,100,bfloat16,8,64,6.600,6.544,6.608,6.589,0.033,5,5000,500,2,df3e3c0
phase4,4,8,151936,100,bfloat16,8,64,8.181,8.175,8.185,8.180,0.005,5,5000,500,2,df3e3c0
phase5,5,8,151936,100,bfloat16,8,64,12.279,12.271,12.280,12.277,0.004,5,5000,500,2,df3e3c0
phase6,6,8,151936,100,bfloat16,8,64,24.551,24.549,24.552,24.551,0.001,5,4821,482,2,df3e3c0
phase7,7,8,151936,100,bfloat16,8,64,30.727,30.725,30.727,30.726,0.001,5,3819,381,2,df3e3c0
full,7,8,151936,100,bfloat16,8,64,30.719,30.718,30.725,30.720,0.003,5,3807,380,2,df3e3c0
noop,0,8,151936,100,bfloat16,8,64,2.515,2.504,2.523,2.514,0.008,5,5000,500,2,df3e3c0
phase1,1,8,151936,100,bfloat16,8,64,4.146,4.134,4.150,4.143,0.007,5,5000,500,2,df3e3c0
phase2,2,16,151936,20,bfloat16,8,128,6.173,6.167,6.176,6.172,0.004,5,5000,500,2,df3e3c0
phase3,3,16,151936,20,bfloat16,8,128,10.233,10.197,10.236,10.222,0.019,5,5000,500,2,df3e3c0
phase4,4,16,151936,20,bfloat16,8,128,10.228,10.225,10.254,10.235,0.014,5,5000,500,2,df3e3c0
phase5,5,16,151936,20,bfloat16,8,128,14.339,14.331,14.340,14.337,0.004,5,5000,500,2,df3e3c0
phase6,6,16,151936,20,bfloat16,8,128,19.974,19.961,19.983,19.974,0.010,5,5000,500,2,df3e3c0
phase7,7,16,151936,20,bfloat16,8,128,23.245,23.234,23.278,23.254,0.022,5,5000,500,2,df3e3c0
full,7,16,151936,20,bfloat16,8,128,23.235,23.222,23.257,23.238,0.016,5,5000,500,2,df3e3c0
noop,0,16,151936,20,bfloat16,8,128,2.523,2.516,2.530,2.524,0.006,5,5000,500,2,df3e3c0
phase1,1,16,151936,20,bfloat16,8,128,6.160,6.132,6.169,6.153,0.018,5,5000,500,2,df3e3c0
phase2,2,16,151936,50,bfloat16,8,128,6.172,6.170,6.177,6.173,0.003,5,5000,500,2,df3e3c0
phase3,3,16,151936,50,bfloat16,8,128,10.233,10.223,10.235,10.230,0.006,5,5000,500,2,df3e3c0
phase4,4,16,151936,50,bfloat16,8,128,10.230,10.226,10.238,10.232,0.006,5,5000,500,2,df3e3c0
phase5,5,16,151936,50,bfloat16,8,128,14.357,14.354,14.359,14.357,0.002,5,5000,500,2,df3e3c0
phase6,6,16,151936,50,bfloat16,8,128,22.533,22.532,22.534,22.533,0.001,5,5000,500,2,df3e3c0
phase7,7,16,151936,50,bfloat16,8,128,26.606,26.600,26.607,26.604,0.003,5,4414,441,2,df3e3c0
full,7,16,151936,50,bfloat16,8,128,26.602,26.577,26.609,26.598,0.015,5,4428,442,2,df3e3c0
noop,0,16,151936,50,bfloat16,8,128,2.515,2.502,2.522,2.512,0.009,5,5000,500,2,df3e3c0
phase1,1,16,151936,50,bfloat16,8,128,6.171,6.149,6.173,6.164,0.011,5,5000,500,2,df3e3c0
phase2,2,16,151936,100,bfloat16,8,128,6.173,6.172,6.178,6.175,0.003,5,5000,500,2,df3e3c0
phase3,3,16,151936,100,bfloat16,8,128,10.234,10.226,10.237,10.232,0.005,5,5000,500,2,df3e3c0
phase4,4,16,151936,100,bfloat16,8,128,10.240,10.239,10.246,10.241,0.004,5,5000,500,2,df3e3c0
phase5,5,16,151936,100,bfloat16,8,128,15.021,14.992,15.031,15.015,0.018,5,5000,500,2,df3e3c0
phase6,6,16,151936,100,bfloat16,8,128,26.612,26.611,26.614,26.612,0.001,5,4449,444,2,df3e3c0
phase7,7,16,151936,100,bfloat16,8,128,32.763,32.762,32.764,32.763,0.001,5,3599,359,2,df3e3c0
full,7,16,151936,100,bfloat16,8,128,32.844,32.839,32.859,32.846,0.009,5,3589,358,2,df3e3c0
noop,0,16,151936,100,bfloat16,8,128,2.515,2.513,2.523,2.517,0.005,5,5000,500,2,df3e3c0
phase1,1,16,151936,100,bfloat16,8,128,6.171,6.168,6.174,6.171,0.003,5,5000,500,2,df3e3c0
phase2,2,32,151936,20,bfloat16,4,128,8.256,8.208,8.318,8.262,0.054,5,5000,500,2,df3e3c0
phase3,3,32,151936,20,bfloat16,4,128,16.386,16.378,16.387,16.384,0.004,5,5000,500,2,df3e3c0
phase4,4,32,151936,20,bfloat16,4,128,16.386,16.379,16.389,16.385,0.004,5,5000,500,2,df3e3c0
phase5,5,32,151936,20,bfloat16,4,128,24.443,24.406,24.460,24.437,0.024,5,5000,500,2,df3e3c0
phase6,6,32,151936,20,bfloat16,4,128,28.670,28.668,28.671,28.670,0.001,5,4139,413,2,df3e3c0
phase7,7,32,151936,20,bfloat16,4,128,30.716,30.716,30.719,30.717,0.001,5,3859,385,2,df3e3c0
full,7,32,151936,20,bfloat16,4,128,30.717,30.715,30.719,30.717,0.001,5,3853,385,2,df3e3c0
noop,0,32,151936,20,bfloat16,4,128,2.517,2.515,2.523,2.518,0.004,5,5000,500,2,df3e3c0
phase1,1,32,151936,20,bfloat16,4,128,8.206,8.170,8.287,8.218,0.055,5,5000,500,2,df3e3c0
phase2,2,32,151936,50,bfloat16,4,128,8.349,8.219,8.358,8.304,0.069,5,5000,500,2,df3e3c0
phase3,3,32,151936,50,bfloat16,4,128,16.385,16.378,16.387,16.384,0.004,5,5000,500,2,df3e3c0
phase4,4,32,151936,50,bfloat16,4,128,16.386,16.379,16.390,16.386,0.005,5,5000,500,2,df3e3c0
phase5,5,32,151936,50,bfloat16,4,128,24.581,24.570,24.584,24.579,0.007,5,4964,496,2,df3e3c0
phase6,6,32,151936,50,bfloat16,4,128,29.376,29.353,29.406,29.379,0.023,5,4102,410,2,df3e3c0
phase7,7,32,151936,50,bfloat16,4,128,34.803,34.803,34.806,34.804,0.002,5,3412,341,2,df3e3c0
full,7,32,151936,50,bfloat16,4,128,34.785,34.783,34.788,34.786,0.002,5,3422,342,2,df3e3c0
noop,0,32,151936,50,bfloat16,4,128,2.518,2.509,2.525,2.518,0.007,5,5000,500,2,df3e3c0
phase1,1,32,151936,50,bfloat16,4,128,8.203,8.174,8.297,8.225,0.056,5,5000,500,2,df3e3c0
phase2,2,32,151936,100,bfloat16,4,128,8.254,8.212,8.360,8.275,0.070,5,5000,500,2,df3e3c0
phase3,3,32,151936,100,bfloat16,4,128,16.386,16.379,16.388,16.385,0.004,5,5000,500,2,df3e3c0
phase4,4,32,151936,100,bfloat16,4,128,16.389,16.384,16.391,16.388,0.003,5,5000,500,2,df3e3c0
phase5,5,32,151936,100,bfloat16,4,128,24.842,24.818,24.854,24.839,0.016,5,4844,484,2,df3e3c0
phase6,6,32,151936,100,bfloat16,4,128,32.102,32.088,32.124,32.104,0.016,5,3760,376,2,df3e3c0
phase7,7,32,151936,100,bfloat16,4,128,38.915,38.909,38.918,38.915,0.004,5,3067,306,2,df3e3c0
full,7,32,151936,100,bfloat16,4,128,38.447,38.438,38.463,38.449,0.011,5,3105,310,2,df3e3c0
noop,0,32,151936,100,bfloat16,4,128,2.523,2.515,2.529,2.522,0.006,5,5000,500,2,df3e3c0
phase1,1,32,151936,100,bfloat16,4,128,8.207,8.173,8.323,8.232,0.069,5,5000,500,2,df3e3c0
phase3,3,1,151936,20,bfloat16,8,8,6.368,6.184,6.460,6.330,0.136,5,5000,500,3,df3e3c0
phase4,4,1,151936,20,bfloat16,8,8,6.651,6.347,6.652,6.575,0.169,5,5000,500,3,df3e3c0
phase5,5,1,151936,20,bfloat16,8,8,10.240,10.238,10.247,10.241,0.005,5,5000,500,3,df3e3c0
phase6,6,1,151936,20,bfloat16,8,8,16.376,16.374,16.379,16.376,0.002,5,5000,500,3,df3e3c0
phase7,7,1,151936,20,bfloat16,8,8,20.189,20.167,20.200,20.186,0.015,5,5000,500,3,df3e3c0
full,7,1,151936,20,bfloat16,8,8,20.468,20.467,20.469,20.468,0.001,5,5000,500,3,df3e3c0
noop,0,1,151936,20,bfloat16,8,8,2.507,2.503,2.516,2.509,0.006,5,5000,500,3,df3e3c0
phase1,1,1,151936,20,bfloat16,8,8,4.132,4.129,4.139,4.134,0.005,5,5000,500,3,df3e3c0
phase2,2,1,151936,20,bfloat16,8,8,4.189,4.177,4.200,4.189,0.010,5,5000,500,3,df3e3c0
phase3,3,1,151936,50,bfloat16,8,8,6.503,6.238,6.509,6.431,0.140,5,5000,500,3,df3e3c0
phase4,4,1,151936,50,bfloat16,8,8,6.624,6.570,6.629,6.612,0.030,5,5000,500,3,df3e3c0
phase5,5,1,151936,50,bfloat16,8,8,10.285,10.257,10.297,10.280,0.018,5,5000,500,3,df3e3c0
phase6,6,1,151936,50,bfloat16,8,8,18.418,18.417,18.421,18.419,0.002,5,5000,500,3,df3e3c0
phase7,7,1,151936,50,bfloat16,8,8,22.511,22.511,22.513,22.512,0.001,5,5000,500,3,df3e3c0
full,7,1,151936,50,bfloat16,8,8,22.520,22.515,22.522,22.519,0.003,5,5000,500,3,df3e3c0
noop,0,1,151936,50,bfloat16,8,8,2.511,2.509,2.513,2.511,0.001,5,5000,500,3,df3e3c0
phase1,1,1,151936,50,bfloat16,8,8,4.138,4.100,4.140,4.127,0.020,5,5000,500,3,df3e3c0
phase2,2,1,151936,50,bfloat16,8,8,4.196,4.183,4.213,4.198,0.013,5,5000,500,3,df3e3c0
phase3,3,1,151936,100,bfloat16,8,8,6.467,6.237,6.479,6.407,0.123,5,5000,500,3,df3e3c0
phase4,4,1,151936,100,bfloat16,8,8,6.623,6.313,6.627,6.546,0.174,5,5000,500,3,df3e3c0
phase5,5,1,151936,100,bfloat16,8,8,10.663,10.327,10.666,10.570,0.175,5,5000,500,3,df3e3c0
phase6,6,1,151936,100,bfloat16,8,8,22.520,22.519,22.521,22.520,0.001,5,5000,500,3,df3e3c0
phase7,7,1,151936,100,bfloat16,8,8,26.657,26.654,26.658,26.656,0.002,5,4333,433,3,df3e3c0
full,7,1,151936,100,bfloat16,8,8,27.970,27.957,27.980,27.969,0.011,5,4170,417,3,df3e3c0
noop,0,1,151936,100,bfloat16,8,8,2.505,2.505,2.517,2.509,0.006,5,5000,500,3,df3e3c0
phase1,1,1,151936,100,bfloat16,8,8,4.131,4.116,4.138,4.130,0.010,5,5000,500,3,df3e3c0
phase2,2,1,151936,100,bfloat16,8,8,4.201,4.189,4.213,4.202,0.011,5,5000,500,3,df3e3c0
phase3,3,4,151936,20,bfloat16,8,32,6.588,6.522,6.591,6.572,0.037,5,5000,500,3,df3e3c0
phase4,4,4,151936,20,bfloat16,8,32,8.082,8.073,8.089,8.082,0.007,5,5000,500,3,df3e3c0
phase5,5,4,151936,20,bfloat16,8,32,10.278,10.276,10.284,10.279,0.004,5,5000,500,3,df3e3c0
phase6,6,4,151936,20,bfloat16,8,32,16.408,16.407,16.431,16.414,0.013,5,5000,500,3,df3e3c0
phase7,7,4,151936,20,bfloat16,8,32,20.088,20.073,20.180,20.117,0.052,5,5000,500,3,df3e3c0
full,7,4,151936,20,bfloat16,8,32,20.438,20.433,20.441,20.437,0.004,5,5000,500,3,df3e3c0
noop,0,4,151936,20,bfloat16,8,32,2.511,2.508,2.516,2.512,0.003,5,5000,500,3,df3e3c0
phase1,1,4,151936,20,bfloat16,8,32,4.139,4.133,4.140,4.137,0.003,5,5000,500,3,df3e3c0
phase2,2,4,151936,20,bfloat16,8,32,4.234,4.222,4.248,4.234,0.011,5,5000,500,3,df3e3c0
phase3,3,4,151936,50,bfloat16,8,32,6.586,6.272,6.593,6.510,0.176,5,5000,500,3,df3e3c0
phase4,4,4,151936,50,bfloat16,8,32,7.873,7.822,7.893,7.860,0.033,5,5000,500,3,df3e3c0
phase5,5,4,151936,50,bfloat16,8,32,10.560,10.530,10.599,10.566,0.030,5,5000,500,3,df3e3c0
phase6,6,4,151936,50,bfloat16,8,32,18.418,18.417,18.419,18.418,0.001,5,5000,500,3,df3e3c0
phase7,7,4,151936,50,bfloat16,8,32,22.511,22.511,22.512,22.511,0.000,5,5000,500,3,df3e3c0
full,7,4,151936,50,bfloat16,8,32,22.519,22.517,22.522,22.519,0.002,5,5000,500,3,df3e3c0
noop,0,4,151936,50,bfloat16,8,32,2.514,2.512,2.532,2.520,0.010,5,5000,500,3,df3e3c0
phase1,1,4,151936,50,bfloat16,8,32,4.140,4.132,4.146,4.139,0.006,5,5000,500,3,df3e3c0
phase2,2,4,151936,50,bfloat16,8,32,4.227,4.212,4.244,4.228,0.014,5,5000,500,3,df3e3c0
phase3,3,4,151936,100,bfloat16,8,32,6.590,6.265,6.592,6.509,0.181,5,5000,500,3,df3e3c0
phase4,4,4,151936,100,bfloat16,8,32,7.933,7.888,7.943,7.922,0.026,5,5000,500,3,df3e3c0
phase5,5,4,151936,100,bfloat16,8,32,12.273,12.266,12.274,12.271,0.004,5,5000,500,3,df3e3c0
phase6,6,4,151936,100,bfloat16,8,32,24.543,24.537,24.544,24.541,0.003,5,4854,485,3,df3e3c0
phase7,7,4,151936,100,bfloat16,8,32,28.784,28.776,28.789,28.784,0.006,5,4086,408,3,df3e3c0
full,7,4,151936,100,bfloat16,8,32,30.276,30.261,30.280,30.271,0.010,5,3869,386,3,df3e3c0
noop,0,4,151936,100,bfloat16,8,32,2.520,2.516,2.531,2.522,0.007,5,5000,500,3,df3e3c0
phase1,1,4,151936,100,bfloat16,8,32,4.141,4.136,4.142,4.140,0.003,5,5000,500,3,df3e3c0
phase2,2,4,151936,100,bfloat16,8,32,4.225,4.215,4.254,4.232,0.018,5,5000,500,3,df3e3c0
phase3,3,8,151936,20,bfloat16,8,64,6.588,6.260,6.591,6.496,0.171,5,5000,500,3,df3e3c0
phase4,4,8,151936,20,bfloat16,8,64,8.181,8.172,8.196,8.182,0.011,5,5000,500,3,df3e3c0
phase5,5,8,151936,20,bfloat16,8,64,10.261,10.256,10.264,10.260,0.004,5,5000,500,3,df3e3c0
phase6,6,8,151936,20,bfloat16,8,64,16.410,16.408,16.411,16.409,0.001,5,5000,500,3,df3e3c0
phase7,7,8,151936,20,bfloat16,8,64,20.486,20.486,20.488,20.487,0.001,5,5000,500,3,df3e3c0
full,7,8,151936,20,bfloat16,8,64,20.487,20.485,20.490,20.487,0.002,5,5000,500,3,df3e3c0
noop,0,8,151936,20,bfloat16,8,64,2.522,2.510,2.531,2.521,0.009,5,5000,500,3,df3e3c0
phase1,1,8,151936,20,bfloat16,8,64,4.141,4.137,4.142,4.140,0.003,5,5000,500,3,df3e3c0
phase2,2,8,151936,20,bfloat16,8,64,4.251,4.242,4.262,4.253,0.009,5,5000,500,3,df3e3c0
phase3,3,8,151936,50,bfloat16,8,64,6.595,6.530,6.598,6.579,0.036,5,5000,500,3,df3e3c0
phase4,4,8,151936,50,bfloat16,8,64,8.180,8.172,8.183,8.179,0.005,5,5000,500,3,df3e3c0
phase5,5,8,151936,50,bfloat16,8,64,10.757,10.464,10.771,10.681,0.157,5,5000,500,3,df3e3c0
phase6,6,8,151936,50,bfloat16,8,64,18.424,18.421,18.424,18.423,0.002,5,5000,500,3,df3e3c0
phase7,7,8,151936,50,bfloat16,8,64,22.572,22.569,22.576,22.572,0.003,5,5000,500,3,df3e3c0
full,7,8,151936,50,bfloat16,8,64,22.569,22.567,22.570,22.569,0.001,5,5000,500,3,df3e3c0
noop,0,8,151936,50,bfloat16,8,64,2.525,2.514,2.533,2.524,0.008,5,5000,500,3,df3e3c0
phase1,1,8,151936,50,bfloat16,8,64,4.142,4.137,4.149,4.143,0.005,5,5000,500,3,df3e3c0
phase2,2,8,151936,50,bfloat16,8,64,4.256,4.240,4.259,4.252,0.009,5,5000,500,3,df3e3c0
phase3,3,8,151936,100,bfloat16,8,64,6.598,6.537,6.599,6.583,0.034,5,5000,500,3,df3e3c0
phase4,4,8,151936,100,bfloat16,8,64,8.181,8.173,8.184,8.180,0.005,5,5000,500,3,df3e3c0
phase5,5,8,151936,100,bfloat16,8,64,12.265,12.257,12.267,12.263,0.005,5,5000,500,3,df3e3c0
phase6,6,8,151936,100,bfloat16,8,64,24.547,24.546,24.548,24.547,0.001,5,4822,482,3,df3e3c0
phase7,7,8,151936,100,bfloat16,8,64,30.732,30.731,30.734,30.732,0.002,5,3828,382,3,df3e3c0
full,7,8,151936,100,bfloat16,8,64,30.923,30.908,30.943,30.923,0.016,5,3782,378,3,df3e3c0
noop,0,8,151936,100,bfloat16,8,64,2.520,2.507,2.529,2.520,0.010,5,5000,500,3,df3e3c0
phase1,1,8,151936,100,bfloat16,8,64,4.147,4.138,4.163,4.148,0.012,5,5000,500,3,df3e3c0
phase2,2,8,151936,100,bfloat16,8,64,4.256,4.250,4.270,4.260,0.009,5,5000,500,3,df3e3c0
phase3,3,16,151936,20,bfloat16,8,128,10.233,10.214,10.236,10.227,0.011,5,5000,500,3,df3e3c0
phase4,4,16,151936,20,bfloat16,8,128,10.227,10.226,10.240,10.232,0.007,5,5000,500,3,df3e3c0
phase5,5,16,151936,20,bfloat16,8,128,14.337,14.331,14.339,14.336,0.004,5,5000,500,3,df3e3c0
phase6,6,16,151936,20,bfloat16,8,128,19.493,19.483,19.500,19.493,0.007,5,5000,500,3,df3e3c0
phase7,7,16,151936,20,bfloat16,8,128,22.942,22.924,22.952,22.940,0.012,5,5000,500,3,df3e3c0
full,7,16,151936,20,bfloat16,8,128,22.940,22.929,22.979,22.949,0.023,5,5000,500,3,df3e3c0
noop,0,16,151936,20,bfloat16,8,128,2.523,2.515,2.535,2.525,0.009,5,5000,500,3,df3e3c0
phase1,1,16,151936,20,bfloat16,8,128,6.160,6.152,6.168,6.160,0.008,5,5000,500,3,df3e3c0
phase2,2,16,151936,20,bfloat16,8,128,6.173,6.166,6.180,6.173,0.006,5,5000,500,3,df3e3c0
phase3,3,16,151936,50,bfloat16,8,128,10.228,10.226,10.237,10.230,0.005,5,5000,500,3,df3e3c0
phase4,4,16,151936,50,bfloat16,8,128,10.236,10.229,10.246,10.237,0.008,5,5000,500,3,df3e3c0
phase5,5,16,151936,50,bfloat16,8,128,14.424,14.357,14.433,14.401,0.040,5,5000,500,3,df3e3c0
phase6,6,16,151936,50,bfloat16,8,128,22.526,22.524,22.527,22.526,0.002,5,5000,500,3,df3e3c0
phase7,7,16,151936,50,bfloat16,8,128,26.620,26.617,26.622,26.619,0.002,5,4399,439,3,df3e3c0
full,7,16,151936,50,bfloat16,8,128,26.633,26.630,26.639,26.634,0.004,5,4407,440,3,df3e3c0
noop,0,16,151936,50,bfloat16,8,128,2.533,2.522,2.538,2.531,0.007,5,5000,500,3,df3e3c0
phase1,1,16,151936,50,bfloat16,8,128,6.169,6.168,6.171,6.169,0.001,5,5000,500,3,df3e3c0
phase2,2,16,151936,50,bfloat16,8,128,6.173,6.170,6.177,6.173,0.003,5,5000,500,3,df3e3c0
phase3,3,16,151936,100,bfloat16,8,128,10.235,10.227,10.235,10.233,0.004,5,5000,500,3,df3e3c0
phase4,4,16,151936,100,bfloat16,8,128,10.237,10.226,10.246,10.235,0.009,5,5000,500,3,df3e3c0
phase5,5,16,151936,100,bfloat16,8,128,15.341,15.253,15.397,15.331,0.063,5,5000,500,3,df3e3c0
phase6,6,16,151936,100,bfloat16,8,128,26.618,26.616,26.621,26.619,0.002,5,4443,444,3,df3e3c0
phase7,7,16,151936,100,bfloat16,8,128,32.771,32.765,32.781,32.772,0.007,5,3600,360,3,df3e3c0
full,7,16,151936,100,bfloat16,8,128,32.953,32.929,32.968,32.950,0.017,5,3568,356,3,df3e3c0
noop,0,16,151936,100,bfloat16,8,128,2.518,2.508,2.523,2.517,0.007,5,5000,500,3,df3e3c0
phase1,1,16,151936,100,bfloat16,8,128,6.170,6.166,6.175,6.170,0.004,5,5000,500,3,df3e3c0
phase2,2,16,151936,100,bfloat16,8,128,6.171,6.169,6.179,6.173,0.004,5,5000,500,3,df3e3c0
phase3,3,32,151936,20,bfloat16,4,128,16.385,16.385,16.388,16.386,0.001,5,5000,500,3,df3e3c0
phase4,4,32,151936,20,bfloat16,4,128,16.388,16.381,16.389,16.387,0.004,5,5000,500,3,df3e3c0
phase5,5,32,151936,20,bfloat16,4,128,24.532,24.508,24.545,24.529,0.017,5,5000,500,3,df3e3c0
phase6,6,32,151936,20,bfloat16,4,128,28.671,28.665,28.672,28.670,0.003,5,4135,413,3,df3e3c0
phase7,7,32,151936,20,bfloat16,4,128,30.724,30.722,30.728,30.725,0.003,5,3861,386,3,df3e3c0
full,7,32,151936,20,bfloat16,4,128,30.729,30.726,30.731,30.729,0.002,5,3856,385,3,df3e3c0
noop,0,32,151936,20,bfloat16,4,128,2.508,2.501,2.518,2.509,0.008,5,5000,500,3,df3e3c0
phase1,1,32,151936,20,bfloat16,4,128,8.204,8.171,8.249,8.203,0.036,5,5000,500,3,df3e3c0
phase2,2,32,151936,20,bfloat16,4,128,8.357,8.264,8.388,8.339,0.058,5,5000,500,3,df3e3c0
phase3,3,32,151936,50,bfloat16,4,128,16.385,16.379,16.388,16.385,0.004,5,5000,500,3,df3e3c0
phase4,4,32,151936,50,bfloat16,4,128,16.390,16.389,16.407,16.394,0.009,5,5000,500,3,df3e3c0
phase5,5,32,151936,50,bfloat16,4,128,24.578,24.571,24.587,24.579,0.007,5,4973,497,3,df3e3c0
phase6,6,32,151936,50,bfloat16,4,128,29.575,29.543,29.601,29.569,0.027,5,4082,408,3,df3e3c0
phase7,7,32,151936,50,bfloat16,4,128,34.805,34.803,34.805,34.804,0.001,5,3407,340,3,df3e3c0
full,7,32,151936,50,bfloat16,4,128,34.736,34.730,34.745,34.737,0.007,5,3428,342,3,df3e3c0
noop,0,32,151936,50,bfloat16,4,128,2.518,2.508,2.522,2.517,0.007,5,5000,500,3,df3e3c0
phase1,1,32,151936,50,bfloat16,4,128,8.216,8.173,8.322,8.234,0.068,5,5000,500,3,df3e3c0
phase2,2,32,151936,50,bfloat16,4,128,8.403,8.211,8.408,8.329,0.106,5,5000,500,3,df3e3c0
phase3,3,32,151936,100,bfloat16,4,128,16.387,16.385,16.388,16.387,0.001,5,5000,500,3,df3e3c0
phase4,4,32,151936,100,bfloat16,4,128,16.396,16.387,16.397,16.394,0.005,5,5000,500,3,df3e3c0
phase5,5,32,151936,100,bfloat16,4,128,25.041,24.924,25.067,25.017,0.068,5,4804,480,3,df3e3c0
phase6,6,32,151936,100,bfloat16,4,128,32.498,32.493,32.528,32.505,0.016,5,3785,378,3,df3e3c0
phase7,7,32,151936,100,bfloat16,4,128,38.909,38.904,38.910,38.908,0.003,5,3053,305,3,df3e3c0
full,7,32,151936,100,bfloat16,4,128,38.371,38.363,38.395,38.376,0.015,5,3067,306,3,df3e3c0
noop,0,32,151936,100,bfloat16,4,128,2.536,2.520,2.545,2.533,0.011,5,5000,500,3,df3e3c0
phase1,1,32,151936,100,bfloat16,4,128,8.206,8.171,8.344,8.237,0.082,5,5000,500,3,df3e3c0
phase2,2,32,151936,100,bfloat16,4,128,8.283,8.219,8.443,8.318,0.110,5,5000,500,3,df3e3c0
phase4,4,1,151936,20,bfloat16,8,8,6.711,6.391,6.797,6.616,0.205,5,5000,500,4,df3e3c0
phase5,5,1,151936,20,bfloat16,8,8,10.246,10.233,10.268,10.248,0.015,5,5000,500,4,df3e3c0
phase6,6,1,151936,20,bfloat16,8,8,16.376,16.375,16.378,16.376,0.002,5,5000,500,4,df3e3c0
phase7,7,1,151936,20,bfloat16,8,8,20.467,20.465,20.468,20.467,0.001,5,5000,500,4,df3e3c0
full,7,1,151936,20,bfloat16,8,8,20.467,20.466,20.468,20.467,0.001,5,5000,500,4,df3e3c0
noop,0,1,151936,20,bfloat16,8,8,2.505,2.495,2.518,2.506,0.011,5,5000,500,4,df3e3c0
phase1,1,1,151936,20,bfloat16,8,8,4.131,4.118,4.136,4.128,0.009,5,5000,500,4,df3e3c0
phase2,2,1,151936,20,bfloat16,8,8,4.197,4.176,4.203,4.193,0.013,5,5000,500,4,df3e3c0
phase3,3,1,151936,20,bfloat16,8,8,6.407,6.222,6.415,6.359,0.100,5,5000,500,4,df3e3c0
phase4,4,1,151936,50,bfloat16,8,8,6.615,6.301,6.620,6.538,0.176,5,5000,500,4,df3e3c0
phase5,5,1,151936,50,bfloat16,8,8,10.281,10.261,10.285,10.277,0.012,5,5000,500,4,df3e3c0
phase6,6,1,151936,50,bfloat16,8,8,18.420,18.419,18.421,18.420,0.001,5,5000,500,4,df3e3c0
phase7,7,1,151936,50,bfloat16,8,8,22.512,22.511,22.513,22.512,0.001,5,5000,500,4,df3e3c0
full,7,1,151936,50,bfloat16,8,8,22.531,22.528,22.532,22.530,0.002,5,5000,500,4,df3e3c0
noop,0,1,151936,50,bfloat16,8,8,2.505,2.502,2.511,2.506,0.005,5,5000,500,4,df3e3c0
phase1,1,1,151936,50,bfloat16,8,8,4.138,4.113,4.147,4.132,0.016,5,5000,500,4,df3e3c0
phase2,2,1,151936,50,bfloat16,8,8,4.206,4.187,4.218,4.202,0.014,5,5000,500,4,df3e3c0
phase3,3,1,151936,50,bfloat16,8,8,6.455,6.230,6.468,6.397,0.121,5,5000,500,4,df3e3c0
phase4,4,1,151936,100,bfloat16,8,8,6.445,6.433,6.773,6.563,0.173,5,5000,500,4,df3e3c0
phase5,5,1,151936,100,bfloat16,8,8,10.666,10.609,10.670,10.653,0.033,5,5000,500,4,df3e3c0
phase6,6,1,151936,100,bfloat16,8,8,22.523,22.522,22.525,22.523,0.001,5,5000,500,4,df3e3c0
phase7,7,1,151936,100,bfloat16,8,8,28.664,28.663,28.668,28.665,0.003,5,4065,406,4,df3e3c0
full,7,1,151936,100,bfloat16,8,8,28.677,28.674,28.681,28.677,0.003,5,4004,400,4,df3e3c0
noop,0,1,151936,100,bfloat16,8,8,2.506,2.500,2.518,2.508,0.008,5,5000,500,4,df3e3c0
phase1,1,1,151936,100,bfloat16,8,8,4.132,4.114,4.137,4.128,0.010,5,5000,500,4,df3e3c0
phase2,2,1,151936,100,bfloat16,8,8,4.208,4.189,4.212,4.202,0.011,5,5000,500,4,df3e3c0
phase3,3,1,151936,100,bfloat16,8,8,6.436,6.189,6.458,6.348,0.139,5,5000,500,4,df3e3c0
phase4,4,4,151936,20,bfloat16,8,32,8.033,7.987,8.123,8.051,0.065,5,5000,500,4,df3e3c0
phase5,5,4,151936,20,bfloat16,8,32,10.261,10.255,10.266,10.260,0.005,5,5000,500,4,df3e3c0
phase6,6,4,151936,20,bfloat16,8,32,16.409,16.406,16.410,16.408,0.002,5,5000,500,4,df3e3c0
phase7,7,4,151936,20,bfloat16,8,32,20.471,20.470,20.474,20.472,0.002,5,5000,500,4,df3e3c0
full,7,4,151936,20,bfloat16,8,32,20.483,20.482,20.486,20.483,0.002,5,5000,500,4,df3e3c0
noop,0,4,151936,20,bfloat16,8,32,2.503,2.494,2.512,2.504,0.008,5,5000,500,4,df3e3c0
phase1,1,4,151936,20,bfloat16,8,32,4.140,4.134,4.146,4.139,0.005,5,5000,500,4,df3e3c0
phase2,2,4,151936,20,bfloat16,8,32,4.227,4.225,4.240,4.230,0.007,5,5000,500,4,df3e3c0
phase3,3,4,151936,20,bfloat16,8,32,6.590,6.534,6.592,6.576,0.031,5,5000,500,4,df3e3c0
phase4,4,4,151936,50,bfloat16,8,32,8.123,8.115,8.128,8.123,0.006,5,5000,500,4,df3e3c0
phase5,5,4,151936,50,bfloat16,8,32,10.968,10.664,10.977,10.892,0.167,5,5000,500,4,df3e3c0
phase6,6,4,151936,50,bfloat16,8,32,19.245,19.145,19.314,19.230,0.075,5,5000,500,4,df3e3c0
phase7,7,4,151936,50,bfloat16,8,32,23.260,22.927,23.275,23.136,0.183,5,4982,498,4,df3e3c0
full,7,4,151936,50,bfloat16,8,32,22.951,22.934,22.978,22.955,0.020,5,5000,500,4,df3e3c0
noop,0,4,151936,50,bfloat16,8,32,2.518,2.513,2.523,2.518,0.005,5,5000,500,4,df3e3c0
phase1,1,4,151936,50,bfloat16,8,32,4.141,4.134,4.149,4.141,0.007,5,5000,500,4,df3e3c0
phase2,2,4,151936,50,bfloat16,8,32,4.229,4.219,4.236,4.228,0.007,5,5000,500,4,df3e3c0
phase3,3,4,151936,50,bfloat16,8,32,6.589,6.268,6.591,6.509,0.179,5,5000,500,4,df3e3c0
phase4,4,4,151936,100,bfloat16,8,32,8.009,7.998,8.040,8.018,0.021,5,5000,500,4,df3e3c0
phase5,5,4,151936,100,bfloat16,8,32,12.283,12.274,12.284,12.281,0.005,5,5000,500,4,df3e3c0
phase6,6,4,151936,100,bfloat16,8,32,24.551,24.550,24.552,24.551,0.001,5,4849,484,4,df3e3c0
phase7,7,4,151936,100,bfloat16,8,32,30.701,30.700,30.703,30.701,0.002,5,3821,382,4,df3e3c0
full,7,4,151936,100,bfloat16,8,32,30.840,30.836,30.863,30.845,0.013,5,3768,376,4,df3e3c0
noop,0,4,151936,100,bfloat16,8,32,2.513,2.508,2.528,2.516,0.009,5,5000,500,4,df3e3c0
phase1,1,4,151936,100,bfloat16,8,32,4.139,4.135,4.143,4.139,0.004,5,5000,500,4,df3e3c0
phase2,2,4,151936,100,bfloat16,8,32,4.221,4.216,4.242,4.225,0.013,5,5000,500,4,df3e3c0
phase3,3,4,151936,100,bfloat16,8,32,6.587,6.527,6.591,6.573,0.034,5,5000,500,4,df3e3c0
phase4,4,8,151936,20,bfloat16,8,64,8.180,8.173,8.185,8.180,0.005,5,5000,500,4,df3e3c0
phase5,5,8,151936,20,bfloat16,8,64,10.364,10.332,10.386,10.361,0.023,5,5000,500,4,df3e3c0
phase6,6,8,151936,20,bfloat16,8,64,16.409,16.408,16.412,16.410,0.002,5,5000,500,4,df3e3c0
phase7,7,8,151936,20,bfloat16,8,64,20.472,20.471,20.474,20.473,0.001,5,5000,500,4,df3e3c0
full,7,8,151936,20,bfloat16,8,64,20.473,20.472,20.474,20.473,0.001,5,5000,500,4,df3e3c0
noop,0,8,151936,20,bfloat16,8,64,2.506,2.500,2.516,2.507,0.008,5,5000,500,4,df3e3c0
phase1,1,8,151936,20,bfloat16,8,64,4.144,4.140,4.146,4.144,0.003,5,5000,500,4,df3e3c0
phase2,2,8,151936,20,bfloat16,8,64,4.247,4.225,4.254,4.244,0.013,5,5000,500,4,df3e3c0
phase3,3,8,151936,20,bfloat16,8,64,6.597,6.530,6.602,6.581,0.037,5,5000,500,4,df3e3c0
phase4,4,8,151936,50,bfloat16,8,64,8.182,8.175,8.184,8.181,0.005,5,5000,500,4,df3e3c0
phase5,5,8,151936,50,bfloat16,8,64,10.665,10.328,10.667,10.571,0.176,5,5000,500,4,df3e3c0
phase6,6,8,151936,50,bfloat16,8,64,18.419,18.418,18.420,18.419,0.001,5,5000,500,4,df3e3c0
phase7,7,8,151936,50,bfloat16,8,64,22.512,22.511,22.512,22.512,0.000,5,5000,500,4,df3e3c0
full,7,8,151936,50,bfloat16,8,64,22.538,22.536,22.539,22.538,0.001,5,5000,500,4,df3e3c0
noop,0,8,151936,50,bfloat16,8,64,2.519,2.510,2.533,2.521,0.010,5,5000,500,4,df3e3c0
phase1,1,8,151936,50,bfloat16,8,64,4.146,4.137,4.157,4.146,0.008,5,5000,500,4,df3e3c0
phase2,2,8,151936,50,bfloat16,8,64,4.252,4.249,4.261,4.254,0.005,5,5000,500,4,df3e3c0
phase3,3,8,151936,50,bfloat16,8,64,6.594,6.409,6.596,6.548,0.103,5,5000,500,4,df3e3c0
phase4,4,8,151936,100,bfloat16,8,64,8.183,8.173,8.185,8.181,0.006,5,5000,500,4,df3e3c0
phase5,5,8,151936,100,bfloat16,8,64,12.107,12.064,12.118,12.096,0.024,5,5000,500,4,df3e3c0
phase6,6,8,151936,100,bfloat16,8,64,24.522,24.510,24.523,24.519,0.006,5,4854,485,4,df3e3c0
phase7,7,8,151936,100,bfloat16,8,64,30.695,30.693,30.709,30.698,0.008,5,3840,384,4,df3e3c0
full,7,8,151936,100,bfloat16,8,64,30.742,30.741,30.749,30.744,0.004,5,3753,375,4,df3e3c0
noop,0,8,151936,100,bfloat16,8,64,2.513,2.506,2.523,2.514,0.008,5,5000,500,4,df3e3c0
phase1,1,8,151936,100,bfloat16,8,64,4.140,4.134,4.155,4.143,0.009,5,5000,500,4,df3e3c0
phase2,2,8,151936,100,bfloat16,8,64,4.261,4.255,4.265,4.261,0.004,5,5000,500,4,df3e3c0
phase3,3,8,151936,100,bfloat16,8,64,6.522,6.199,6.606,6.426,0.208,5,5000,500,4,df3e3c0
phase4,4,16,151936,20,bfloat16,8,128,10.237,10.233,10.241,10.237,0.004,5,5000,500,4,df3e3c0
phase5,5,16,151936,20,bfloat16,8,128,14.339,14.337,14.340,14.339,0.001,5,5000,500,4,df3e3c0
phase6,6,16,151936,20,bfloat16,8,128,19.724,19.712,19.760,19.732,0.021,5,5000,500,4,df3e3c0
phase7,7,16,151936,20,bfloat16,8,128,23.091,23.070,23.121,23.094,0.022,5,5000,500,4,df3e3c0
full,7,16,151936,20,bfloat16,8,128,23.115,23.096,23.129,23.114,0.014,5,5000,500,4,df3e3c0
noop,0,16,151936,20,bfloat16,8,128,2.527,2.512,2.533,2.524,0.010,5,5000,500,4,df3e3c0
phase1,1,16,151936,20,bfloat16,8,128,6.167,6.161,6.171,6.166,0.004,5,5000,500,4,df3e3c0
phase2,2,16,151936,20,bfloat16,8,128,6.172,6.170,6.177,6.173,0.003,5,5000,500,4,df3e3c0
phase3,3,16,151936,20,bfloat16,8,128,10.238,10.227,10.239,10.235,0.006,5,5000,500,4,df3e3c0
phase4,4,16,151936,50,bfloat16,8,128,10.240,10.227,10.247,10.237,0.009,5,5000,500,4,df3e3c0
phase5,5,16,151936,50,bfloat16,8,128,14.372,14.367,14.374,14.371,0.003,5,5000,500,4,df3e3c0
phase6,6,16,151936,50,bfloat16,8,128,22.529,22.528,22.531,22.529,0.001,5,5000,500,4,df3e3c0
phase7,7,16,151936,50,bfloat16,8,128,26.622,26.621,26.623,26.622,0.001,5,4415,441,4,df3e3c0
full,7,16,151936,50,bfloat16,8,128,26.626,26.624,26.627,26.626,0.002,5,4401,440,4,df3e3c0
noop,0,16,151936,50,bfloat16,8,128,2.512,2.507,2.528,2.515,0.009,5,5000,500,4,df3e3c0
phase1,1,16,151936,50,bfloat16,8,128,6.169,6.167,6.192,6.175,0.013,5,5000,500,4,df3e3c0
phase2,2,16,151936,50,bfloat16,8,128,6.173,6.169,6.178,6.173,0.004,5,5000,500,4,df3e3c0
phase3,3,16,151936,50,bfloat16,8,128,10.235,10.226,10.239,10.233,0.006,5,5000,500,4,df3e3c0
phase4,4,16,151936,100,bfloat16,8,128,10.239,10.231,10.248,10.239,0.007,5,5000,500,4,df3e3c0
phase5,5,16,151936,100,bfloat16,8,128,15.543,15.473,15.560,15.528,0.041,5,5000,500,4,df3e3c0
phase6,6,16,151936,100,bfloat16,8,128,26.623,26.622,26.625,26.623,0.001,5,4454,445,4,df3e3c0
phase7,7,16,151936,100,bfloat16,8,128,32.803,32.794,32.816,32.803,0.009,5,3555,355,4,df3e3c0
full,7,16,151936,100,bfloat16,8,128,32.888,32.879,32.904,32.890,0.011,5,3593,359,4,df3e3c0
noop,0,16,151936,100,bfloat16,8,128,2.512,2.509,2.517,2.513,0.004,5,5000,500,4,df3e3c0
phase1,1,16,151936,100,bfloat16,8,128,6.172,6.171,6.177,6.174,0.003,5,5000,500,4,df3e3c0
phase2,2,16,151936,100,bfloat16,8,128,6.174,6.168,6.177,6.173,0.004,5,5000,500,4,df3e3c0
phase3,3,16,151936,100,bfloat16,8,128,10.227,10.226,10.237,10.230,0.005,5,5000,500,4,df3e3c0
phase4,4,32,151936,20,bfloat16,4,128,16.389,16.386,16.391,16.389,0.002,5,5000,500,4,df3e3c0
phase5,5,32,151936,20,bfloat16,4,128,24.417,24.405,24.428,24.418,0.010,5,5000,500,4,df3e3c0
phase6,6,32,151936,20,bfloat16,4,128,28.671,28.670,28.673,28.671,0.001,5,4126,412,4,df3e3c0
phase7,7,32,151936,20,bfloat16,4,128,30.714,30.714,30.717,30.715,0.001,5,3869,386,4,df3e3c0
full,7,32,151936,20,bfloat16,4,128,30.714,30.713,30.716,30.714,0.001,5,3855,385,4,df3e3c0
noop,0,32,151936,20,bfloat16,4,128,2.521,2.513,2.530,2.521,0.008,5,5000,500,4,df3e3c0
phase1,1,32,151936,20,bfloat16,4,128,8.201,8.181,8.314,8.233,0.062,5,5000,500,4,df3e3c0
phase2,2,32,151936,20,bfloat16,4,128,8.395,8.224,8.402,8.334,0.090,5,5000,500,4,df3e3c0
phase3,3,32,151936,20,bfloat16,4,128,16.385,16.379,16.405,16.389,0.012,5,5000,500,4,df3e3c0
phase4,4,32,151936,50,bfloat16,4,128,16.392,16.385,16.393,16.390,0.004,5,5000,500,4,df3e3c0
phase5,5,32,151936,50,bfloat16,4,128,24.592,24.588,24.595,24.592,0.003,5,4974,497,4,df3e3c0
phase6,6,32,151936,50,bfloat16,4,128,29.868,29.821,29.898,29.865,0.034,5,4103,410,4,df3e3c0
phase7,7,32,151936,50,bfloat16,4,128,34.812,34.812,34.815,34.813,0.002,5,3411,341,4,df3e3c0
full,7,32,151936,50,bfloat16,4,128,34.794,34.793,34.799,34.796,0.003,5,3402,340,4,df3e3c0
noop,0,32,151936,50,bfloat16,4,128,2.510,2.496,2.523,2.509,0.012,5,5000,500,4,df3e3c0
phase1,1,32,151936,50,bfloat16,4,128,8.205,8.173,8.320,8.232,0.068,5,5000,500,4,df3e3c0
phase2,2,32,151936,50,bfloat16,4,128,8.216,8.213,8.412,8.293,0.107,5,5000,500,4,df3e3c0
phase3,3,32,151936,50,bfloat16,4,128,16.386,16.380,16.388,16.385,0.004,5,5000,500,4,df3e3c0
phase4,4,32,151936,100,bfloat16,4,128,16.395,16.387,16.398,16.394,0.005,5,5000,500,4,df3e3c0
phase5,5,32,151936,100,bfloat16,4,128,25.371,25.333,25.375,25.362,0.021,5,4826,482,4,df3e3c0
phase6,6,32,151936,100,bfloat16,4,128,32.667,32.653,32.680,32.668,0.012,5,3738,373,4,df3e3c0
phase7,7,32,151936,100,bfloat16,4,128,38.947,38.946,38.954,38.949,0.004,5,3058,305,4,df3e3c0
full,7,32,151936,100,bfloat16,4,128,38.514,38.492,38.539,38.515,0.021,5,3105,310,4,df3e3c0
noop,0,32,151936,100,bfloat16,4,128,2.517,2.509,2.531,2.519,0.010,5,5000,500,4,df3e3c0
phase1,1,32,151936,100,bfloat16,4,128,8.204,8.170,8.277,8.210,0.051,5,5000,500,4,df3e3c0
phase2,2,32,151936,100,bfloat16,4,128,8.430,8.231,8.464,8.369,0.111,5,5000,500,4,df3e3c0
phase3,3,32,151936,100,bfloat16,4,128,16.389,16.381,16.390,16.387,0.005,5,5000,500,4,df3e3c0
phase5,5,1,151936,20,bfloat16,8,8,10.260,10.259,10.267,10.261,0.004,5,5000,500,5,df3e3c0
phase6,6,1,151936,20,bfloat16,8,8,16.408,16.406,16.409,16.408,0.002,5,5000,500,5,df3e3c0
phase7,7,1,151936,20,bfloat16,8,8,18.588,18.579,18.605,18.591,0.011,5,5000,500,5,df3e3c0
full,7,1,151936,20,bfloat16,8,8,19.842,19.831,19.868,19.848,0.018,5,5000,500,5,df3e3c0
noop,0,1,151936,20,bfloat16,8,8,2.510,2.503,2.515,2.509,0.006,5,5000,500,5,df3e3c0
phase1,1,1,151936,20,bfloat16,8,8,4.136,4.123,4.145,4.133,0.010,5,5000,500,5,df3e3c0
phase2,2,1,151936,20,bfloat16,8,8,4.202,4.196,4.215,4.204,0.008,5,5000,500,5,df3e3c0
phase3,3,1,151936,20,bfloat16,8,8,6.469,6.428,6.481,6.462,0.026,5,5000,500,5,df3e3c0
phase4,4,1,151936,20,bfloat16,8,8,6.605,6.272,6.612,6.513,0.174,5,5000,500,5,df3e3c0
phase5,5,1,151936,50,bfloat16,8,8,10.274,10.267,10.276,10.272,0.004,5,5000,500,5,df3e3c0
phase6,6,1,151936,50,bfloat16,8,8,18.421,18.420,18.425,18.422,0.002,5,5000,500,5,df3e3c0
phase7,7,1,151936,50,bfloat16,8,8,22.515,22.513,22.516,22.514,0.001,5,5000,500,5,df3e3c0
full,7,1,151936,50,bfloat16,8,8,22.516,22.515,22.517,22.516,0.001,5,5000,500,5,df3e3c0
noop,0,1,151936,50,bfloat16,8,8,2.516,2.509,2.530,2.519,0.010,5,5000,500,5,df3e3c0
phase1,1,1,151936,50,bfloat16,8,8,4.122,4.101,4.145,4.123,0.019,5,5000,500,5,df3e3c0
phase2,2,1,151936,50,bfloat16,8,8,4.195,4.177,4.198,4.190,0.010,5,5000,500,5,df3e3c0
phase3,3,1,151936,50,bfloat16,8,8,6.469,6.430,6.479,6.462,0.024,5,5000,500,5,df3e3c0
phase4,4,1,151936,50,bfloat16,8,8,6.622,6.568,6.631,6.611,0.032,5,5000,500,5,df3e3c0
phase5,5,1,151936,100,bfloat16,8,8,11.763,11.648,11.782,11.723,0.068,5,5000,500,5,df3e3c0
phase6,6,1,151936,100,bfloat16,8,8,23.917,23.905,23.923,23.917,0.009,5,4982,498,5,df3e3c0
phase7,7,1,151936,100,bfloat16,8,8,28.058,28.045,28.328,28.123,0.151,5,4236,423,5,df3e3c0
full,7,1,151936,100,bfloat16,8,8,28.549,28.496,28.813,28.609,0.149,5,4097,409,5,df3e3c0
noop,0,1,151936,100,bfloat16,8,8,2.526,2.513,2.539,2.525,0.012,5,5000,500,5,df3e3c0
phase1,1,1,151936,100,bfloat16,8,8,4.135,4.134,4.139,4.136,0.002,5,5000,500,5,df3e3c0
phase2,2,1,151936,100,bfloat16,8,8,4.188,4.186,4.197,4.190,0.005,5,5000,500,5,df3e3c0
phase3,3,1,151936,100,bfloat16,8,8,6.367,6.342,6.373,6.362,0.015,5,5000,500,5,df3e3c0
phase4,4,1,151936,100,bfloat16,8,8,6.605,6.553,6.608,6.592,0.029,5,5000,500,5,df3e3c0
phase5,5,4,151936,20,bfloat16,8,32,10.261,10.259,10.267,10.262,0.004,5,5000,500,5,df3e3c0
phase6,6,4,151936,20,bfloat16,8,32,16.407,16.404,16.408,16.406,0.002,5,5000,500,5,df3e3c0
phase7,7,4,151936,20,bfloat16,8,32,20.471,20.470,20.476,20.472,0.003,5,5000,500,5,df3e3c0
full,7,4,151936,20,bfloat16,8,32,20.473,20.472,20.476,20.474,0.002,5,5000,500,5,df3e3c0
noop,0,4,151936,20,bfloat16,8,32,2.521,2.515,2.528,2.522,0.006,5,5000,500,5,df3e3c0
phase1,1,4,151936,20,bfloat16,8,32,4.143,4.130,4.148,4.141,0.008,5,5000,500,5,df3e3c0
phase2,2,4,151936,20,bfloat16,8,32,4.235,4.221,4.253,4.236,0.015,5,5000,500,5,df3e3c0
phase3,3,4,151936,20,bfloat16,8,32,6.589,6.531,6.591,6.575,0.033,5,5000,500,5,df3e3c0
phase4,4,4,151936,20,bfloat16,8,32,8.002,7.994,8.035,8.011,0.020,5,5000,500,5,df3e3c0
phase5,5,4,151936,50,bfloat16,8,32,10.500,10.258,10.519,10.409,0.139,5,5000,500,5,df3e3c0
phase6,6,4,151936,50,bfloat16,8,32,18.417,18.415,18.418,18.417,0.002,5,5000,500,5,df3e3c0
phase7,7,4,151936,50,bfloat16,8,32,22.511,22.511,22.512,22.511,0.001,5,5000,500,5,df3e3c0
full,7,4,151936,50,bfloat16,8,32,22.538,22.534,22.540,22.538,0.003,5,5000,500,5,df3e3c0
noop,0,4,151936,50,bfloat16,8,32,2.514,2.509,2.529,2.518,0.009,5,5000,500,5,df3e3c0
phase1,1,4,151936,50,bfloat16,8,32,4.136,4.133,4.142,4.137,0.004,5,5000,500,5,df3e3c0
phase2,2,4,151936,50,bfloat16,8,32,4.242,4.230,4.247,4.238,0.008,5,5000,500,5,df3e3c0
phase3,3,4,151936,50,bfloat16,8,32,6.587,6.528,6.593,6.574,0.034,5,5000,500,5,df3e3c0
phase4,4,4,151936,50,bfloat16,8,32,7.961,7.928,7.975,7.954,0.021,5,5000,500,5,df3e3c0
phase5,5,4,151936,100,bfloat16,8,32,12.286,12.282,12.287,12.285,0.002,5,5000,500,5,df3e3c0
phase6,6,4,151936,100,bfloat16,8,32,24.556,24.555,24.575,24.561,0.010,5,4818,481,5,df3e3c0
phase7,7,4,151936,100,bfloat16,8,32,30.704,30.703,30.705,30.704,0.001,5,3847,384,5,df3e3c0
full,7,4,151936,100,bfloat16,8,32,30.748,30.744,30.755,30.749,0.005,5,3829,382,5,df3e3c0
noop,0,4,151936,100,bfloat16,8,32,2.523,2.512,2.538,2.523,0.011,5,5000,500,5,df3e3c0
phase1,1,4,151936,100,bfloat16,8,32,4.143,4.137,4.150,4.144,0.006,5,5000,500,5,df3e3c0
phase2,2,4,151936,100,bfloat16,8,32,4.232,4.221,4.243,4.231,0.010,5,5000,500,5,df3e3c0
phase3,3,4,151936,100,bfloat16,8,32,6.584,6.527,6.591,6.572,0.033,5,5000,500,5,df3e3c0
phase4,4,4,151936,100,bfloat16,8,32,8.023,7.997,8.046,8.025,0.023,5,5000,500,5,df3e3c0
phase5,5,8,151936,20,bfloat16,8,64,10.258,10.250,10.265,10.257,0.007,5,5000,500,5,df3e3c0
phase6,6,8,151936,20,bfloat16,8,64,16.408,16.403,16.409,16.407,0.003,5,5000,500,5,df3e3c0
phase7,7,8,151936,20,bfloat16,8,64,20.485,20.484,20.487,20.485,0.002,5,5000,500,5,df3e3c0
full,7,8,151936,20,bfloat16,8,64,20.485,20.483,20.487,20.485,0.002,5,5000,500,5,df3e3c0
noop,0,8,151936,20,bfloat16,8,64,2.529,2.520,2.534,2.528,0.007,5,5000,500,5,df3e3c0
phase1,1,8,151936,20,bfloat16,8,64,4.143,4.136,4.149,4.144,0.006,5,5000,500,5,df3e3c0
phase2,2,8,151936,20,bfloat16,8,64,4.258,4.249,4.263,4.257,0.006,5,5000,500,5,df3e3c0
phase3,3,8,151936,20,bfloat16,8,64,6.594,6.534,6.595,6.579,0.033,5,5000,500,5,df3e3c0
phase4,4,8,151936,20,bfloat16,8,64,8.176,8.170,8.184,8.177,0.006,5,5000,500,5,df3e3c0
phase5,5,8,151936,50,bfloat16,8,64,10.646,10.325,10.651,10.557,0.168,5,5000,500,5,df3e3c0
phase6,6,8,151936,50,bfloat16,8,64,18.418,18.417,18.419,18.418,0.001,5,5000,500,5,df3e3c0
phase7,7,8,151936,50,bfloat16,8,64,22.555,22.554,22.560,22.556,0.003,5,5000,500,5,df3e3c0
full,7,8,151936,50,bfloat16,8,64,22.556,22.553,22.558,22.556,0.002,5,4990,499,5,df3e3c0
noop,0,8,151936,50,bfloat16,8,64,2.515,2.510,2.530,2.519,0.010,5,5000,500,5,df3e3c0
phase1,1,8,151936,50,bfloat16,8,64,4.148,4.138,4.150,4.145,0.006,5,5000,500,5,df3e3c0
phase2,2,8,151936,50,bfloat16,8,64,4.258,4.253,4.263,4.258,0.004,5,5000,500,5,df3e3c0
phase3,3,8,151936,50,bfloat16,8,64,6.595,6.540,6.598,6.582,0.031,5,5000,500,5,df3e3c0
phase4,4,8,151936,50,bfloat16,8,64,8.179,8.169,8.181,8.176,0.006,5,5000,500,5,df3e3c0
phase5,5,8,151936,100,bfloat16,8,64,12.274,12.269,12.293,12.277,0.012,5,5000,500,5,df3e3c0
phase6,6,8,151936,100,bfloat16,8,64,24.550,24.548,24.550,24.549,0.001,5,4861,486,5,df3e3c0
phase7,7,8,151936,100,bfloat16,8,64,30.730,30.728,30.732,30.730,0.002,5,3802,380,5,df3e3c0
full,7,8,151936,100,bfloat16,8,64,30.824,30.819,30.827,30.823,0.004,5,3829,382,5,df3e3c0
noop,0,8,151936,100,bfloat16,8,64,2.525,2.518,2.539,2.526,0.009,5,5000,500,5,df3e3c0
phase1,1,8,151936,100,bfloat16,8,64,4.142,4.136,4.145,4.141,0.004,5,5000,500,5,df3e3c0
phase2,2,8,151936,100,bfloat16,8,64,4.243,4.240,4.260,4.247,0.009,5,5000,500,5,df3e3c0
phase3,3,8,151936,100,bfloat16,8,64,6.595,6.265,6.599,6.502,0.171,5,5000,500,5,df3e3c0
phase4,4,8,151936,100,bfloat16,8,64,8.173,8.167,8.182,8.174,0.007,5,5000,500,5,df3e3c0
phase5,5,16,151936,20,bfloat16,8,128,14.339,14.338,14.342,14.340,0.002,5,5000,500,5,df3e3c0
phase6,6,16,151936,20,bfloat16,8,128,20.139,20.135,20.150,20.142,0.007,5,5000,500,5,df3e3c0
phase7,7,16,151936,20,bfloat16,8,128,23.390,23.389,23.408,23.395,0.009,5,5000,500,5,df3e3c0
full,7,16,151936,20,bfloat16,8,128,23.385,23.374,23.416,23.392,0.019,5,5000,500,5,df3e3c0
noop,0,16,151936,20,bfloat16,8,128,2.505,2.500,2.518,2.508,0.009,5,5000,500,5,df3e3c0
phase1,1,16,151936,20,bfloat16,8,128,6.164,6.160,6.169,6.164,0.004,5,5000,500,5,df3e3c0
phase2,2,16,151936,20,bfloat16,8,128,6.173,6.168,6.182,6.175,0.006,5,5000,500,5,df3e3c0
phase3,3,16,151936,20,bfloat16,8,128,10.229,10.225,10.237,10.231,0.006,5,5000,500,5,df3e3c0
phase4,4,16,151936,20,bfloat16,8,128,10.238,10.227,10.248,10.236,0.009,5,5000,500,5,df3e3c0
phase5,5,16,151936,50,bfloat16,8,128,14.492,14.479,14.509,14.495,0.013,5,5000,500,5,df3e3c0
phase6,6,16,151936,50,bfloat16,8,128,22.524,22.522,22.526,22.524,0.002,5,5000,500,5,df3e3c0
phase7,7,16,151936,50,bfloat16,8,128,26.612,26.612,26.634,26.618,0.011,5,4476,447,5,df3e3c0
full,7,16,151936,50,bfloat16,8,128,26.618,26.616,26.619,26.618,0.001,5,4427,442,5,df3e3c0
noop,0,16,151936,50,bfloat16,8,128,2.520,2.512,2.532,2.522,0.009,5,5000,500,5,df3e3c0
phase1,1,16,151936,50,bfloat16,8,128,6.168,6.166,6.172,6.169,0.003,5,5000,500,5,df3e3c0
phase2,2,16,151936,50,bfloat16,8,128,6.168,6.167,6.179,6.172,0.007,5,5000,500,5,df3e3c0
phase3,3,16,151936,50,bfloat16,8,128,10.226,10.225,10.236,10.229,0.005,5,5000,500,5,df3e3c0
phase4,4,16,151936,50,bfloat16,8,128,10.237,10.228,10.246,10.237,0.009,5,5000,500,5,df3e3c0
phase5,5,16,151936,100,bfloat16,8,128,15.450,15.394,15.472,15.444,0.037,5,5000,500,5,df3e3c0
phase6,6,16,151936,100,bfloat16,8,128,26.621,26.619,26.626,26.622,0.003,5,4456,445,5,df3e3c0
phase7,7,16,151936,100,bfloat16,8,128,33.023,33.005,33.049,33.024,0.019,5,3596,359,5,df3e3c0
full,7,16,151936,100,bfloat16,8,128,32.956,32.952,32.961,32.956,0.004,5,3591,359,5,df3e3c0
noop,0,16,151936,100,bfloat16,8,128,2.517,2.509,2.524,2.517,0.007,5,5000,500,5,df3e3c0
phase1,1,16,151936,100,bfloat16,8,128,6.172,6.170,6.175,6.172,0.002,5,5000,500,5,df3e3c0
phase2,2,16,151936,100,bfloat16,8,128,6.175,6.171,6.177,6.174,0.002,5,5000,500,5,df3e3c0
phase3,3,16,151936,100,bfloat16,8,128,10.227,10.224,10.228,10.226,0.002,5,5000,500,5,df3e3c0
phase4,4,16,151936,100,bfloat16,8,128,10.236,10.229,10.244,10.236,0.007,5,5000,500,5,df3e3c0
phase5,5,32,151936,20,bfloat16,4,128,24.540,24.529,24.541,24.538,0.006,5,5000,500,5,df3e3c0
phase6,6,32,151936,20,bfloat16,4,128,28.670,28.668,28.672,28.670,0.002,5,4130,413,5,df3e3c0
phase7,7,32,151936,20,bfloat16,4,128,30.720,30.720,30.724,30.721,0.002,5,3867,386,5,df3e3c0
full,7,32,151936,20,bfloat16,4,128,30.722,30.719,30.763,30.732,0.023,5,3859,385,5,df3e3c0
noop,0,32,151936,20,bfloat16,4,128,2.526,2.513,2.534,2.525,0.009,5,5000,500,5,df3e3c0
phase1,1,32,151936,20,bfloat16,4,128,8.213,8.171,8.305,8.227,0.062,5,5000,500,5,df3e3c0
phase2,2,32,151936,20,bfloat16,4,128,8.373,8.210,8.387,8.313,0.093,5,5000,500,5,df3e3c0
phase3,3,32,151936,20,bfloat16,4,128,16.385,16.379,16.389,16.385,0.005,5,5000,500,5,df3e3c0
phase4,4,32,151936,20,bfloat16,4,128,16.391,16.382,16.392,16.389,0.005,5,5000,500,5,df3e3c0
phase5,5,32,151936,50,bfloat16,4,128,24.593,24.578,24.593,24.588,0.007,5,4925,492,5,df3e3c0
phase6,6,32,151936,50,bfloat16,4,128,29.818,29.804,29.841,29.822,0.017,5,4129,412,5,df3e3c0
phase7,7,32,151936,50,bfloat16,4,128,34.812,34.810,34.813,34.811,0.001,5,3410,341,5,df3e3c0
full,7,32,151936,50,bfloat16,4,128,34.802,34.800,34.805,34.802,0.002,5,3406,340,5,df3e3c0
noop,0,32,151936,50,bfloat16,4,128,2.517,2.512,2.528,2.519,0.007,5,5000,500,5,df3e3c0
phase1,1,32,151936,50,bfloat16,4,128,8.198,8.170,8.319,8.229,0.071,5,5000,500,5,df3e3c0
phase2,2,32,151936,50,bfloat16,4,128,8.403,8.235,8.411,8.354,0.086,5,5000,500,5,df3e3c0
phase3,3,32,151936,50,bfloat16,4,128,16.388,16.381,16.388,16.386,0.004,5,5000,500,5,df3e3c0
phase4,4,32,151936,50,bfloat16,4,128,16.394,16.387,16.400,16.393,0.006,5,5000,500,5,df3e3c0
phase5,5,32,151936,100,bfloat16,4,128,25.171,25.133,25.177,25.162,0.021,5,4828,482,5,df3e3c0
phase6,6,32,151936,100,bfloat16,4,128,32.543,32.526,32.550,32.542,0.011,5,3768,376,5,df3e3c0
phase7,7,32,151936,100,bfloat16,4,128,38.895,38.892,38.924,38.901,0.017,5,3068,306,5,df3e3c0
full,7,32,151936,100,bfloat16,4,128,38.490,38.469,38.496,38.486,0.012,5,3082,308,5,df3e3c0
noop,0,32,151936,100,bfloat16,4,128,2.535,2.526,2.540,2.533,0.006,5,5000,500,5,df3e3c0
phase1,1,32,151936,100,bfloat16,4,128,8.198,8.173,8.350,8.239,0.085,5,5000,500,5,df3e3c0
phase2,2,32,151936,100,bfloat16,4,128,8.281,8.222,8.447,8.323,0.109,5,5000,500,5,df3e3c0
phase3,3,32,151936,100,bfloat16,4,128,16.388,16.382,16.390,16.387,0.004,5,5000,500,5,df3e3c0
phase4,4,32,151936,100,bfloat16,4,128,16.401,16.392,16.414,16.403,0.009,5,5000,500,5,df3e3c0
phase6,6,1,151936,20,bfloat16,8,8,16.390,16.388,16.393,16.390,0.002,5,5000,500,6,df3e3c0
phase7,7,1,151936,20,bfloat16,8,8,20.474,20.472,20.476,20.474,0.002,5,5000,500,6,df3e3c0
full,7,1,151936,20,bfloat16,8,8,20.474,20.474,20.476,20.474,0.001,5,5000,500,6,df3e3c0
noop,0,1,151936,20,bfloat16,8,8,2.515,2.506,2.522,2.514,0.007,5,5000,500,6,df3e3c0
phase1,1,1,151936,20,bfloat16,8,8,4.127,4.108,4.135,4.123,0.012,5,5000,500,6,df3e3c0
phase2,2,1,151936,20,bfloat16,8,8,4.200,4.192,4.207,4.200,0.007,5,5000,500,6,df3e3c0
phase3,3,1,151936,20,bfloat16,8,8,6.489,6.439,6.497,6.478,0.028,5,5000,500,6,df3e3c0
phase4,4,1,151936,20,bfloat16,8,8,6.236,6.234,6.627,6.392,0.214,5,5000,500,6,df3e3c0
phase5,5,1,151936,20,bfloat16,8,8,10.245,10.237,10.254,10.245,0.008,5,5000,500,6,df3e3c0
phase6,6,1,151936,50,bfloat16,8,8,18.418,18.416,18.421,18.419,0.002,5,5000,500,6,df3e3c0
phase7,7,1,151936,50,bfloat16,8,8,22.511,22.509,22.512,22.511,0.001,5,5000,500,6,df3e3c0
full,7,1,151936,50,bfloat16,8,8,22.515,22.512,22.516,22.514,0.002,5,5000,500,6,df3e3c0
noop,0,1,151936,50,bfloat16,8,8,2.516,2.502,2.521,2.513,0.009,5,5000,500,6,df3e3c0
phase1,1,1,151936,50,bfloat16,8,8,4.134,4.129,4.139,4.134,0.005,5,5000,500,6,df3e3c0
phase2,2,1,151936,50,bfloat16,8,8,4.188,4.172,4.195,4.185,0.010,5,5000,500,6,df3e3c0
phase3,3,1,151936,50,bfloat16,8,8,6.514,6.469,6.522,6.504,0.026,5,5000,500,6,df3e3c0
phase4,4,1,151936,50,bfloat16,8,8,6.662,6.606,6.667,6.650,0.033,5,5000,500,6,df3e3c0
phase5,5,1,151936,50,bfloat16,8,8,10.589,10.257,10.663,10.486,0.210,5,5000,500,6,df3e3c0
phase6,6,1,151936,100,bfloat16,8,8,24.542,24.542,24.566,24.548,0.013,5,4859,485,6,df3e3c0
phase7,7,1,151936,100,bfloat16,8,8,28.673,28.671,28.676,28.673,0.002,5,4085,408,6,df3e3c0
full,7,1,151936,100,bfloat16,8,8,29.239,29.230,29.257,29.242,0.013,5,3975,397,6,df3e3c0
noop,0,1,151936,100,bfloat16,8,8,2.523,2.518,2.531,2.524,0.006,5,5000,500,6,df3e3c0
phase1,1,1,151936,100,bfloat16,8,8,4.137,4.097,4.146,4.128,0.023,5,5000,500,6,df3e3c0
phase2,2,1,151936,100,bfloat16,8,8,4.195,4.181,4.208,4.195,0.012,5,5000,500,6,df3e3c0
phase3,3,1,151936,100,bfloat16,8,8,6.503,6.451,6.510,6.492,0.030,5,5000,500,6,df3e3c0
phase4,4,1,151936,100,bfloat16,8,8,6.222,6.214,6.609,6.363,0.202,5,5000,500,6,df3e3c0
phase5,5,1,151936,100,bfloat16,8,8,12.269,12.262,12.274,12.269,0.005,5,5000,500,6,df3e3c0
phase6,6,4,151936,20,bfloat16,8,32,16.409,16.408,16.411,16.409,0.001,5,5000,500,6,df3e3c0
phase7,7,4,151936,20,bfloat16,8,32,18.624,18.556,18.837,18.678,0.136,5,5000,500,6,df3e3c0
full,7,4,151936,20,bfloat16,8,32,19.774,19.724,19.781,19.762,0.028,5,5000,500,6,df3e3c0
noop,0,4,151936,20,bfloat16,8,32,2.526,2.515,2.531,2.524,0.007,5,5000,500,6,df3e3c0
phase1,1,4,151936,20,bfloat16,8,32,4.137,4.132,4.139,4.136,0.003,5,5000,500,6,df3e3c0
phase2,2,4,151936,20,bfloat16,8,32,4.237,4.226,4.248,4.236,0.010,5,5000,500,6,df3e3c0
phase3,3,4,151936,20,bfloat16,8,32,6.589,6.530,6.590,6.574,0.032,5,5000,500,6,df3e3c0
phase4,4,4,151936,20,bfloat16,8,32,7.777,7.763,7.833,7.792,0.034,5,5000,500,6,df3e3c0
phase5,5,4,151936,20,bfloat16,8,32,10.258,10.254,10.263,10.258,0.004,5,5000,500,6,df3e3c0
phase6,6,4,151936,50,bfloat16,8,32,18.417,18.417,18.418,18.417,0.001,5,5000,500,6,df3e3c0
phase7,7,4,151936,50,bfloat16,8,32,22.511,22.511,22.512,22.511,0.001,5,5000,500,6,df3e3c0
full,7,4,151936,50,bfloat16,8,32,22.513,22.512,22.515,22.513,0.002,5,5000,500,6,df3e3c0
noop,0,4,151936,50,bfloat16,8,32,2.532,2.526,2.539,2.532,0.005,5,5000,500,6,df3e3c0
phase1,1,4,151936,50,bfloat16,8,32,4.136,4.131,4.145,4.137,0.007,5,5000,500,6,df3e3c0
phase2,2,4,151936,50,bfloat16,8,32,4.227,4.214,4.248,4.231,0.015,5,5000,500,6,df3e3c0
phase3,3,4,151936,50,bfloat16,8,32,6.590,6.526,6.592,6.574,0.035,5,5000,500,6,df3e3c0
phase4,4,4,151936,50,bfloat16,8,32,7.727,7.587,7.762,7.701,0.083,5,5000,500,6,df3e3c0
phase5,5,4,151936,50,bfloat16,8,32,10.539,10.313,10.542,10.482,0.125,5,5000,500,6,df3e3c0
phase6,6,4,151936,100,bfloat16,8,32,24.546,24.545,24.550,24.548,0.002,5,4824,482,6,df3e3c0
phase7,7,4,151936,100,bfloat16,8,32,28.676,28.675,28.676,28.676,0.001,5,4081,408,6,df3e3c0
full,7,4,151936,100,bfloat16,8,32,29.269,29.230,29.302,29.268,0.031,5,3898,389,6,df3e3c0
noop,0,4,151936,100,bfloat16,8,32,2.542,2.533,2.546,2.541,0.006,5,5000,500,6,df3e3c0
phase1,1,4,151936,100,bfloat16,8,32,4.141,4.130,4.149,4.140,0.008,5,5000,500,6,df3e3c0
phase2,2,4,151936,100,bfloat16,8,32,4.230,4.228,4.257,4.237,0.014,5,5000,500,6,df3e3c0
phase3,3,4,151936,100,bfloat16,8,32,6.587,6.526,6.589,6.572,0.034,5,5000,500,6,df3e3c0
phase4,4,4,151936,100,bfloat16,8,32,7.725,7.721,7.789,7.740,0.036,5,5000,500,6,df3e3c0
phase5,5,4,151936,100,bfloat16,8,32,12.279,12.271,12.280,12.277,0.004,5,5000,500,6,df3e3c0
phase6,6,8,151936,20,bfloat16,8,64,16.407,16.404,16.408,16.406,0.002,5,5000,500,6,df3e3c0
phase7,7,8,151936,20,bfloat16,8,64,20.471,20.470,20.473,20.471,0.001,5,5000,500,6,df3e3c0
full,7,8,151936,20,bfloat16,8,64,20.426,20.422,20.428,20.425,0.003,5,5000,500,6,df3e3c0
noop,0,8,151936,20,bfloat16,8,64,2.523,2.518,2.539,2.526,0.009,5,5000,500,6,df3e3c0
phase1,1,8,151936,20,bfloat16,8,64,4.143,4.139,4.145,4.142,0.003,5,5000,500,6,df3e3c0
phase2,2,8,151936,20,bfloat16,8,64,4.243,4.239,4.275,4.253,0.017,5,5000,500,6,df3e3c0
phase3,3,8,151936,20,bfloat16,8,64,6.592,6.532,6.595,6.578,0.034,5,5000,500,6,df3e3c0
phase4,4,8,151936,20,bfloat16,8,64,8.182,8.171,8.184,8.180,0.006,5,5000,500,6,df3e3c0
phase5,5,8,151936,20,bfloat16,8,64,10.387,10.277,10.392,10.357,0.058,5,5000,500,6,df3e3c0
phase6,6,8,151936,50,bfloat16,8,64,18.418,18.411,18.421,18.416,0.004,5,5000,500,6,df3e3c0
phase7,7,8,151936,50,bfloat16,8,64,22.555,22.555,22.560,22.556,0.003,5,5000,500,6,df3e3c0
full,7,8,151936,50,bfloat16,8,64,22.530,22.523,22.543,22.531,0.009,5,5000,500,6,df3e3c0
noop,0,8,151936,50,bfloat16,8,64,2.524,2.515,2.527,2.521,0.006,5,5000,500,6,df3e3c0
phase1,1,8,151936,50,bfloat16,8,64,4.139,4.137,4.165,4.149,0.015,5,5000,500,6,df3e3c0
phase2,2,8,151936,50,bfloat16,8,64,4.251,4.244,4.259,4.251,0.007,5,5000,500,6,df3e3c0
phase3,3,8,151936,50,bfloat16,8,64,6.591,6.260,6.594,6.498,0.172,5,5000,500,6,df3e3c0
phase4,4,8,151936,50,bfloat16,8,64,8.184,8.172,8.185,8.180,0.007,5,5000,500,6,df3e3c0
phase5,5,8,151936,50,bfloat16,8,64,10.627,10.321,10.633,10.542,0.160,5,5000,500,6,df3e3c0
phase6,6,8,151936,100,bfloat16,8,64,24.553,24.552,24.555,24.553,0.001,5,4816,481,6,df3e3c0
phase7,7,8,151936,100,bfloat16,8,64,30.705,30.704,30.707,30.705,0.002,5,3803,380,6,df3e3c0
full,7,8,151936,100,bfloat16,8,64,30.424,30.409,30.429,30.421,0.009,5,3897,389,6,df3e3c0
noop,0,8,151936,100,bfloat16,8,64,2.525,2.520,2.543,2.529,0.011,5,5000,500,6,df3e3c0
phase1,1,8,151936,100,bfloat16,8,64,4.146,4.140,4.155,4.146,0.007,5,5000,500,6,df3e3c0
phase2,2,8,151936,100,bfloat16,8,64,4.264,4.254,4.269,4.262,0.007,5,5000,500,6,df3e3c0
phase3,3,8,151936,100,bfloat16,8,64,6.633,6.572,6.646,6.623,0.037,5,5000,500,6,df3e3c0
phase4,4,8,151936,100,bfloat16,8,64,8.182,8.180,8.186,8.182,0.003,5,5000,500,6,df3e3c0
phase5,5,8,151936,100,bfloat16,8,64,12.288,12.284,12.289,12.287,0.002,5,5000,500,6,df3e3c0
phase6,6,16,151936,20,bfloat16,8,128,20.250,20.237,20.252,20.247,0.008,5,5000,500,6,df3e3c0
phase7,7,16,151936,20,bfloat16,8,128,23.588,23.581,23.610,23.594,0.014,5,5000,500,6,df3e3c0
full,7,16,151936,20,bfloat16,8,128,23.631,23.613,23.650,23.632,0.016,5,4993,499,6,df3e3c0
noop,0,16,151936,20,bfloat16,8,128,2.531,2.517,2.535,2.529,0.008,5,5000,500,6,df3e3c0
phase1,1,16,151936,20,bfloat16,8,128,6.171,6.169,6.174,6.171,0.002,5,5000,500,6,df3e3c0
phase2,2,16,151936,20,bfloat16,8,128,6.175,6.171,6.175,6.173,0.002,5,5000,500,6,df3e3c0
phase3,3,16,151936,20,bfloat16,8,128,10.228,10.227,10.239,10.232,0.006,5,5000,500,6,df3e3c0
phase4,4,16,151936,20,bfloat16,8,128,10.237,10.228,10.245,10.236,0.008,5,5000,500,6,df3e3c0
phase5,5,16,151936,20,bfloat16,8,128,14.340,14.340,14.342,14.341,0.001,5,5000,500,6,df3e3c0
phase6,6,16,151936,50,bfloat16,8,128,22.530,22.530,22.555,22.537,0.014,5,5000,500,6,df3e3c0
phase7,7,16,151936,50,bfloat16,8,128,26.624,26.623,26.626,26.624,0.001,5,4408,440,6,df3e3c0
full,7,16,151936,50,bfloat16,8,128,26.626,26.623,26.627,26.625,0.002,5,4433,443,6,df3e3c0
noop,0,16,151936,50,bfloat16,8,128,2.532,2.521,2.538,2.531,0.007,5,5000,500,6,df3e3c0
phase1,1,16,151936,50,bfloat16,8,128,6.170,6.168,6.174,6.171,0.003,5,5000,500,6,df3e3c0
phase2,2,16,151936,50,bfloat16,8,128,6.171,6.166,6.175,6.171,0.004,5,5000,500,6,df3e3c0
phase3,3,16,151936,50,bfloat16,8,128,10.227,10.226,10.238,10.231,0.006,5,5000,500,6,df3e3c0
phase4,4,16,151936,50,bfloat16,8,128,10.228,10.226,10.236,10.230,0.005,5,5000,500,6,df3e3c0
phase5,5,16,151936,50,bfloat16,8,128,14.394,14.363,14.397,14.387,0.018,5,5000,500,6,df3e3c0
phase6,6,16,151936,100,bfloat16,8,128,26.620,26.619,26.621,26.620,0.001,5,4456,445,6,df3e3c0
phase7,7,16,151936,100,bfloat16,8,128,32.778,32.777,32.779,32.778,0.001,5,3596,359,6,df3e3c0
full,7,16,151936,100,bfloat16,8,128,32.790,32.783,32.794,32.789,0.005,5,3551,355,6,df3e3c0
noop,0,16,151936,100,bfloat16,8,128,2.533,2.525,2.540,2.532,0.007,5,5000,500,6,df3e3c0
phase1,1,16,151936,100,bfloat16,8,128,6.172,6.165,6.176,6.171,0.004,5,5000,500,6,df3e3c0
phase2,2,16,151936,100,bfloat16,8,128,6.175,6.168,6.181,6.174,0.005,5,5000,500,6,df3e3c0
phase3,3,16,151936,100,bfloat16,8,128,10.235,10.225,10.237,10.232,0.006,5,5000,500,6,df3e3c0
phase4,4,16,151936,100,bfloat16,8,128,10.237,10.229,10.246,10.237,0.007,5,5000,500,6,df3e3c0
phase5,5,16,151936,100,bfloat16,8,128,15.539,15.511,15.565,15.539,0.024,5,5000,500,6,df3e3c0
phase6,6,32,151936,20,bfloat16,4,128,28.669,28.668,28.672,28.670,0.002,5,4112,411,6,df3e3c0
phase7,7,32,151936,20,bfloat16,4,128,30.726,30.725,30.764,30.736,0.021,5,3869,386,6,df3e3c0
full,7,32,151936,20,bfloat16,4,128,30.729,30.724,30.730,30.728,0.003,5,3835,383,6,df3e3c0
noop,0,32,151936,20,bfloat16,4,128,2.532,2.525,2.544,2.534,0.009,5,5000,500,6,df3e3c0
phase1,1,32,151936,20,bfloat16,4,128,8.209,8.171,8.253,8.206,0.037,5,5000,500,6,df3e3c0
phase2,2,32,151936,20,bfloat16,4,128,8.382,8.238,8.406,8.349,0.080,5,5000,500,6,df3e3c0
phase3,3,32,151936,20,bfloat16,4,128,16.386,16.379,16.389,16.385,0.004,5,5000,500,6,df3e3c0
phase4,4,32,151936,20,bfloat16,4,128,16.392,16.384,16.394,16.391,0.005,5,5000,500,6,df3e3c0
phase5,5,32,151936,20,bfloat16,4,128,24.572,24.565,24.575,24.571,0.004,5,5000,500,6,df3e3c0
phase6,6,32,151936,50,bfloat16,4,128,29.840,29.822,29.844,29.837,0.010,5,4110,411,6,df3e3c0
phase7,7,32,151936,50,bfloat16,4,128,34.812,34.811,34.813,34.812,0.001,5,3409,340,6,df3e3c0
full,7,32,151936,50,bfloat16,4,128,34.806,34.805,34.809,34.806,0.002,5,3402,340,6,df3e3c0
noop,0,32,151936,50,bfloat16,4,128,2.525,2.519,2.532,2.525,0.006,5,5000,500,6,df3e3c0
phase1,1,32,151936,50,bfloat16,4,128,8.201,8.171,8.353,8.241,0.086,5,5000,500,6,df3e3c0
phase2,2,32,151936,50,bfloat16,4,128,8.279,8.217,8.440,8.316,0.110,5,5000,500,6,df3e3c0
phase3,3,32,151936,50,bfloat16,4,128,16.387,16.381,16.389,16.386,0.003,5,5000,500,6,df3e3c0
phase4,4,32,151936,50,bfloat16,4,128,16.398,16.388,16.405,16.397,0.007,5,5000,500,6,df3e3c0
phase5,5,32,151936,50,bfloat16,4,128,24.604,24.598,24.609,24.603,0.005,5,4945,494,6,df3e3c0
phase6,6,32,151936,100,bfloat16,4,128,32.225,32.209,32.235,32.222,0.012,5,3787,378,6,df3e3c0
phase7,7,32,151936,100,bfloat16,4,128,38.914,38.911,38.917,38.914,0.003,5,3066,306,6,df3e3c0
full,7,32,151936,100,bfloat16,4,128,38.560,38.548,38.568,38.558,0.009,5,3090,309,6,df3e3c0
noop,0,32,151936,100,bfloat16,4,128,2.526,2.519,2.535,2.527,0.008,5,5000,500,6,df3e3c0
phase1,1,32,151936,100,bfloat16,4,128,8.221,8.169,8.358,8.246,0.088,5,5000,500,6,df3e3c0
phase2,2,32,151936,100,bfloat16,4,128,8.438,8.250,8.454,8.389,0.100,5,5000,500,6,df3e3c0
phase3,3,32,151936,100,bfloat16,4,128,16.387,16.381,16.390,16.386,0.004,5,5000,500,6,df3e3c0
phase4,4,32,151936,100,bfloat16,4,128,16.406,16.393,16.407,16.403,0.007,5,5000,500,6,df3e3c0
phase5,5,32,151936,100,bfloat16,4,128,25.005,24.962,25.031,25.001,0.031,5,4841,484,6,df3e3c0
phase7,7,1,151936,20,bfloat16,8,8,20.399,20.393,20.402,20.398,0.005,5,5000,500,7,df3e3c0
full,7,1,151936,20,bfloat16,8,8,20.480,20.477,20.480,20.479,0.002,5,5000,500,7,df3e3c0
noop,0,1,151936,20,bfloat16,8,8,2.534,2.530,2.545,2.536,0.007,5,5000,500,7,df3e3c0
phase1,1,1,151936,20,bfloat16,8,8,4.131,4.111,4.140,4.127,0.013,5,5000,500,7,df3e3c0
phase2,2,1,151936,20,bfloat16,8,8,4.202,4.183,4.207,4.198,0.011,5,5000,500,7,df3e3c0
phase3,3,1,151936,20,bfloat16,8,8,6.507,6.237,6.511,6.432,0.141,5,5000,500,7,df3e3c0
phase4,4,1,151936,20,bfloat16,8,8,6.724,6.429,6.736,6.644,0.155,5,5000,500,7,df3e3c0
phase5,5,1,151936,20,bfloat16,8,8,10.250,10.248,10.252,10.250,0.002,5,5000,500,7,df3e3c0
phase6,6,1,151936,20,bfloat16,8,8,16.396,16.394,16.397,16.395,0.002,5,5000,500,7,df3e3c0
phase7,7,1,151936,50,bfloat16,8,8,22.516,22.515,22.519,22.517,0.002,5,5000,500,7,df3e3c0
full,7,1,151936,50,bfloat16,8,8,22.527,22.525,22.530,22.527,0.003,5,4970,497,7,df3e3c0
noop,0,1,151936,50,bfloat16,8,8,2.522,2.516,2.524,2.520,0.004,5,5000,500,7,df3e3c0
phase1,1,1,151936,50,bfloat16,8,8,4.138,4.120,4.146,4.136,0.012,5,5000,500,7,df3e3c0
phase2,2,1,151936,50,bfloat16,8,8,4.199,4.179,4.211,4.197,0.014,5,5000,500,7,df3e3c0
phase3,3,1,151936,50,bfloat16,8,8,6.510,6.252,6.523,6.446,0.143,5,5000,500,7,df3e3c0
phase4,4,1,151936,50,bfloat16,8,8,6.404,6.391,6.749,6.537,0.193,5,5000,500,7,df3e3c0
phase5,5,1,151936,50,bfloat16,8,8,10.300,10.262,10.302,10.290,0.020,5,5000,500,7,df3e3c0
phase6,6,1,151936,50,bfloat16,8,8,18.426,18.422,18.427,18.425,0.003,5,5000,500,7,df3e3c0
phase7,7,1,151936,100,bfloat16,8,8,28.826,28.802,28.829,28.817,0.014,5,4069,406,7,df3e3c0
full,7,1,151936,100,bfloat16,8,8,28.832,28.821,28.840,28.830,0.009,5,4005,400,7,df3e3c0
noop,0,1,151936,100,bfloat16,8,8,2.520,2.513,2.529,2.520,0.007,5,5000,500,7,df3e3c0
phase1,1,1,151936,100,bfloat16,8,8,4.127,4.107,4.138,4.124,0.014,5,5000,500,7,df3e3c0
phase2,2,1,151936,100,bfloat16,8,8,4.188,4.169,4.198,4.185,0.013,5,5000,500,7,df3e3c0
phase3,3,1,151936,100,bfloat16,8,8,6.538,6.259,6.542,6.469,0.156,5,5000,500,7,df3e3c0
phase4,4,1,151936,100,bfloat16,8,8,6.582,6.577,6.819,6.641,0.131,5,5000,500,7,df3e3c0
phase5,5,1,151936,100,bfloat16,8,8,10.745,10.419,10.756,10.659,0.174,5,5000,500,7,df3e3c0
phase6,6,1,151936,100,bfloat16,8,8,22.666,22.661,22.671,22.666,0.004,5,5000,500,7,df3e3c0
phase7,7,4,151936,20,bfloat16,8,32,20.473,20.473,20.477,20.474,0.002,5,5000,500,7,df3e3c0
full,7,4,151936,20,bfloat16,8,32,20.484,20.481,20.486,20.484,0.002,5,5000,500,7,df3e3c0
noop,0,4,151936,20,bfloat16,8,32,2.518,2.513,2.524,2.518,0.005,5,5000,500,7,df3e3c0
phase1,1,4,151936,20,bfloat16,8,32,4.134,4.119,4.145,4.133,0.012,5,5000,500,7,df3e3c0
phase2,2,4,151936,20,bfloat16,8,32,4.235,4.224,4.251,4.237,0.012,5,5000,500,7,df3e3c0
phase3,3,4,151936,20,bfloat16,8,32,6.588,6.531,6.590,6.574,0.032,5,5000,500,7,df3e3c0
phase4,4,4,151936,20,bfloat16,8,32,7.556,7.555,7.670,7.592,0.057,5,5000,500,7,df3e3c0
phase5,5,4,151936,20,bfloat16,8,32,10.257,10.253,10.263,10.257,0.005,5,5000,500,7,df3e3c0
phase6,6,4,151936,20,bfloat16,8,32,16.408,16.406,16.411,16.408,0.002,5,5000,500,7,df3e3c0
phase7,7,4,151936,50,bfloat16,8,32,22.512,22.511,22.513,22.512,0.001,5,5000,500,7,df3e3c0
full,7,4,151936,50,bfloat16,8,32,22.535,22.531,22.555,22.539,0.012,5,5000,500,7,df3e3c0
noop,0,4,151936,50,bfloat16,8,32,2.523,2.521,2.528,2.524,0.003,5,5000,500,7,df3e3c0
phase1,1,4,151936,50,bfloat16,8,32,4.137,4.132,4.156,4.142,0.011,5,5000,500,7,df3e3c0
phase2,2,4,151936,50,bfloat16,8,32,4.239,4.228,4.248,4.238,0.009,5,5000,500,7,df3e3c0
phase3,3,4,151936,50,bfloat16,8,32,6.588,6.531,6.590,6.574,0.032,5,5000,500,7,df3e3c0
phase4,4,4,151936,50,bfloat16,8,32,7.631,7.619,7.654,7.632,0.016,5,5000,500,7,df3e3c0
phase5,5,4,151936,50,bfloat16,8,32,10.660,10.326,10.661,10.566,0.174,5,5000,500,7,df3e3c0
phase6,6,4,151936,50,bfloat16,8,32,18.419,18.418,18.420,18.419,0.001,5,5000,500,7,df3e3c0
phase7,7,4,151936,100,bfloat16,8,32,29.084,29.068,29.090,29.080,0.009,5,4005,400,7,df3e3c0
full,7,4,151936,100,bfloat16,8,32,29.089,29.074,29.108,29.092,0.016,5,4038,403,7,df3e3c0
noop,0,4,151936,100,bfloat16,8,32,2.512,2.508,2.520,2.514,0.006,5,5000,500,7,df3e3c0
phase1,1,4,151936,100,bfloat16,8,32,4.142,4.134,4.147,4.141,0.006,5,5000,500,7,df3e3c0
phase2,2,4,151936,100,bfloat16,8,32,4.234,4.230,4.244,4.235,0.007,5,5000,500,7,df3e3c0
phase3,3,4,151936,100,bfloat16,8,32,6.587,6.252,6.588,6.492,0.174,5,5000,500,7,df3e3c0
phase4,4,4,151936,100,bfloat16,8,32,7.803,7.772,7.862,7.808,0.041,5,5000,500,7,df3e3c0
phase5,5,4,151936,100,bfloat16,8,32,10.812,10.507,10.817,10.731,0.163,5,5000,500,7,df3e3c0
phase6,6,4,151936,100,bfloat16,8,32,22.863,22.844,22.904,22.869,0.027,5,5000,500,7,df3e3c0
phase7,7,8,151936,20,bfloat16,8,64,20.472,20.470,20.476,20.473,0.003,5,5000,500,7,df3e3c0
full,7,8,151936,20,bfloat16,8,64,20.474,20.470,20.474,20.473,0.002,5,5000,500,7,df3e3c0
noop,0,8,151936,20,bfloat16,8,64,2.511,2.504,2.523,2.514,0.009,5,5000,500,7,df3e3c0
phase1,1,8,151936,20,bfloat16,8,64,4.146,4.134,4.156,4.144,0.010,5,5000,500,7,df3e3c0
phase2,2,8,151936,20,bfloat16,8,64,4.258,4.236,4.263,4.253,0.012,5,5000,500,7,df3e3c0
phase3,3,8,151936,20,bfloat16,8,64,6.598,6.536,6.603,6.584,0.035,5,5000,500,7,df3e3c0
phase4,4,8,151936,20,bfloat16,8,64,8.183,8.173,8.185,8.181,0.006,5,5000,500,7,df3e3c0
phase5,5,8,151936,20,bfloat16,8,64,10.273,10.271,10.284,10.275,0.006,5,5000,500,7,df3e3c0
phase6,6,8,151936,20,bfloat16,8,64,16.405,16.402,16.408,16.405,0.003,5,5000,500,7,df3e3c0
phase7,7,8,151936,50,bfloat16,8,64,22.511,22.509,22.534,22.516,0.013,5,5000,500,7,df3e3c0
full,7,8,151936,50,bfloat16,8,64,22.535,22.532,22.539,22.535,0.003,5,5000,500,7,df3e3c0
noop,0,8,151936,50,bfloat16,8,64,2.522,2.515,2.532,2.523,0.007,5,5000,500,7,df3e3c0
phase1,1,8,151936,50,bfloat16,8,64,4.145,4.138,4.151,4.145,0.006,5,5000,500,7,df3e3c0
phase2,2,8,151936,50,bfloat16,8,64,4.245,4.242,4.252,4.246,0.005,5,5000,500,7,df3e3c0
phase3,3,8,151936,50,bfloat16,8,64,6.601,6.204,6.604,6.444,0.217,5,5000,500,7,df3e3c0
phase4,4,8,151936,50,bfloat16,8,64,8.185,8.173,8.185,8.182,0.007,5,5000,500,7,df3e3c0
phase5,5,8,151936,50,bfloat16,8,64,10.659,10.601,10.665,10.646,0.033,5,5000,500,7,df3e3c0
phase6,6,8,151936,50,bfloat16,8,64,18.419,18.417,18.424,18.420,0.003,5,5000,500,7,df3e3c0
phase7,7,8,151936,100,bfloat16,8,64,30.705,30.705,30.707,30.706,0.001,5,3836,383,7,df3e3c0
full,7,8,151936,100,bfloat16,8,64,30.814,30.811,30.816,30.814,0.002,5,3812,381,7,df3e3c0
noop,0,8,151936,100,bfloat16,8,64,2.527,2.527,2.530,2.528,0.002,5,5000,500,7,df3e3c0
phase1,1,8,151936,100,bfloat16,8,64,4.147,4.138,4.157,4.147,0.009,5,5000,500,7,df3e3c0
phase2,2,8,151936,100,bfloat16,8,64,4.261,4.253,4.271,4.262,0.008,5,5000,500,7,df3e3c0
phase3,3,8,151936,100,bfloat16,8,64,6.672,6.307,6.696,6.533,0.205,5,5000,500,7,df3e3c0
phase4,4,8,151936,100,bfloat16,8,64,8.180,8.172,8.181,8.178,0.005,5,5000,500,7,df3e3c0
phase5,5,8,151936,100,bfloat16,8,64,12.284,12.280,12.286,12.283,0.003,5,5000,500,7,df3e3c0
phase6,6,8,151936,100,bfloat16,8,64,24.559,24.556,24.560,24.558,0.002,5,4842,484,7,df3e3c0
phase7,7,16,151936,20,bfloat16,8,128,23.250,22.784,23.287,23.134,0.255,5,5000,500,7,df3e3c0
full,7,16,151936,20,bfloat16,8,128,23.340,23.329,23.366,23.342,0.017,5,5000,500,7,df3e3c0
noop,0,16,151936,20,bfloat16,8,128,2.519,2.512,2.525,2.519,0.006,5,5000,500,7,df3e3c0
phase1,1,16,151936,20,bfloat16,8,128,6.169,6.167,6.176,6.171,0.004,5,5000,500,7,df3e3c0
phase2,2,16,151936,20,bfloat16,8,128,6.172,6.170,6.178,6.173,0.004,5,5000,500,7,df3e3c0
phase3,3,16,151936,20,bfloat16,8,128,10.234,10.226,10.236,10.232,0.005,5,5000,500,7,df3e3c0
phase4,4,16,151936,20,bfloat16,8,128,10.228,10.226,10.246,10.234,0.010,5,5000,500,7,df3e3c0
phase5,5,16,151936,20,bfloat16,8,128,14.340,14.338,14.367,14.346,0.015,5,5000,500,7,df3e3c0
phase6,6,16,151936,20,bfloat16,8,128,20.118,20.096,20.137,20.118,0.018,5,5000,500,7,df3e3c0
phase7,7,16,151936,50,bfloat16,8,128,26.629,26.628,26.632,26.630,0.002,5,4421,442,7,df3e3c0
full,7,16,151936,50,bfloat16,8,128,26.625,26.623,26.627,26.625,0.002,5,4420,442,7,df3e3c0
noop,0,16,151936,50,bfloat16,8,128,2.512,2.508,2.518,2.513,0.004,5,5000,500,7,df3e3c0
phase1,1,16,151936,50,bfloat16,8,128,6.168,6.167,6.176,6.171,0.005,5,5000,500,7,df3e3c0
phase2,2,16,151936,50,bfloat16,8,128,6.176,6.169,6.177,6.174,0.004,5,5000,500,7,df3e3c0
phase3,3,16,151936,50,bfloat16,8,128,10.236,10.226,10.238,10.234,0.006,5,5000,500,7,df3e3c0
phase4,4,16,151936,50,bfloat16,8,128,10.237,10.227,10.244,10.235,0.008,5,5000,500,7,df3e3c0
phase5,5,16,151936,50,bfloat16,8,128,14.389,14.388,14.392,14.390,0.002,5,5000,500,7,df3e3c0
phase6,6,16,151936,50,bfloat16,8,128,22.529,22.529,22.530,22.529,0.001,5,5000,500,7,df3e3c0
phase7,7,16,151936,100,bfloat16,8,128,32.784,32.779,32.786,32.783,0.003,5,3592,359,7,df3e3c0
full,7,16,151936,100,bfloat16,8,128,32.824,32.816,32.828,32.823,0.005,5,3592,359,7,df3e3c0
noop,0,16,151936,100,bfloat16,8,128,2.526,2.516,2.530,2.524,0.007,5,5000,500,7,df3e3c0
phase1,1,16,151936,100,bfloat16,8,128,6.168,6.166,6.173,6.169,0.003,5,5000,500,7,df3e3c0
phase2,2,16,151936,100,bfloat16,8,128,6.174,6.173,6.178,6.175,0.002,5,5000,500,7,df3e3c0
phase3,3,16,151936,100,bfloat16,8,128,10.236,10.228,10.241,10.234,0.006,5,5000,500,7,df3e3c0
phase4,4,16,151936,100,bfloat16,8,128,10.237,10.227,10.247,10.236,0.009,5,5000,500,7,df3e3c0
phase5,5,16,151936,100,bfloat16,8,128,15.626,15.598,15.664,15.631,0.028,5,5000,500,7,df3e3c0
phase6,6,16,151936,100,bfloat16,8,128,26.624,26.621,26.624,26.623,0.002,5,4445,444,7,df3e3c0
phase7,7,32,151936,20,bfloat16,4,128,30.729,30.726,30.753,30.734,0.013,5,3844,384,7,df3e3c0
full,7,32,151936,20,bfloat16,4,128,30.734,30.730,30.734,30.733,0.002,5,3844,384,7,df3e3c0
noop,0,32,151936,20,bfloat16,4,128,2.531,2.525,2.536,2.530,0.005,5,5000,500,7,df3e3c0
phase1,1,32,151936,20,bfloat16,4,128,8.200,8.170,8.317,8.227,0.069,5,5000,500,7,df3e3c0
phase2,2,32,151936,20,bfloat16,4,128,8.395,8.210,8.411,8.327,0.105,5,5000,500,7,df3e3c0
phase3,3,32,151936,20,bfloat16,4,128,16.386,16.379,16.388,16.385,0.004,5,5000,500,7,df3e3c0
phase4,4,32,151936,20,bfloat16,4,128,16.390,16.386,16.394,16.390,0.004,5,5000,500,7,df3e3c0
phase5,5,32,151936,20,bfloat16,4,128,24.573,24.564,24.575,24.572,0.005,5,5000,500,7,df3e3c0
phase6,6,32,151936,20,bfloat16,4,128,28.675,28.672,28.679,28.676,0.003,5,4158,415,7,df3e3c0
phase7,7,32,151936,50,bfloat16,4,128,34.816,34.814,34.816,34.815,0.001,5,3415,341,7,df3e3c0
full,7,32,151936,50,bfloat16,4,128,34.784,34.780,34.791,34.785,0.005,5,3408,340,7,df3e3c0
noop,0,32,151936,50,bfloat16,4,128,2.525,2.517,2.547,2.530,0.013,5,5000,500,7,df3e3c0
phase1,1,32,151936,50,bfloat16,4,128,8.209,8.180,8.322,8.237,0.066,5,5000,500,7,df3e3c0
phase2,2,32,151936,50,bfloat16,4,128,8.421,8.228,8.425,8.352,0.100,5,5000,500,7,df3e3c0
phase3,3,32,151936,50,bfloat16,4,128,16.387,16.380,16.390,16.386,0.004,5,5000,500,7,df3e3c0
phase4,4,32,151936,50,bfloat16,4,128,16.400,16.388,16.401,16.397,0.007,5,5000,500,7,df3e3c0
phase5,5,32,151936,50,bfloat16,4,128,24.646,24.593,24.657,24.629,0.033,5,4917,491,7,df3e3c0
phase6,6,32,151936,50,bfloat16,4,128,30.364,30.301,30.384,30.347,0.038,5,4049,404,7,df3e3c0
phase7,7,32,151936,100,bfloat16,4,128,38.117,38.083,38.137,38.116,0.025,5,3115,311,7,df3e3c0
full,7,32,151936,100,bfloat16,4,128,38.477,38.440,38.497,38.470,0.025,5,3060,306,7,df3e3c0
noop,0,32,151936,100,bfloat16,4,128,2.525,2.517,2.537,2.526,0.009,5,5000,500,7,df3e3c0
phase1,1,32,151936,100,bfloat16,4,128,8.207,8.174,8.353,8.246,0.084,5,5000,500,7,df3e3c0
phase2,2,32,151936,100,bfloat16,4,128,8.446,8.213,8.448,8.354,0.128,5,5000,500,7,df3e3c0
phase3,3,32,151936,100,bfloat16,4,128,16.390,16.383,16.393,16.389,0.005,5,5000,500,7,df3e3c0
phase4,4,32,151936,100,bfloat16,4,128,16.404,16.393,16.413,16.403,0.009,5,5000,500,7,df3e3c0
phase5,5,32,151936,100,bfloat16,4,128,25.402,25.380,25.417,25.401,0.016,5,4817,481,7,df3e3c0
phase6,6,32,151936,100,bfloat16,4,128,32.699,32.696,32.709,32.700,0.006,5,3684,368,7,df3e3c0
full,7,1,151936,20,bfloat16,8,8,20.311,20.303,20.325,20.314,0.010,5,5000,500,8,df3e3c0
noop,0,1,151936,20,bfloat16,8,8,2.509,2.503,2.515,2.509,0.005,5,5000,500,8,df3e3c0
phase1,1,1,151936,20,bfloat16,8,8,4.135,4.119,4.145,4.132,0.011,5,5000,500,8,df3e3c0
phase2,2,1,151936,20,bfloat16,8,8,4.179,4.174,4.202,4.185,0.013,5,5000,500,8,df3e3c0
phase3,3,1,151936,20,bfloat16,8,8,6.504,6.466,6.515,6.497,0.023,5,5000,500,8,df3e3c0
phase4,4,1,151936,20,bfloat16,8,8,6.366,6.364,6.610,6.428,0.135,5,5000,500,8,df3e3c0
phase5,5,1,151936,20,bfloat16,8,8,10.229,10.226,10.238,10.232,0.006,5,5000,500,8,df3e3c0
phase6,6,1,151936,20,bfloat16,8,8,16.377,16.376,16.379,16.377,0.001,5,5000,500,8,df3e3c0
phase7,7,1,151936,20,bfloat16,8,8,19.383,19.377,19.408,19.389,0.014,5,5000,500,8,df3e3c0
full,7,1,151936,50,bfloat16,8,8,22.522,22.521,22.541,22.527,0.011,5,5000,500,8,df3e3c0
noop,0,1,151936,50,bfloat16,8,8,2.504,2.501,2.522,2.508,0.010,5,5000,500,8,df3e3c0
phase1,1,1,151936,50,bfloat16,8,8,4.127,4.121,4.138,4.129,0.008,5,5000,500,8,df3e3c0
phase2,2,1,151936,50,bfloat16,8,8,4.184,4.177,4.204,4.188,0.012,5,5000,500,8,df3e3c0
phase3,3,1,151936,50,bfloat16,8,8,6.417,6.186,6.461,6.342,0.143,5,5000,500,8,df3e3c0
phase4,4,1,151936,50,bfloat16,8,8,6.591,6.292,6.672,6.504,0.195,5,5000,500,8,df3e3c0
phase5,5,1,151936,50,bfloat16,8,8,10.384,10.278,10.397,10.360,0.059,5,5000,500,8,df3e3c0
phase6,6,1,151936,50,bfloat16,8,8,18.418,18.412,18.420,18.417,0.004,5,5000,500,8,df3e3c0
phase7,7,1,151936,50,bfloat16,8,8,22.511,22.509,22.512,22.511,0.002,5,5000,500,8,df3e3c0
full,7,1,151936,100,bfloat16,8,8,28.135,28.115,28.152,28.134,0.017,5,4209,420,8,df3e3c0
noop,0,1,151936,100,bfloat16,8,8,2.513,2.502,2.520,2.511,0.009,5,5000,500,8,df3e3c0
phase1,1,1,151936,100,bfloat16,8,8,4.139,4.134,4.141,4.138,0.003,5,5000,500,8,df3e3c0
phase2,2,1,151936,100,bfloat16,8,8,4.194,4.184,4.207,4.196,0.011,5,5000,500,8,df3e3c0
phase3,3,1,151936,100,bfloat16,8,8,6.495,6.452,6.497,6.485,0.024,5,5000,500,8,df3e3c0
phase4,4,1,151936,100,bfloat16,8,8,6.620,6.556,6.625,6.605,0.036,5,5000,500,8,df3e3c0
phase5,5,1,151936,100,bfloat16,8,8,11.033,10.726,11.042,10.915,0.168,5,5000,500,8,df3e3c0
phase6,6,1,151936,100,bfloat16,8,8,23.025,23.012,23.040,23.024,0.013,5,5000,500,8,df3e3c0
phase7,7,1,151936,100,bfloat16,8,8,27.165,27.154,27.194,27.170,0.018,5,4321,432,8,df3e3c0
full,7,4,151936,20,bfloat16,8,32,20.486,20.482,20.487,20.485,0.002,5,5000,500,8,df3e3c0
noop,0,4,151936,20,bfloat16,8,32,2.516,2.515,2.526,2.519,0.005,5,5000,500,8,df3e3c0
phase1,1,4,151936,20,bfloat16,8,32,4.143,4.131,4.155,4.143,0.010,5,5000,500,8,df3e3c0
phase2,2,4,151936,20,bfloat16,8,32,4.238,4.225,4.244,4.236,0.009,5,5000,500,8,df3e3c0
phase3,3,4,151936,20,bfloat16,8,32,6.587,6.261,6.589,6.495,0.169,5,5000,500,8,df3e3c0
phase4,4,4,151936,20,bfloat16,8,32,7.646,7.593,7.733,7.663,0.067,5,5000,500,8,df3e3c0
phase5,5,4,151936,20,bfloat16,8,32,10.255,10.252,10.260,10.256,0.004,5,5000,500,8,df3e3c0
phase6,6,4,151936,20,bfloat16,8,32,16.400,16.398,16.402,16.400,0.002,5,5000,500,8,df3e3c0
phase7,7,4,151936,20,bfloat16,8,32,20.483,20.481,20.483,20.482,0.001,5,5000,500,8,df3e3c0
full,7,4,151936,50,bfloat16,8,32,22.540,22.537,22.560,22.544,0.011,5,5000,500,8,df3e3c0
noop,0,4,151936,50,bfloat16,8,32,2.523,2.516,2.533,2.523,0.008,5,5000,500,8,df3e3c0
phase1,1,4,151936,50,bfloat16,8,32,4.142,4.129,4.153,4.142,0.011,5,5000,500,8,df3e3c0
phase2,2,4,151936,50,bfloat16,8,32,4.227,4.220,4.250,4.233,0.013,5,5000,500,8,df3e3c0
phase3,3,4,151936,50,bfloat16,8,32,6.587,6.531,6.589,6.574,0.031,5,5000,500,8,df3e3c0
phase4,4,4,151936,50,bfloat16,8,32,7.905,7.830,7.910,7.877,0.042,5,5000,500,8,df3e3c0
phase5,5,4,151936,50,bfloat16,8,32,10.641,10.258,10.649,10.490,0.212,5,5000,500,8,df3e3c0
phase6,6,4,151936,50,bfloat16,8,32,18.418,18.417,18.421,18.419,0.002,5,5000,500,8,df3e3c0
phase7,7,4,151936,50,bfloat16,8,32,22.511,22.509,22.512,22.511,0.001,5,5000,500,8,df3e3c0
full,7,4,151936,100,bfloat16,8,32,30.815,30.802,30.830,30.814,0.013,5,3827,382,8,df3e3c0
noop,0,4,151936,100,bfloat16,8,32,2.527,2.525,2.533,2.528,0.004,5,5000,500,8,df3e3c0
phase1,1,4,151936,100,bfloat16,8,32,4.140,4.135,4.147,4.140,0.005,5,5000,500,8,df3e3c0
phase2,2,4,151936,100,bfloat16,8,32,4.227,4.215,4.246,4.229,0.013,5,5000,500,8,df3e3c0
phase3,3,4,151936,100,bfloat16,8,32,6.585,6.248,6.588,6.490,0.175,5,5000,500,8,df3e3c0
phase4,4,4,151936,100,bfloat16,8,32,7.858,7.820,7.885,7.855,0.030,5,5000,500,8,df3e3c0
phase5,5,4,151936,100,bfloat16,8,32,12.278,12.267,12.278,12.274,0.006,5,5000,500,8,df3e3c0
phase6,6,4,151936,100,bfloat16,8,32,24.543,24.540,24.545,24.543,0.002,5,4821,482,8,df3e3c0
phase7,7,4,151936,100,bfloat16,8,32,30.687,30.683,30.688,30.686,0.002,5,3844,384,8,df3e3c0
full,7,8,151936,20,bfloat16,8,64,20.487,20.486,20.491,20.488,0.002,5,5000,500,8,df3e3c0
noop,0,8,151936,20,bfloat16,8,64,2.526,2.520,2.531,2.525,0.005,5,5000,500,8,df3e3c0
phase1,1,8,151936,20,bfloat16,8,64,4.140,4.133,4.150,4.141,0.007,5,5000,500,8,df3e3c0
phase2,2,8,151936,20,bfloat16,8,64,4.269,4.263,4.275,4.269,0.005,5,5000,500,8,df3e3c0
phase3,3,8,151936,20,bfloat16,8,64,6.594,6.533,6.597,6.578,0.033,5,5000,500,8,df3e3c0
phase4,4,8,151936,20,bfloat16,8,64,8.181,8.174,8.184,8.181,0.005,5,5000,500,8,df3e3c0
phase5,5,8,151936,20,bfloat16,8,64,10.262,10.259,10.267,10.262,0.004,5,5000,500,8,df3e3c0
phase6,6,8,151936,20,bfloat16,8,64,16.407,16.402,16.425,16.411,0.011,5,5000,500,8,df3e3c0
phase7,7,8,151936,20,bfloat16,8,64,20.488,20.487,20.489,20.488,0.001,5,5000,500,8,df3e3c0
full,7,8,151936,50,bfloat16,8,64,22.554,22.553,22.560,22.555,0.003,5,5000,500,8,df3e3c0
noop,0,8,151936,50,bfloat16,8,64,2.523,2.513,2.527,2.521,0.006,5,5000,500,8,df3e3c0
phase1,1,8,151936,50,bfloat16,8,64,4.153,4.141,4.165,4.152,0.010,5,5000,500,8,df3e3c0
phase2,2,8,151936,50,bfloat16,8,64,4.258,4.247,4.263,4.255,0.007,5,5000,500,8,df3e3c0
phase3,3,8,151936,50,bfloat16,8,64,6.598,6.542,6.602,6.585,0.032,5,5000,500,8,df3e3c0
phase4,4,8,151936,50,bfloat16,8,64,8.184,8.172,8.186,8.181,0.007,5,5000,500,8,df3e3c0
phase5,5,8,151936,50,bfloat16,8,64,10.631,10.320,10.637,10.545,0.163,5,5000,500,8,df3e3c0
phase6,6,8,151936,50,bfloat16,8,64,18.417,18.414,18.421,18.417,0.003,5,5000,500,8,df3e3c0
phase7,7,8,151936,50,bfloat16,8,64,22.557,22.556,22.560,22.557,0.002,5,5000,500,8,df3e3c0
full,7,8,151936,100,bfloat16,8,64,30.772,30.767,30.776,30.772,0.004,5,3784,378,8,df3e3c0
noop,0,8,151936,100,bfloat16,8,64,2.522,2.512,2.584,2.536,0.035,5,5000,500,8,df3e3c0
phase1,1,8,151936,100,bfloat16,8,64,4.147,4.142,4.156,4.148,0.006,5,5000,500,8,df3e3c0
phase2,2,8,151936,100,bfloat16,8,64,4.263,4.251,4.265,4.260,0.006,5,5000,500,8,df3e3c0
phase3,3,8,151936,100,bfloat16,8,64,6.635,6.572,6.650,6.624,0.039,5,5000,500,8,df3e3c0
phase4,4,8,151936,100,bfloat16,8,64,8.184,8.173,8.185,8.181,0.006,5,5000,500,8,df3e3c0
phase5,5,8,151936,100,bfloat16,8,64,12.282,12.275,12.284,12.281,0.005,5,5000,500,8,df3e3c0
phase6,6,8,151936,100,bfloat16,8,64,24.551,24.550,24.551,24.551,0.001,5,4856,485,8,df3e3c0
phase7,7,8,151936,100,bfloat16,8,64,30.732,30.729,30.733,30.731,0.002,5,3819,381,8,df3e3c0
full,7,16,151936,20,bfloat16,8,128,22.703,22.585,22.754,22.693,0.081,5,5000,500,8,df3e3c0
noop,0,16,151936,20,bfloat16,8,128,2.524,2.521,2.539,2.528,0.008,5,5000,500,8,df3e3c0
phase1,1,16,151936,20,bfloat16,8,128,6.164,6.157,6.173,6.165,0.007,5,5000,500,8,df3e3c0
phase2,2,16,151936,20,bfloat16,8,128,6.174,6.170,6.177,6.174,0.003,5,5000,500,8,df3e3c0
phase3,3,16,151936,20,bfloat16,8,128,10.236,10.227,10.241,10.235,0.006,5,5000,500,8,df3e3c0
phase4,4,16,151936,20,bfloat16,8,128,10.227,10.226,10.237,10.229,0.006,5,5000,500,8,df3e3c0
phase5,5,16,151936,20,bfloat16,8,128,14.338,14.337,14.340,14.338,0.001,5,5000,500,8,df3e3c0
phase6,6,16,151936,20,bfloat16,8,128,19.341,19.326,19.347,19.338,0.010,5,5000,500,8,df3e3c0
phase7,7,16,151936,20,bfloat16,8,128,22.774,22.766,22.787,22.775,0.010,5,5000,500,8,df3e3c0
full,7,16,151936,50,bfloat16,8,128,26.621,26.619,26.621,26.620,0.001,5,4394,439,8,df3e3c0
noop,0,16,151936,50,bfloat16,8,128,2.516,2.514,2.530,2.520,0.008,5,5000,500,8,df3e3c0
phase1,1,16,151936,50,bfloat16,8,128,6.170,6.163,6.174,6.169,0.005,5,5000,500,8,df3e3c0
phase2,2,16,151936,50,bfloat16,8,128,6.177,6.174,6.179,6.176,0.002,5,5000,500,8,df3e3c0
phase3,3,16,151936,50,bfloat16,8,128,10.234,10.227,10.237,10.232,0.005,5,5000,500,8,df3e3c0
phase4,4,16,151936,50,bfloat16,8,128,10.228,10.224,10.246,10.233,0.010,5,5000,500,8,df3e3c0
phase5,5,16,151936,50,bfloat16,8,128,14.376,14.355,14.382,14.369,0.013,5,5000,500,8,df3e3c0
phase6,6,16,151936,50,bfloat16,8,128,22.532,22.531,22.535,22.532,0.002,5,5000,500,8,df3e3c0
phase7,7,16,151936,50,bfloat16,8,128,26.629,26.627,26.631,26.629,0.002,5,4423,442,8,df3e3c0
full,7,16,151936,100,bfloat16,8,128,32.771,32.770,32.773,32.771,0.001,5,3590,359,8,df3e3c0
noop,0,16,151936,100,bfloat16,8,128,2.529,2.513,2.534,2.524,0.010,5,5000,500,8,df3e3c0
phase1,1,16,151936,100,bfloat16,8,128,6.169,6.167,6.173,6.170,0.002,5,5000,500,8,df3e3c0
phase2,2,16,151936,100,bfloat16,8,128,6.172,6.168,6.176,6.172,0.003,5,5000,500,8,df3e3c0
phase3,3,16,151936,100,bfloat16,8,128,10.226,10.223,10.238,10.230,0.007,5,5000,500,8,df3e3c0
phase4,4,16,151936,100,bfloat16,8,128,10.241,10.238,10.244,10.241,0.003,5,5000,500,8,df3e3c0
phase5,5,16,151936,100,bfloat16,8,128,14.818,14.586,14.839,14.764,0.131,5,5000,500,8,df3e3c0
phase6,6,16,151936,100,bfloat16,8,128,26.611,26.611,26.632,26.617,0.012,5,4459,445,8,df3e3c0
phase7,7,16,151936,100,bfloat16,8,128,32.758,32.758,32.760,32.759,0.001,5,3606,360,8,df3e3c0
full,7,32,151936,20,bfloat16,4,128,30.735,30.720,30.737,30.732,0.008,5,3837,383,8,df3e3c0
noop,0,32,151936,20,bfloat16,4,128,2.518,2.509,2.529,2.519,0.009,5,5000,500,8,df3e3c0
phase1,1,32,151936,20,bfloat16,4,128,8.197,8.175,8.316,8.230,0.065,5,5000,500,8,df3e3c0
phase2,2,32,151936,20,bfloat16,4,128,8.385,8.213,8.400,8.321,0.099,5,5000,500,8,df3e3c0
phase3,3,32,151936,20,bfloat16,4,128,16.387,16.379,16.389,16.385,0.004,5,5000,500,8,df3e3c0
phase4,4,32,151936,20,bfloat16,4,128,16.393,16.389,16.397,16.392,0.004,5,5000,500,8,df3e3c0
phase5,5,32,151936,20,bfloat16,4,128,24.572,24.562,24.576,24.570,0.007,5,5000,500,8,df3e3c0
phase6,6,32,151936,20,bfloat16,4,128,28.703,28.698,28.707,28.703,0.004,5,4131,413,8,df3e3c0
phase7,7,32,151936,20,bfloat16,4,128,30.740,30.739,30.741,30.740,0.001,5,3861,386,8,df3e3c0
full,7,32,151936,50,bfloat16,4,128,34.798,34.795,34.799,34.797,0.002,5,3438,343,8,df3e3c0
noop,0,32,151936,50,bfloat16,4,128,2.524,2.520,2.536,2.526,0.007,5,5000,500,8,df3e3c0
phase1,1,32,151936,50,bfloat16,4,128,8.215,8.172,8.325,8.234,0.070,5,5000,500,8,df3e3c0
phase2,2,32,151936,50,bfloat16,4,128,8.401,8.213,8.417,8.330,0.107,5,5000,500,8,df3e3c0
phase3,3,32,151936,50,bfloat16,4,128,16.388,16.380,16.389,16.386,0.004,5,5000,500,8,df3e3c0
phase4,4,32,151936,50,bfloat16,4,128,16.396,16.388,16.398,16.395,0.005,5,5000,500,8,df3e3c0
phase5,5,32,151936,50,bfloat16,4,128,24.588,24.578,24.591,24.586,0.006,5,4942,494,8,df3e3c0
phase6,6,32,151936,50,bfloat16,4,128,29.798,29.771,29.821,29.797,0.022,5,4050,405,8,df3e3c0
phase7,7,32,151936,50,bfloat16,4,128,34.807,34.806,34.808,34.807,0.001,5,3416,341,8,df3e3c0
full,7,32,151936,100,bfloat16,4,128,38.555,38.547,38.571,38.557,0.011,5,3113,311,8,df3e3c0
noop,0,32,151936,100,bfloat16,4,128,2.525,2.519,2.530,2.525,0.005,5,5000,500,8,df3e3c0
phase1,1,32,151936,100,bfloat16,4,128,8.211,8.171,8.350,8.243,0.085,5,5000,500,8,df3e3c0
phase2,2,32,151936,100,bfloat16,4,128,8.292,8.224,8.456,8.330,0.113,5,5000,500,8,df3e3c0
phase3,3,32,151936,100,bfloat16,4,128,16.390,16.384,16.391,16.389,0.003,5,5000,500,8,df3e3c0
phase4,4,32,151936,100,bfloat16,4,128,16.410,16.393,16.414,16.406,0.009,5,5000,500,8,df3e3c0
phase5,5,32,151936,100,bfloat16,4,128,25.285,25.251,25.304,25.279,0.024,5,4831,483,8,df3e3c0
phase6,6,32,151936,100,bfloat16,4,128,32.653,32.644,32.657,32.651,0.006,5,3712,371,8,df3e3c0
phase7,7,32,151936,100,bfloat16,4,128,38.911,38.910,38.916,38.912,0.003,5,3070,307,8,df3e3c0
