op,phase,batch,vocab,top_k,dtype,splits,blocks,median_us,p05_us,p95_us,mean_us,stdev_us,reps,iters,warmup,round,git_commit
noop,0,1,151936,20,bfloat16,8,8,2.526,2.522,2.532,2.527,0.004,5,5000,500,0,6ddf1e0-dirty
phase1,1,1,151936,20,bfloat16,8,8,4.152,4.146,4.161,4.153,0.007,5,5000,500,0,6ddf1e0-dirty
phase2,2,1,151936,20,bfloat16,8,8,4.261,4.256,4.263,4.260,0.003,5,5000,500,0,6ddf1e0-dirty
phase3,3,1,151936,20,bfloat16,8,8,6.633,6.335,6.636,6.560,0.167,5,5000,500,0,6ddf1e0-dirty
phase4,4,1,151936,20,bfloat16,8,8,8.171,8.170,8.175,8.172,0.002,5,5000,500,0,6ddf1e0-dirty
phase5,5,1,151936,20,bfloat16,8,8,10.289,10.262,10.297,10.283,0.016,5,5000,500,0,6ddf1e0-dirty
phase6,6,1,151936,20,bfloat16,8,8,14.380,14.378,14.382,14.380,0.002,5,5000,500,0,6ddf1e0-dirty
phase7,7,1,151936,20,bfloat16,8,8,16.374,16.372,16.379,16.375,0.003,5,5000,500,0,6ddf1e0-dirty
full,7,1,151936,20,bfloat16,8,8,16.372,16.370,16.375,16.372,0.002,5,5000,500,0,6ddf1e0-dirty
noop,0,1,151936,50,bfloat16,8,8,2.527,2.526,2.532,2.528,0.003,5,5000,500,0,6ddf1e0-dirty
phase1,1,1,151936,50,bfloat16,8,8,4.146,4.142,4.156,4.148,0.006,5,5000,500,0,6ddf1e0-dirty
phase2,2,1,151936,50,bfloat16,8,8,4.266,4.262,4.272,4.267,0.005,5,5000,500,0,6ddf1e0-dirty
phase3,3,1,151936,50,bfloat16,8,8,6.612,6.301,6.618,6.536,0.175,5,5000,500,0,6ddf1e0-dirty
phase4,4,1,151936,50,bfloat16,8,8,8.174,8.171,8.189,8.177,0.009,5,5000,500,0,6ddf1e0-dirty
phase5,5,1,151936,50,bfloat16,8,8,10.266,10.263,10.592,10.347,0.183,5,5000,500,0,6ddf1e0-dirty
phase6,6,1,151936,50,bfloat16,8,8,16.416,16.408,16.436,16.419,0.013,5,5000,500,0,6ddf1e0-dirty
phase7,7,1,151936,50,bfloat16,8,8,18.480,18.474,18.483,18.479,0.005,5,5000,500,0,6ddf1e0-dirty
full,7,1,151936,50,bfloat16,8,8,18.477,18.470,18.480,18.475,0.004,5,5000,500,0,6ddf1e0-dirty
noop,0,1,151936,100,bfloat16,8,8,2.541,2.536,2.546,2.541,0.004,5,5000,500,0,6ddf1e0-dirty
phase1,1,1,151936,100,bfloat16,8,8,4.151,4.146,4.168,4.155,0.010,5,5000,500,0,6ddf1e0-dirty
phase2,2,1,151936,100,bfloat16,8,8,4.275,4.272,4.281,4.276,0.004,5,5000,500,0,6ddf1e0-dirty
phase3,3,1,151936,100,bfloat16,8,8,6.600,6.203,6.606,6.444,0.220,5,5000,500,0,6ddf1e0-dirty
phase4,4,1,151936,100,bfloat16,8,8,8.175,8.171,8.192,8.179,0.010,5,5000,500,0,6ddf1e0-dirty
phase5,5,1,151936,100,bfloat16,8,8,12.274,12.273,12.286,12.277,0.007,5,5000,500,0,6ddf1e0-dirty
phase6,6,1,151936,100,bfloat16,8,8,20.491,20.490,20.492,20.491,0.001,5,5000,500,0,6ddf1e0-dirty
phase7,7,1,151936,100,bfloat16,8,8,24.571,24.569,24.574,24.572,0.002,5,4750,475,0,6ddf1e0-dirty
full,7,1,151936,100,bfloat16,8,8,24.575,24.575,24.577,24.576,0.001,5,4740,474,0,6ddf1e0-dirty
noop,0,4,151936,20,bfloat16,8,32,2.536,2.532,2.542,2.536,0.005,5,5000,500,0,6ddf1e0-dirty
phase1,1,4,151936,20,bfloat16,8,32,4.183,4.175,4.196,4.185,0.010,5,5000,500,0,6ddf1e0-dirty
phase2,2,4,151936,20,bfloat16,8,32,4.315,4.312,4.322,4.317,0.005,5,5000,500,0,6ddf1e0-dirty
phase3,3,4,151936,20,bfloat16,8,32,7.500,7.366,7.552,7.466,0.094,5,5000,500,0,6ddf1e0-dirty
phase4,4,4,151936,20,bfloat16,8,32,8.171,8.171,8.173,8.172,0.001,5,5000,500,0,6ddf1e0-dirty
phase5,5,4,151936,20,bfloat16,8,32,10.691,10.673,10.743,10.701,0.031,5,5000,500,0,6ddf1e0-dirty
phase6,6,4,151936,20,bfloat16,8,32,15.138,15.123,15.165,15.141,0.019,5,5000,500,0,6ddf1e0-dirty
phase7,7,4,151936,20,bfloat16,8,32,17.236,17.217,17.241,17.232,0.011,5,5000,500,0,6ddf1e0-dirty
full,7,4,151936,20,bfloat16,8,32,17.249,17.239,17.255,17.247,0.007,5,5000,500,0,6ddf1e0-dirty
noop,0,4,151936,50,bfloat16,8,32,2.536,2.534,2.544,2.538,0.005,5,5000,500,0,6ddf1e0-dirty
phase1,1,4,151936,50,bfloat16,8,32,4.184,4.162,4.197,4.180,0.016,5,5000,500,0,6ddf1e0-dirty
phase2,2,4,151936,50,bfloat16,8,32,4.320,4.312,4.333,4.321,0.009,5,5000,500,0,6ddf1e0-dirty
phase3,3,4,151936,50,bfloat16,8,32,7.717,7.691,7.799,7.739,0.049,5,5000,500,0,6ddf1e0-dirty
phase4,4,4,151936,50,bfloat16,8,32,8.172,8.171,8.183,8.175,0.006,5,5000,500,0,6ddf1e0-dirty
phase5,5,4,151936,50,bfloat16,8,32,12.268,12.267,12.285,12.272,0.010,5,5000,500,0,6ddf1e0-dirty
phase6,6,4,151936,50,bfloat16,8,32,18.425,18.422,18.426,18.424,0.002,5,5000,500,0,6ddf1e0-dirty
phase7,7,4,151936,50,bfloat16,8,32,22.509,22.508,22.510,22.509,0.001,5,5000,500,0,6ddf1e0-dirty
full,7,4,151936,50,bfloat16,8,32,22.519,22.518,22.521,22.520,0.001,5,5000,500,0,6ddf1e0-dirty
noop,0,4,151936,100,bfloat16,8,32,2.540,2.536,2.583,2.550,0.024,5,5000,500,0,6ddf1e0-dirty
phase1,1,4,151936,100,bfloat16,8,32,4.187,4.177,4.198,4.187,0.009,5,5000,500,0,6ddf1e0-dirty
phase2,2,4,151936,100,bfloat16,8,32,4.315,4.304,4.329,4.316,0.011,5,5000,500,0,6ddf1e0-dirty
phase3,3,4,151936,100,bfloat16,8,32,7.786,7.773,7.861,7.807,0.041,5,5000,500,0,6ddf1e0-dirty
phase4,4,4,151936,100,bfloat16,8,32,8.172,8.170,8.181,8.174,0.005,5,5000,500,0,6ddf1e0-dirty
phase5,5,4,151936,100,bfloat16,8,32,12.283,12.283,12.284,12.283,0.000,5,5000,500,0,6ddf1e0-dirty
phase6,6,4,151936,100,bfloat16,8,32,20.484,20.478,20.486,20.483,0.004,5,5000,500,0,6ddf1e0-dirty
phase7,7,4,151936,100,bfloat16,8,32,26.612,26.612,26.614,26.613,0.001,5,4445,444,0,6ddf1e0-dirty
full,7,4,151936,100,bfloat16,8,32,26.815,26.811,26.823,26.817,0.006,5,4418,441,0,6ddf1e0-dirty
noop,0,8,151936,20,bfloat16,8,64,2.519,2.515,2.538,2.523,0.011,5,5000,500,0,6ddf1e0-dirty
phase1,1,8,151936,20,bfloat16,8,64,4.201,4.182,4.213,4.200,0.014,5,5000,500,0,6ddf1e0-dirty
phase2,2,8,151936,20,bfloat16,8,64,4.317,4.313,4.333,4.321,0.009,5,5000,500,0,6ddf1e0-dirty
phase3,3,8,151936,20,bfloat16,8,64,8.087,8.020,8.129,8.076,0.047,5,5000,500,0,6ddf1e0-dirty
phase4,4,8,151936,20,bfloat16,8,64,8.171,8.171,8.172,8.171,0.001,5,5000,500,0,6ddf1e0-dirty
phase5,5,8,151936,20,bfloat16,8,64,10.263,10.261,10.266,10.264,0.002,5,5000,500,0,6ddf1e0-dirty
phase6,6,8,151936,20,bfloat16,8,64,14.494,14.485,14.500,14.493,0.007,5,5000,500,0,6ddf1e0-dirty
phase7,7,8,151936,20,bfloat16,8,64,16.816,16.790,16.830,16.813,0.018,5,5000,500,0,6ddf1e0-dirty
full,7,8,151936,20,bfloat16,8,64,16.817,16.807,16.832,16.819,0.012,5,5000,500,0,6ddf1e0-dirty
noop,0,8,151936,50,bfloat16,8,64,2.552,2.549,2.555,2.552,0.003,5,5000,500,0,6ddf1e0-dirty
phase1,1,8,151936,50,bfloat16,8,64,4.203,4.146,4.207,4.185,0.030,5,5000,500,0,6ddf1e0-dirty
phase2,2,8,151936,50,bfloat16,8,64,4.264,4.250,4.265,4.260,0.007,5,5000,500,0,6ddf1e0-dirty
phase3,3,8,151936,50,bfloat16,8,64,6.592,6.531,6.614,6.582,0.039,5,5000,500,0,6ddf1e0-dirty
phase4,4,8,151936,50,bfloat16,8,64,7.801,7.797,7.894,7.831,0.048,5,5000,500,0,6ddf1e0-dirty
phase5,5,8,151936,50,bfloat16,8,64,10.258,10.258,10.260,10.259,0.001,5,5000,500,0,6ddf1e0-dirty
phase6,6,8,151936,50,bfloat16,8,64,16.392,16.392,16.393,16.392,0.000,5,5000,500,0,6ddf1e0-dirty
phase7,7,8,151936,50,bfloat16,8,64,20.470,20.469,20.471,20.470,0.001,5,5000,500,0,6ddf1e0-dirty
full,7,8,151936,50,bfloat16,8,64,20.085,20.069,20.103,20.086,0.015,5,5000,500,0,6ddf1e0-dirty
noop,0,8,151936,100,bfloat16,8,64,2.533,2.522,2.550,2.536,0.012,5,5000,500,0,6ddf1e0-dirty
phase1,1,8,151936,100,bfloat16,8,64,4.161,4.143,4.206,4.171,0.030,5,5000,500,0,6ddf1e0-dirty
phase2,2,8,151936,100,bfloat16,8,64,4.253,4.244,4.264,4.253,0.009,5,5000,500,0,6ddf1e0-dirty
phase3,3,8,151936,100,bfloat16,8,64,6.195,6.190,6.589,6.351,0.216,5,5000,500,0,6ddf1e0-dirty
phase4,4,8,151936,100,bfloat16,8,64,7.771,7.662,7.816,7.752,0.070,5,5000,500,0,6ddf1e0-dirty
phase5,5,8,151936,100,bfloat16,8,64,12.106,12.102,12.121,12.109,0.009,5,5000,500,0,6ddf1e0-dirty
phase6,6,8,151936,100,bfloat16,8,64,20.486,20.483,20.489,20.486,0.003,5,5000,500,0,6ddf1e0-dirty
phase7,7,8,151936,100,bfloat16,8,64,26.258,26.243,26.310,26.269,0.030,5,4449,444,0,6ddf1e0-dirty
full,7,8,151936,100,bfloat16,8,64,25.843,25.824,25.845,25.839,0.011,5,4500,450,0,6ddf1e0-dirty
noop,0,16,151936,20,bfloat16,8,128,2.535,2.528,2.546,2.537,0.008,5,5000,500,0,6ddf1e0-dirty
phase1,1,16,151936,20,bfloat16,8,128,6.166,5.858,6.171,6.051,0.162,5,5000,500,0,6ddf1e0-dirty
phase2,2,16,151936,20,bfloat16,8,128,6.177,6.172,6.181,6.176,0.005,5,5000,500,0,6ddf1e0-dirty
phase3,3,16,151936,20,bfloat16,8,128,9.781,9.718,9.800,9.762,0.039,5,5000,500,0,6ddf1e0-dirty
phase4,4,16,151936,20,bfloat16,8,128,10.225,10.225,10.228,10.226,0.002,5,5000,500,0,6ddf1e0-dirty
phase5,5,16,151936,20,bfloat16,8,128,14.330,14.319,14.332,14.327,0.006,5,5000,500,0,6ddf1e0-dirty
phase6,6,16,151936,20,bfloat16,8,128,17.233,17.214,17.250,17.235,0.017,5,5000,500,0,6ddf1e0-dirty
phase7,7,16,151936,20,bfloat16,8,128,18.898,18.867,18.983,18.913,0.052,5,5000,500,0,6ddf1e0-dirty
full,7,16,151936,20,bfloat16,8,128,18.956,18.940,18.985,18.960,0.021,5,5000,500,0,6ddf1e0-dirty
noop,0,16,151936,50,bfloat16,8,128,2.536,2.532,2.540,2.536,0.003,5,5000,500,0,6ddf1e0-dirty
phase1,1,16,151936,50,bfloat16,8,128,6.018,5.871,6.174,6.025,0.143,5,5000,500,0,6ddf1e0-dirty
phase2,2,16,151936,50,bfloat16,8,128,6.176,6.173,6.180,6.176,0.003,5,5000,500,0,6ddf1e0-dirty
phase3,3,16,151936,50,bfloat16,8,128,9.900,9.868,9.931,9.899,0.028,5,5000,500,0,6ddf1e0-dirty
phase4,4,16,151936,50,bfloat16,8,128,10.226,10.225,10.228,10.226,0.001,5,5000,500,0,6ddf1e0-dirty
phase5,5,16,151936,50,bfloat16,8,128,14.342,14.333,14.343,14.340,0.005,5,5000,500,0,6ddf1e0-dirty
phase6,6,16,151936,50,bfloat16,8,128,20.434,20.432,20.438,20.434,0.003,5,5000,500,0,6ddf1e0-dirty
phase7,7,16,151936,50,bfloat16,8,128,24.477,24.467,24.490,24.478,0.011,5,4892,489,0,6ddf1e0-dirty
full,7,16,151936,50,bfloat16,8,128,24.466,24.447,24.481,24.465,0.016,5,4748,474,0,6ddf1e0-dirty
noop,0,16,151936,100,bfloat16,8,128,2.533,2.527,2.551,2.538,0.011,5,5000,500,0,6ddf1e0-dirty
phase1,1,16,151936,100,bfloat16,8,128,6.098,6.017,6.174,6.105,0.073,5,5000,500,0,6ddf1e0-dirty
phase2,2,16,151936,100,bfloat16,8,128,6.177,6.168,6.179,6.174,0.005,5,5000,500,0,6ddf1e0-dirty
phase3,3,16,151936,100,bfloat16,8,128,10.125,10.072,10.154,10.116,0.037,5,5000,500,0,6ddf1e0-dirty
phase4,4,16,151936,100,bfloat16,8,128,10.224,10.224,10.237,10.228,0.007,5,5000,500,0,6ddf1e0-dirty
phase5,5,16,151936,100,bfloat16,8,128,14.669,14.442,14.678,14.612,0.125,5,5000,500,0,6ddf1e0-dirty
phase6,6,16,151936,100,bfloat16,8,128,22.533,22.531,22.534,22.532,0.001,5,5000,500,0,6ddf1e0-dirty
phase7,7,16,151936,100,bfloat16,8,128,28.666,28.664,28.667,28.666,0.001,5,4139,413,0,6ddf1e0-dirty
full,7,16,151936,100,bfloat16,8,128,28.593,28.592,28.605,28.597,0.006,5,4116,411,0,6ddf1e0-dirty
noop,0,32,151936,20,bfloat16,4,128,2.534,2.530,2.537,2.534,0.003,5,5000,500,0,6ddf1e0-dirty
phase1,1,32,151936,20,bfloat16,4,128,8.202,8.177,8.208,8.196,0.014,5,5000,500,0,6ddf1e0-dirty
phase2,2,32,151936,20,bfloat16,4,128,8.210,8.207,8.219,8.212,0.006,5,5000,500,0,6ddf1e0-dirty
phase3,3,32,151936,20,bfloat16,4,128,16.299,16.268,16.333,16.301,0.029,5,5000,500,0,6ddf1e0-dirty
phase4,4,32,151936,20,bfloat16,4,128,16.380,16.371,16.381,16.378,0.005,5,5000,500,0,6ddf1e0-dirty
phase5,5,32,151936,20,bfloat16,4,128,23.188,23.009,23.225,23.153,0.107,5,5000,500,0,6ddf1e0-dirty
phase6,6,32,151936,20,bfloat16,4,128,24.700,24.696,24.705,24.700,0.004,5,4810,481,0,6ddf1e0-dirty
phase7,7,32,151936,20,bfloat16,4,128,26.642,26.641,26.646,26.643,0.002,5,4426,442,0,6ddf1e0-dirty
full,7,32,151936,20,bfloat16,4,128,26.812,26.804,26.822,26.813,0.008,5,4388,438,0,6ddf1e0-dirty
noop,0,32,151936,50,bfloat16,4,128,2.535,2.527,2.540,2.533,0.006,5,5000,500,0,6ddf1e0-dirty
phase1,1,32,151936,50,bfloat16,4,128,8.187,8.173,8.205,8.190,0.015,5,5000,500,0,6ddf1e0-dirty
phase2,2,32,151936,50,bfloat16,4,128,8.208,8.208,8.209,8.208,0.001,5,5000,500,0,6ddf1e0-dirty
phase3,3,32,151936,50,bfloat16,4,128,16.370,16.362,16.373,16.369,0.005,5,5000,500,0,6ddf1e0-dirty
phase4,4,32,151936,50,bfloat16,4,128,16.384,16.376,16.385,16.382,0.005,5,5000,500,0,6ddf1e0-dirty
phase5,5,32,151936,50,bfloat16,4,128,24.404,24.380,24.414,24.399,0.015,5,5000,500,0,6ddf1e0-dirty
phase6,6,32,151936,50,bfloat16,4,128,26.711,26.706,26.721,26.712,0.007,5,4393,439,0,6ddf1e0-dirty
phase7,7,32,151936,50,bfloat16,4,128,30.715,30.710,30.717,30.714,0.003,5,3860,386,0,6ddf1e0-dirty
full,7,32,151936,50,bfloat16,4,128,30.701,30.696,30.706,30.701,0.004,5,3877,387,0,6ddf1e0-dirty
noop,0,32,151936,100,bfloat16,4,128,2.524,2.521,2.543,2.530,0.011,5,5000,500,0,6ddf1e0-dirty
phase1,1,32,151936,100,bfloat16,4,128,8.206,8.170,8.209,8.193,0.021,5,5000,500,0,6ddf1e0-dirty
phase2,2,32,151936,100,bfloat16,4,128,8.213,8.211,8.219,8.214,0.004,5,5000,500,0,6ddf1e0-dirty
phase3,3,32,151936,100,bfloat16,4,128,16.377,16.372,16.383,16.378,0.005,5,5000,500,0,6ddf1e0-dirty
phase4,4,32,151936,100,bfloat16,4,128,16.385,16.378,16.388,16.384,0.004,5,5000,500,0,6ddf1e0-dirty
phase5,5,32,151936,100,bfloat16,4,128,24.616,24.612,24.620,24.616,0.003,5,4841,484,0,6ddf1e0-dirty
phase6,6,32,151936,100,bfloat16,4,128,29.777,29.736,29.791,29.770,0.025,5,4058,405,0,6ddf1e0-dirty
phase7,7,32,151936,100,bfloat16,4,128,34.846,34.843,34.847,34.845,0.002,5,3414,341,0,6ddf1e0-dirty
full,7,32,151936,100,bfloat16,4,128,34.882,34.879,34.892,34.884,0.006,5,3388,338,0,6ddf1e0-dirty
phase1,1,1,151936,20,bfloat16,8,8,4.144,4.137,4.147,4.143,0.005,5,5000,500,1,6ddf1e0-dirty
phase2,2,1,151936,20,bfloat16,8,8,4.202,4.177,4.214,4.197,0.016,5,5000,500,1,6ddf1e0-dirty
phase3,3,1,151936,20,bfloat16,8,8,6.330,6.310,6.337,6.326,0.012,5,5000,500,1,6ddf1e0-dirty
phase4,4,1,151936,20,bfloat16,8,8,6.600,6.209,6.600,6.444,0.214,5,5000,500,1,6ddf1e0-dirty
phase5,5,1,151936,20,bfloat16,8,8,10.248,10.229,10.250,10.241,0.011,5,5000,500,1,6ddf1e0-dirty
phase6,6,1,151936,20,bfloat16,8,8,14.352,14.350,14.353,14.352,0.002,5,5000,500,1,6ddf1e0-dirty
phase7,7,1,151936,20,bfloat16,8,8,16.343,16.338,16.346,16.343,0.003,5,5000,500,1,6ddf1e0-dirty
full,7,1,151936,20,bfloat16,8,8,16.345,16.343,16.354,16.346,0.006,5,5000,500,1,6ddf1e0-dirty
noop,0,1,151936,20,bfloat16,8,8,2.543,2.540,2.561,2.548,0.010,5,5000,500,1,6ddf1e0-dirty
phase1,1,1,151936,50,bfloat16,8,8,4.137,4.134,4.148,4.140,0.007,5,5000,500,1,6ddf1e0-dirty
phase2,2,1,151936,50,bfloat16,8,8,4.189,4.176,4.192,4.185,0.008,5,5000,500,1,6ddf1e0-dirty
phase3,3,1,151936,50,bfloat16,8,8,6.284,6.203,6.295,6.265,0.045,5,5000,500,1,6ddf1e0-dirty
phase4,4,1,151936,50,bfloat16,8,8,6.599,6.196,6.601,6.439,0.220,5,5000,500,1,6ddf1e0-dirty
phase5,5,1,151936,50,bfloat16,8,8,10.269,10.256,10.274,10.267,0.008,5,5000,500,1,6ddf1e0-dirty
phase6,6,1,151936,50,bfloat16,8,8,16.379,16.378,16.380,16.379,0.001,5,5000,500,1,6ddf1e0-dirty
phase7,7,1,151936,50,bfloat16,8,8,18.459,18.457,18.484,18.466,0.013,5,5000,500,1,6ddf1e0-dirty
full,7,1,151936,50,bfloat16,8,8,18.969,18.957,18.980,18.967,0.010,5,5000,500,1,6ddf1e0-dirty
noop,0,1,151936,50,bfloat16,8,8,2.524,2.520,2.531,2.525,0.005,5,5000,500,1,6ddf1e0-dirty
phase1,1,1,151936,100,bfloat16,8,8,4.143,4.136,4.149,4.142,0.006,5,5000,500,1,6ddf1e0-dirty
phase2,2,1,151936,100,bfloat16,8,8,4.201,4.184,4.206,4.196,0.010,5,5000,500,1,6ddf1e0-dirty
phase3,3,1,151936,100,bfloat16,8,8,6.327,6.300,6.330,6.321,0.015,5,5000,500,1,6ddf1e0-dirty
phase4,4,1,151936,100,bfloat16,8,8,6.599,6.205,6.600,6.442,0.216,5,5000,500,1,6ddf1e0-dirty
phase5,5,1,151936,100,bfloat16,8,8,10.349,10.345,10.599,10.410,0.140,5,5000,500,1,6ddf1e0-dirty
phase6,6,1,151936,100,bfloat16,8,8,18.586,18.585,18.595,18.589,0.005,5,5000,500,1,6ddf1e0-dirty
phase7,7,1,151936,100,bfloat16,8,8,22.679,22.677,22.693,22.684,0.008,5,5000,500,1,6ddf1e0-dirty
full,7,1,151936,100,bfloat16,8,8,23.217,23.200,23.243,23.219,0.020,5,4790,479,1,6ddf1e0-dirty
noop,0,1,151936,100,bfloat16,8,8,2.546,2.534,2.547,2.542,0.007,5,5000,500,1,6ddf1e0-dirty
phase1,1,4,151936,20,bfloat16,8,32,4.139,4.137,4.144,4.140,0.003,5,5000,500,1,6ddf1e0-dirty
phase2,2,4,151936,20,bfloat16,8,32,4.254,4.240,4.259,4.251,0.008,5,5000,500,1,6ddf1e0-dirty
phase3,3,4,151936,20,bfloat16,8,32,6.585,6.527,6.590,6.572,0.033,5,5000,500,1,6ddf1e0-dirty
phase4,4,4,151936,20,bfloat16,8,32,7.489,7.455,7.628,7.529,0.085,5,5000,500,1,6ddf1e0-dirty
phase5,5,4,151936,20,bfloat16,8,32,10.259,10.257,10.262,10.259,0.002,5,5000,500,1,6ddf1e0-dirty
phase6,6,4,151936,20,bfloat16,8,32,14.362,14.360,14.366,14.363,0.002,5,5000,500,1,6ddf1e0-dirty
phase7,7,4,151936,20,bfloat16,8,32,16.357,16.353,16.360,16.357,0.003,5,5000,500,1,6ddf1e0-dirty
full,7,4,151936,20,bfloat16,8,32,16.358,16.355,16.360,16.358,0.002,5,5000,500,1,6ddf1e0-dirty
noop,0,4,151936,20,bfloat16,8,32,2.537,2.527,2.545,2.538,0.008,5,5000,500,1,6ddf1e0-dirty
phase1,1,4,151936,50,bfloat16,8,32,4.140,4.138,4.151,4.143,0.006,5,5000,500,1,6ddf1e0-dirty
phase2,2,4,151936,50,bfloat16,8,32,4.252,4.239,4.253,4.248,0.007,5,5000,500,1,6ddf1e0-dirty
phase3,3,4,151936,50,bfloat16,8,32,6.588,6.276,6.592,6.511,0.175,5,5000,500,1,6ddf1e0-dirty
phase4,4,4,151936,50,bfloat16,8,32,7.327,7.309,7.487,7.382,0.090,5,5000,500,1,6ddf1e0-dirty
phase5,5,4,151936,50,bfloat16,8,32,10.259,10.257,10.389,10.307,0.068,5,5000,500,1,6ddf1e0-dirty
phase6,6,4,151936,50,bfloat16,8,32,16.374,16.371,16.375,16.373,0.002,5,5000,500,1,6ddf1e0-dirty
phase7,7,4,151936,50,bfloat16,8,32,20.468,20.464,20.486,20.471,0.011,5,5000,500,1,6ddf1e0-dirty
full,7,4,151936,50,bfloat16,8,32,20.200,20.191,20.204,20.198,0.006,5,5000,500,1,6ddf1e0-dirty
noop,0,4,151936,50,bfloat16,8,32,2.560,2.551,2.567,2.560,0.007,5,5000,500,1,6ddf1e0-dirty
phase1,1,4,151936,100,bfloat16,8,32,4.143,4.140,4.148,4.144,0.004,5,5000,500,1,6ddf1e0-dirty
phase2,2,4,151936,100,bfloat16,8,32,4.245,4.235,4.262,4.246,0.012,5,5000,500,1,6ddf1e0-dirty
phase3,3,4,151936,100,bfloat16,8,32,6.590,6.254,6.590,6.493,0.173,5,5000,500,1,6ddf1e0-dirty
phase4,4,4,151936,100,bfloat16,8,32,7.479,7.443,7.608,7.516,0.083,5,5000,500,1,6ddf1e0-dirty
phase5,5,4,151936,100,bfloat16,8,32,12.114,12.098,12.140,12.117,0.019,5,5000,500,1,6ddf1e0-dirty
phase6,6,4,151936,100,bfloat16,8,32,20.391,20.388,20.399,20.393,0.005,5,5000,500,1,6ddf1e0-dirty
phase7,7,4,151936,100,bfloat16,8,32,24.496,24.483,24.503,24.494,0.009,5,4777,477,1,6ddf1e0-dirty
full,7,4,151936,100,bfloat16,8,32,25.963,25.938,25.973,25.959,0.016,5,4539,453,1,6ddf1e0-dirty
noop,0,4,151936,100,bfloat16,8,32,2.561,2.559,2.570,2.564,0.005,5,5000,500,1,6ddf1e0-dirty
phase1,1,8,151936,20,bfloat16,8,64,4.155,4.143,4.159,4.153,0.007,5,5000,500,1,6ddf1e0-dirty
phase2,2,8,151936,20,bfloat16,8,64,4.259,4.249,4.271,4.261,0.010,5,5000,500,1,6ddf1e0-dirty
phase3,3,8,151936,20,bfloat16,8,64,6.589,6.530,6.597,6.576,0.034,5,5000,500,1,6ddf1e0-dirty
phase4,4,8,151936,20,bfloat16,8,64,8.157,8.145,8.161,8.154,0.007,5,5000,500,1,6ddf1e0-dirty
phase5,5,8,151936,20,bfloat16,8,64,10.260,10.253,10.268,10.260,0.007,5,5000,500,1,6ddf1e0-dirty
phase6,6,8,151936,20,bfloat16,8,64,14.380,14.379,14.384,14.381,0.002,5,5000,500,1,6ddf1e0-dirty
phase7,7,8,151936,20,bfloat16,8,64,16.378,16.377,16.379,16.378,0.001,5,5000,500,1,6ddf1e0-dirty
full,7,8,151936,20,bfloat16,8,64,16.378,16.377,16.380,16.378,0.001,5,5000,500,1,6ddf1e0-dirty
noop,0,8,151936,20,bfloat16,8,64,2.543,2.540,2.554,2.546,0.007,5,5000,500,1,6ddf1e0-dirty
phase1,1,8,151936,50,bfloat16,8,64,4.143,4.140,4.155,4.146,0.007,5,5000,500,1,6ddf1e0-dirty
phase2,2,8,151936,50,bfloat16,8,64,4.256,4.252,4.259,4.255,0.003,5,5000,500,1,6ddf1e0-dirty
phase3,3,8,151936,50,bfloat16,8,64,6.597,6.197,6.599,6.438,0.219,5,5000,500,1,6ddf1e0-dirty
phase4,4,8,151936,50,bfloat16,8,64,8.166,8.161,8.170,8.166,0.004,5,5000,500,1,6ddf1e0-dirty
phase5,5,8,151936,50,bfloat16,8,64,10.263,10.260,10.568,10.338,0.171,5,5000,500,1,6ddf1e0-dirty
phase6,6,8,151936,50,bfloat16,8,64,16.387,16.386,16.389,16.387,0.001,5,5000,500,1,6ddf1e0-dirty
phase7,7,8,151936,50,bfloat16,8,64,20.479,20.477,20.496,20.483,0.010,5,5000,500,1,6ddf1e0-dirty
full,7,8,151936,50,bfloat16,8,64,20.100,20.089,20.101,20.098,0.006,5,5000,500,1,6ddf1e0-dirty
noop,0,8,151936,50,bfloat16,8,64,2.535,2.531,2.553,2.539,0.010,5,5000,500,1,6ddf1e0-dirty
phase1,1,8,151936,100,bfloat16,8,64,4.160,4.155,4.164,4.159,0.004,5,5000,500,1,6ddf1e0-dirty
phase2,2,8,151936,100,bfloat16,8,64,4.275,4.263,4.284,4.274,0.010,5,5000,500,1,6ddf1e0-dirty
phase3,3,8,151936,100,bfloat16,8,64,6.597,6.200,6.599,6.439,0.218,5,5000,500,1,6ddf1e0-dirty
phase4,4,8,151936,100,bfloat16,8,64,8.167,8.163,8.174,8.168,0.005,5,5000,500,1,6ddf1e0-dirty
phase5,5,8,151936,100,bfloat16,8,64,12.043,12.022,12.073,12.047,0.023,5,5000,500,1,6ddf1e0-dirty
phase6,6,8,151936,100,bfloat16,8,64,20.477,20.421,20.491,20.467,0.034,5,5000,500,1,6ddf1e0-dirty
phase7,7,8,151936,100,bfloat16,8,64,26.603,26.601,26.605,26.603,0.002,5,4409,440,1,6ddf1e0-dirty
full,7,8,151936,100,bfloat16,8,64,25.896,25.884,25.910,25.898,0.012,5,4473,447,1,6ddf1e0-dirty
noop,0,8,151936,100,bfloat16,8,64,2.546,2.539,2.558,2.548,0.009,5,5000,500,1,6ddf1e0-dirty
phase1,1,16,151936,20,bfloat16,8,128,6.141,6.033,6.179,6.116,0.069,5,5000,500,1,6ddf1e0-dirty
phase2,2,16,151936,20,bfloat16,8,128,6.177,6.171,6.182,6.177,0.005,5,5000,500,1,6ddf1e0-dirty
phase3,3,16,151936,20,bfloat16,8,128,10.201,10.192,10.216,10.204,0.011,5,5000,500,1,6ddf1e0-dirty
phase4,4,16,151936,20,bfloat16,8,128,10.226,10.224,10.236,10.228,0.006,5,5000,500,1,6ddf1e0-dirty
phase5,5,16,151936,20,bfloat16,8,128,14.340,14.332,14.340,14.338,0.004,5,5000,500,1,6ddf1e0-dirty
phase6,6,16,151936,20,bfloat16,8,128,18.146,18.137,18.164,18.150,0.012,5,5000,500,1,6ddf1e0-dirty
phase7,7,16,151936,20,bfloat16,8,128,19.839,19.823,19.847,19.836,0.011,5,5000,500,1,6ddf1e0-dirty
full,7,16,151936,20,bfloat16,8,128,19.852,19.841,19.864,19.852,0.010,5,5000,500,1,6ddf1e0-dirty
noop,0,16,151936,20,bfloat16,8,128,2.543,2.534,2.549,2.542,0.007,5,5000,500,1,6ddf1e0-dirty
phase1,1,16,151936,50,bfloat16,8,128,6.154,6.046,6.180,6.130,0.063,5,5000,500,1,6ddf1e0-dirty
phase2,2,16,151936,50,bfloat16,8,128,6.174,6.168,6.180,6.174,0.006,5,5000,500,1,6ddf1e0-dirty
phase3,3,16,151936,50,bfloat16,8,128,10.225,10.221,10.231,10.225,0.004,5,5000,500,1,6ddf1e0-dirty
phase4,4,16,151936,50,bfloat16,8,128,10.226,10.225,10.243,10.230,0.009,5,5000,500,1,6ddf1e0-dirty
phase5,5,16,151936,50,bfloat16,8,128,14.355,14.355,14.367,14.358,0.007,5,5000,500,1,6ddf1e0-dirty
phase6,6,16,151936,50,bfloat16,8,128,20.463,20.461,20.464,20.463,0.002,5,5000,500,1,6ddf1e0-dirty
phase7,7,16,151936,50,bfloat16,8,128,24.562,24.560,24.564,24.562,0.002,5,4858,485,1,6ddf1e0-dirty
full,7,16,151936,50,bfloat16,8,128,24.558,24.556,24.560,24.558,0.002,5,4756,475,1,6ddf1e0-dirty
noop,0,16,151936,50,bfloat16,8,128,2.534,2.528,2.556,2.539,0.013,5,5000,500,1,6ddf1e0-dirty
phase1,1,16,151936,100,bfloat16,8,128,6.166,6.157,6.177,6.166,0.009,5,5000,500,1,6ddf1e0-dirty
phase2,2,16,151936,100,bfloat16,8,128,6.177,6.172,6.182,6.177,0.004,5,5000,500,1,6ddf1e0-dirty
phase3,3,16,151936,100,bfloat16,8,128,10.225,10.223,10.226,10.225,0.001,5,5000,500,1,6ddf1e0-dirty
phase4,4,16,151936,100,bfloat16,8,128,10.226,10.224,10.238,10.228,0.007,5,5000,500,1,6ddf1e0-dirty
phase5,5,16,151936,100,bfloat16,8,128,15.040,15.017,15.050,15.036,0.015,5,5000,500,1,6ddf1e0-dirty
phase6,6,16,151936,100,bfloat16,8,128,22.545,22.541,22.546,22.544,0.003,5,5000,500,1,6ddf1e0-dirty
phase7,7,16,151936,100,bfloat16,8,128,28.611,28.597,28.619,28.610,0.010,5,4162,416,1,6ddf1e0-dirty
full,7,16,151936,100,bfloat16,8,128,28.605,28.596,28.607,28.603,0.005,5,4131,413,1,6ddf1e0-dirty
noop,0,16,151936,100,bfloat16,8,128,2.547,2.541,2.561,2.549,0.009,5,5000,500,1,6ddf1e0-dirty
phase1,1,32,151936,20,bfloat16,4,128,8.190,8.171,8.206,8.189,0.017,5,5000,500,1,6ddf1e0-dirty
phase2,2,32,151936,20,bfloat16,4,128,8.215,8.210,8.249,8.222,0.019,5,5000,500,1,6ddf1e0-dirty
phase3,3,32,151936,20,bfloat16,4,128,16.385,16.377,16.386,16.383,0.005,5,5000,500,1,6ddf1e0-dirty
phase4,4,32,151936,20,bfloat16,4,128,16.387,16.379,16.388,16.385,0.004,5,5000,500,1,6ddf1e0-dirty
phase5,5,32,151936,20,bfloat16,4,128,24.213,24.175,24.230,24.209,0.026,5,5000,500,1,6ddf1e0-dirty
phase6,6,32,151936,20,bfloat16,4,128,25.294,25.282,25.314,25.298,0.015,5,4765,476,1,6ddf1e0-dirty
phase7,7,32,151936,20,bfloat16,4,128,26.707,26.701,26.711,26.706,0.004,5,4442,444,1,6ddf1e0-dirty
full,7,32,151936,20,bfloat16,4,128,26.824,26.823,26.841,26.830,0.009,5,4413,441,1,6ddf1e0-dirty
noop,0,32,151936,20,bfloat16,4,128,2.538,2.529,2.545,2.538,0.007,5,5000,500,1,6ddf1e0-dirty
phase1,1,32,151936,50,bfloat16,4,128,8.202,8.173,8.244,8.203,0.032,5,5000,500,1,6ddf1e0-dirty
phase2,2,32,151936,50,bfloat16,4,128,8.214,8.208,8.238,8.218,0.014,5,5000,500,1,6ddf1e0-dirty
phase3,3,32,151936,50,bfloat16,4,128,16.386,16.379,16.387,16.384,0.004,5,5000,500,1,6ddf1e0-dirty
phase4,4,32,151936,50,bfloat16,4,128,16.388,16.380,16.390,16.387,0.005,5,5000,500,1,6ddf1e0-dirty
phase5,5,32,151936,50,bfloat16,4,128,24.576,24.572,24.577,24.575,0.002,5,5000,500,1,6ddf1e0-dirty
phase6,6,32,151936,50,bfloat16,4,128,27.117,27.108,27.169,27.131,0.029,5,4407,440,1,6ddf1e0-dirty
phase7,7,32,151936,50,bfloat16,4,128,30.727,30.725,30.730,30.728,0.002,5,3861,386,1,6ddf1e0-dirty
full,7,32,151936,50,bfloat16,4,128,30.719,30.718,30.723,30.720,0.002,5,3842,384,1,6ddf1e0-dirty
noop,0,32,151936,50,bfloat16,4,128,2.540,2.537,2.546,2.541,0.004,5,5000,500,1,6ddf1e0-dirty
phase1,1,32,151936,100,bfloat16,4,128,8.199,8.183,8.220,8.201,0.016,5,5000,500,1,6ddf1e0-dirty
phase2,2,32,151936,100,bfloat16,4,128,8.216,8.213,8.296,8.237,0.043,5,5000,500,1,6ddf1e0-dirty
phase3,3,32,151936,100,bfloat16,4,128,16.387,16.378,16.388,16.385,0.005,5,5000,500,1,6ddf1e0-dirty
phase4,4,32,151936,100,bfloat16,4,128,16.389,16.381,16.390,16.387,0.005,5,5000,500,1,6ddf1e0-dirty
phase5,5,32,151936,100,bfloat16,4,128,24.674,24.614,24.689,24.663,0.036,5,4843,484,1,6ddf1e0-dirty
phase6,6,32,151936,100,bfloat16,4,128,29.918,29.881,29.946,29.913,0.028,5,4006,400,1,6ddf1e0-dirty
phase7,7,32,151936,100,bfloat16,4,128,34.852,34.851,34.853,34.852,0.001,5,3384,338,1,6ddf1e0-dirty
full,7,32,151936,100,bfloat16,4,128,34.841,34.839,34.842,34.840,0.001,5,3403,340,1,6ddf1e0-dirty
noop,0,32,151936,100,bfloat16,4,128,2.543,2.538,2.546,2.543,0.004,5,5000,500,1,6ddf1e0-dirty
phase2,2,1,151936,20,bfloat16,8,8,4.195,4.186,4.208,4.196,0.009,5,5000,500,2,6ddf1e0-dirty
phase3,3,1,151936,20,bfloat16,8,8,6.328,6.216,6.337,6.302,0.064,5,5000,500,2,6ddf1e0-dirty
phase4,4,1,151936,20,bfloat16,8,8,6.635,6.246,6.648,6.483,0.215,5,5000,500,2,6ddf1e0-dirty
phase5,5,1,151936,20,bfloat16,8,8,10.256,10.251,10.258,10.255,0.003,5,5000,500,2,6ddf1e0-dirty
phase6,6,1,151936,20,bfloat16,8,8,14.353,14.351,14.355,14.353,0.002,5,5000,500,2,6ddf1e0-dirty
phase7,7,1,151936,20,bfloat16,8,8,16.344,16.343,16.348,16.345,0.002,5,5000,500,2,6ddf1e0-dirty
full,7,1,151936,20,bfloat16,8,8,16.345,16.344,16.347,16.345,0.001,5,5000,500,2,6ddf1e0-dirty
noop,0,1,151936,20,bfloat16,8,8,2.522,2.515,2.529,2.523,0.007,5,5000,500,2,6ddf1e0-dirty
phase1,1,1,151936,20,bfloat16,8,8,4.146,4.133,4.147,4.141,0.007,5,5000,500,2,6ddf1e0-dirty
phase2,2,1,151936,50,bfloat16,8,8,4.200,4.190,4.212,4.199,0.010,5,5000,500,2,6ddf1e0-dirty
phase3,3,1,151936,50,bfloat16,8,8,6.324,6.210,6.332,6.295,0.061,5,5000,500,2,6ddf1e0-dirty
phase4,4,1,151936,50,bfloat16,8,8,6.596,6.268,6.600,6.505,0.171,5,5000,500,2,6ddf1e0-dirty
phase5,5,1,151936,50,bfloat16,8,8,10.263,10.255,10.265,10.262,0.005,5,5000,500,2,6ddf1e0-dirty
phase6,6,1,151936,50,bfloat16,8,8,16.365,16.362,16.367,16.364,0.002,5,5000,500,2,6ddf1e0-dirty
phase7,7,1,151936,50,bfloat16,8,8,18.441,18.440,18.443,18.441,0.002,5,5000,500,2,6ddf1e0-dirty
full,7,1,151936,50,bfloat16,8,8,18.500,18.496,18.509,18.502,0.006,5,5000,500,2,6ddf1e0-dirty
noop,0,1,151936,50,bfloat16,8,8,2.536,2.534,2.550,2.539,0.008,5,5000,500,2,6ddf1e0-dirty
phase1,1,1,151936,50,bfloat16,8,8,4.135,4.134,4.142,4.137,0.004,5,5000,500,2,6ddf1e0-dirty
phase2,2,1,151936,100,bfloat16,8,8,4.202,4.181,4.204,4.195,0.011,5,5000,500,2,6ddf1e0-dirty
phase3,3,1,151936,100,bfloat16,8,8,6.332,6.213,6.333,6.301,0.065,5,5000,500,2,6ddf1e0-dirty
phase4,4,1,151936,100,bfloat16,8,8,6.598,6.302,6.601,6.524,0.165,5,5000,500,2,6ddf1e0-dirty
phase5,5,1,151936,100,bfloat16,8,8,10.626,10.258,10.636,10.483,0.204,5,5000,500,2,6ddf1e0-dirty
phase6,6,1,151936,100,bfloat16,8,8,18.459,18.456,18.461,18.459,0.002,5,5000,500,2,6ddf1e0-dirty
phase7,7,1,151936,100,bfloat16,8,8,22.511,22.511,22.512,22.512,0.000,5,5000,500,2,6ddf1e0-dirty
full,7,1,151936,100,bfloat16,8,8,22.522,22.521,22.526,22.523,0.003,5,5000,500,2,6ddf1e0-dirty
noop,0,1,151936,100,bfloat16,8,8,2.535,2.528,2.546,2.536,0.008,5,5000,500,2,6ddf1e0-dirty
phase1,1,1,151936,100,bfloat16,8,8,4.142,4.136,4.144,4.141,0.004,5,5000,500,2,6ddf1e0-dirty
phase2,2,4,151936,20,bfloat16,8,32,4.254,4.237,4.257,4.250,0.010,5,5000,500,2,6ddf1e0-dirty
phase3,3,4,151936,20,bfloat16,8,32,6.589,6.274,6.590,6.510,0.176,5,5000,500,2,6ddf1e0-dirty
phase4,4,4,151936,20,bfloat16,8,32,7.729,7.711,7.785,7.744,0.036,5,5000,500,2,6ddf1e0-dirty
phase5,5,4,151936,20,bfloat16,8,32,10.266,10.262,10.266,10.265,0.002,5,5000,500,2,6ddf1e0-dirty
phase6,6,4,151936,20,bfloat16,8,32,14.383,14.382,14.385,14.384,0.001,5,5000,500,2,6ddf1e0-dirty
phase7,7,4,151936,20,bfloat16,8,32,16.377,16.376,16.381,16.378,0.002,5,5000,500,2,6ddf1e0-dirty
full,7,4,151936,20,bfloat16,8,32,16.378,16.374,16.379,16.378,0.003,5,5000,500,2,6ddf1e0-dirty
noop,0,4,151936,20,bfloat16,8,32,2.547,2.530,2.551,2.543,0.010,5,5000,500,2,6ddf1e0-dirty
phase1,1,4,151936,20,bfloat16,8,32,4.142,4.137,4.151,4.144,0.006,5,5000,500,2,6ddf1e0-dirty
phase2,2,4,151936,50,bfloat16,8,32,4.237,4.229,4.251,4.238,0.010,5,5000,500,2,6ddf1e0-dirty
phase3,3,4,151936,50,bfloat16,8,32,6.585,6.193,6.589,6.430,0.215,5,5000,500,2,6ddf1e0-dirty
phase4,4,4,151936,50,bfloat16,8,32,7.820,7.806,7.891,7.837,0.039,5,5000,500,2,6ddf1e0-dirty
phase5,5,4,151936,50,bfloat16,8,32,10.257,10.256,10.298,10.273,0.022,5,5000,500,2,6ddf1e0-dirty
phase6,6,4,151936,50,bfloat16,8,32,16.370,16.369,16.371,16.370,0.001,5,5000,500,2,6ddf1e0-dirty
phase7,7,4,151936,50,bfloat16,8,32,18.463,18.463,18.464,18.463,0.001,5,5000,500,2,6ddf1e0-dirty
full,7,4,151936,50,bfloat16,8,32,19.776,19.747,19.782,19.770,0.017,5,5000,500,2,6ddf1e0-dirty
noop,0,4,151936,50,bfloat16,8,32,2.543,2.532,2.553,2.543,0.010,5,5000,500,2,6ddf1e0-dirty
phase1,1,4,151936,50,bfloat16,8,32,4.145,4.137,4.153,4.145,0.007,5,5000,500,2,6ddf1e0-dirty
phase2,2,4,151936,100,bfloat16,8,32,4.240,4.235,4.249,4.242,0.006,5,5000,500,2,6ddf1e0-dirty
phase3,3,4,151936,100,bfloat16,8,32,6.587,6.532,6.588,6.573,0.030,5,5000,500,2,6ddf1e0-dirty
phase4,4,4,151936,100,bfloat16,8,32,7.826,7.716,7.858,7.805,0.066,5,5000,500,2,6ddf1e0-dirty
phase5,5,4,151936,100,bfloat16,8,32,12.270,12.269,12.282,12.272,0.007,5,5000,500,2,6ddf1e0-dirty
phase6,6,4,151936,100,bfloat16,8,32,20.493,20.490,20.494,20.493,0.002,5,5000,500,2,6ddf1e0-dirty
phase7,7,4,151936,100,bfloat16,8,32,24.578,24.577,24.580,24.578,0.001,5,4779,477,2,6ddf1e0-dirty
full,7,4,151936,100,bfloat16,8,32,25.675,25.660,25.681,25.672,0.010,5,4473,447,2,6ddf1e0-dirty
noop,0,4,151936,100,bfloat16,8,32,2.533,2.532,2.545,2.536,0.007,5,5000,500,2,6ddf1e0-dirty
phase1,1,4,151936,100,bfloat16,8,32,4.151,4.139,4.155,4.148,0.007,5,5000,500,2,6ddf1e0-dirty
phase2,2,8,151936,20,bfloat16,8,64,4.268,4.261,4.278,4.269,0.007,5,5000,500,2,6ddf1e0-dirty
phase3,3,8,151936,20,bfloat16,8,64,6.593,6.272,6.596,6.513,0.178,5,5000,500,2,6ddf1e0-dirty
phase4,4,8,151936,20,bfloat16,8,64,8.171,8.170,8.181,8.173,0.006,5,5000,500,2,6ddf1e0-dirty
phase5,5,8,151936,20,bfloat16,8,64,10.301,10.291,10.307,10.300,0.007,5,5000,500,2,6ddf1e0-dirty
phase6,6,8,151936,20,bfloat16,8,64,14.381,14.380,14.385,14.382,0.002,5,5000,500,2,6ddf1e0-dirty
phase7,7,8,151936,20,bfloat16,8,64,16.385,16.382,16.387,16.385,0.002,5,5000,500,2,6ddf1e0-dirty
full,7,8,151936,20,bfloat16,8,64,16.385,16.385,16.388,16.386,0.001,5,5000,500,2,6ddf1e0-dirty
noop,0,8,151936,20,bfloat16,8,64,2.536,2.527,2.548,2.537,0.009,5,5000,500,2,6ddf1e0-dirty
phase1,1,8,151936,20,bfloat16,8,64,4.152,4.143,4.161,4.152,0.008,5,5000,500,2,6ddf1e0-dirty
phase2,2,8,151936,50,bfloat16,8,64,4.259,4.257,4.265,4.261,0.004,5,5000,500,2,6ddf1e0-dirty
phase3,3,8,151936,50,bfloat16,8,64,6.208,6.205,6.582,6.348,0.195,5,5000,500,2,6ddf1e0-dirty
phase4,4,8,151936,50,bfloat16,8,64,8.189,8.172,8.193,8.185,0.010,5,5000,500,2,6ddf1e0-dirty
phase5,5,8,151936,50,bfloat16,8,64,10.261,10.260,10.586,10.342,0.181,5,5000,500,2,6ddf1e0-dirty
phase6,6,8,151936,50,bfloat16,8,64,16.386,16.384,16.390,16.387,0.003,5,5000,500,2,6ddf1e0-dirty
phase7,7,8,151936,50,bfloat16,8,64,20.472,20.470,20.474,20.472,0.002,5,5000,500,2,6ddf1e0-dirty
full,7,8,151936,50,bfloat16,8,64,20.282,20.259,20.289,20.278,0.014,5,5000,500,2,6ddf1e0-dirty
noop,0,8,151936,50,bfloat16,8,64,2.536,2.532,2.548,2.538,0.008,5,5000,500,2,6ddf1e0-dirty
phase1,1,8,151936,50,bfloat16,8,64,4.155,4.143,4.167,4.155,0.011,5,5000,500,2,6ddf1e0-dirty
phase2,2,8,151936,100,bfloat16,8,64,4.267,4.257,4.276,4.266,0.009,5,5000,500,2,6ddf1e0-dirty
phase3,3,8,151936,100,bfloat16,8,64,6.597,6.538,6.598,6.582,0.033,5,5000,500,2,6ddf1e0-dirty
phase4,4,8,151936,100,bfloat16,8,64,8.168,8.165,8.180,8.170,0.007,5,5000,500,2,6ddf1e0-dirty
phase5,5,8,151936,100,bfloat16,8,64,12.093,12.063,12.098,12.086,0.017,5,5000,500,2,6ddf1e0-dirty
phase6,6,8,151936,100,bfloat16,8,64,20.489,20.434,20.492,20.476,0.030,5,5000,500,2,6ddf1e0-dirty
phase7,7,8,151936,100,bfloat16,8,64,24.580,24.579,24.581,24.580,0.001,5,4772,477,2,6ddf1e0-dirty
full,7,8,151936,100,bfloat16,8,64,25.909,25.903,25.924,25.913,0.010,5,4541,454,2,6ddf1e0-dirty
noop,0,8,151936,100,bfloat16,8,64,2.558,2.549,2.559,2.556,0.005,5,5000,500,2,6ddf1e0-dirty
phase1,1,8,151936,100,bfloat16,8,64,4.143,4.141,4.155,4.147,0.007,5,5000,500,2,6ddf1e0-dirty
phase2,2,16,151936,20,bfloat16,8,128,6.175,6.172,6.177,6.174,0.002,5,5000,500,2,6ddf1e0-dirty
phase3,3,16,151936,20,bfloat16,8,128,10.220,10.114,10.224,10.190,0.055,5,5000,500,2,6ddf1e0-dirty
phase4,4,16,151936,20,bfloat16,8,128,10.226,10.225,10.238,10.229,0.007,5,5000,500,2,6ddf1e0-dirty
phase5,5,16,151936,20,bfloat16,8,128,14.337,14.330,14.338,14.336,0.004,5,5000,500,2,6ddf1e0-dirty
phase6,6,16,151936,20,bfloat16,8,128,17.310,17.289,17.328,17.308,0.018,5,5000,500,2,6ddf1e0-dirty
phase7,7,16,151936,20,bfloat16,8,128,18.772,18.760,18.777,18.770,0.008,5,5000,500,2,6ddf1e0-dirty
full,7,16,151936,20,bfloat16,8,128,18.774,18.758,18.803,18.780,0.020,5,5000,500,2,6ddf1e0-dirty
noop,0,16,151936,20,bfloat16,8,128,2.537,2.527,2.544,2.535,0.007,5,5000,500,2,6ddf1e0-dirty
phase1,1,16,151936,20,bfloat16,8,128,6.170,6.132,6.172,6.158,0.019,5,5000,500,2,6ddf1e0-dirty
phase2,2,16,151936,50,bfloat16,8,128,6.176,6.172,6.178,6.176,0.003,5,5000,500,2,6ddf1e0-dirty
phase3,3,16,151936,50,bfloat16,8,128,10.226,10.224,10.235,10.227,0.005,5,5000,500,2,6ddf1e0-dirty
phase4,4,16,151936,50,bfloat16,8,128,10.239,10.225,10.248,10.237,0.011,5,5000,500,2,6ddf1e0-dirty
phase5,5,16,151936,50,bfloat16,8,128,14.366,14.350,14.372,14.364,0.010,5,5000,500,2,6ddf1e0-dirty
phase6,6,16,151936,50,bfloat16,8,128,20.465,20.464,20.468,20.465,0.002,5,5000,500,2,6ddf1e0-dirty
phase7,7,16,151936,50,bfloat16,8,128,24.564,24.562,24.582,24.568,0.010,5,4849,484,2,6ddf1e0-dirty
full,7,16,151936,50,bfloat16,8,128,24.532,24.523,24.539,24.532,0.007,5,4802,480,2,6ddf1e0-dirty
noop,0,16,151936,50,bfloat16,8,128,2.543,2.535,2.560,2.545,0.012,5,5000,500,2,6ddf1e0-dirty
phase1,1,16,151936,50,bfloat16,8,128,6.167,6.158,6.180,6.169,0.010,5,5000,500,2,6ddf1e0-dirty
phase2,2,16,151936,100,bfloat16,8,128,6.176,6.174,6.178,6.176,0.002,5,5000,500,2,6ddf1e0-dirty
phase3,3,16,151936,100,bfloat16,8,128,10.226,10.224,10.227,10.226,0.002,5,5000,500,2,6ddf1e0-dirty
phase4,4,16,151936,100,bfloat16,8,128,10.229,10.225,10.247,10.233,0.010,5,5000,500,2,6ddf1e0-dirty
phase5,5,16,151936,100,bfloat16,8,128,15.025,14.854,15.045,14.989,0.100,5,5000,500,2,6ddf1e0-dirty
phase6,6,16,151936,100,bfloat16,8,128,22.541,22.539,22.542,22.541,0.001,5,5000,500,2,6ddf1e0-dirty
phase7,7,16,151936,100,bfloat16,8,128,28.664,28.663,28.665,28.664,0.001,5,4136,413,2,6ddf1e0-dirty
full,7,16,151936,100,bfloat16,8,128,28.473,28.458,28.483,28.472,0.011,5,4150,415,2,6ddf1e0-dirty
noop,0,16,151936,100,bfloat16,8,128,2.554,2.547,2.559,2.553,0.006,5,5000,500,2,6ddf1e0-dirty
phase1,1,16,151936,100,bfloat16,8,128,6.175,6.163,6.177,6.171,0.007,5,5000,500,2,6ddf1e0-dirty
phase2,2,32,151936,20,bfloat16,4,128,8.223,8.213,8.262,8.231,0.023,5,5000,500,2,6ddf1e0-dirty
phase3,3,32,151936,20,bfloat16,4,128,16.385,16.384,16.388,16.385,0.002,5,5000,500,2,6ddf1e0-dirty
phase4,4,32,151936,20,bfloat16,4,128,16.388,16.380,16.389,16.386,0.005,5,5000,500,2,6ddf1e0-dirty
phase5,5,32,151936,20,bfloat16,4,128,24.342,24.316,24.382,24.349,0.029,5,5000,500,2,6ddf1e0-dirty
phase6,6,32,151936,20,bfloat16,4,128,25.388,25.381,25.406,25.392,0.011,5,4754,475,2,6ddf1e0-dirty
phase7,7,32,151936,20,bfloat16,4,128,26.732,26.729,26.746,26.736,0.008,5,4436,443,2,6ddf1e0-dirty
full,7,32,151936,20,bfloat16,4,128,26.995,26.981,27.013,26.996,0.015,5,4435,443,2,6ddf1e0-dirty
noop,0,32,151936,20,bfloat16,4,128,2.546,2.535,2.560,2.547,0.011,5,5000,500,2,6ddf1e0-dirty
phase1,1,32,151936,20,bfloat16,4,128,8.194,8.174,8.257,8.206,0.038,5,5000,500,2,6ddf1e0-dirty
phase2,2,32,151936,50,bfloat16,4,128,8.215,8.215,8.267,8.229,0.028,5,5000,500,2,6ddf1e0-dirty
phase3,3,32,151936,50,bfloat16,4,128,16.387,16.380,16.389,16.386,0.004,5,5000,500,2,6ddf1e0-dirty
phase4,4,32,151936,50,bfloat16,4,128,16.388,16.380,16.390,16.387,0.005,5,5000,500,2,6ddf1e0-dirty
phase5,5,32,151936,50,bfloat16,4,128,24.585,24.573,24.587,24.582,0.006,5,4967,496,2,6ddf1e0-dirty
phase6,6,32,151936,50,bfloat16,4,128,27.634,27.622,27.659,27.637,0.017,5,4356,435,2,6ddf1e0-dirty
phase7,7,32,151936,50,bfloat16,4,128,30.726,30.725,30.733,30.728,0.004,5,3866,386,2,6ddf1e0-dirty
full,7,32,151936,50,bfloat16,4,128,30.715,30.715,30.722,30.717,0.004,5,3818,381,2,6ddf1e0-dirty
noop,0,32,151936,50,bfloat16,4,128,2.555,2.548,2.562,2.555,0.006,5,5000,500,2,6ddf1e0-dirty
phase1,1,32,151936,50,bfloat16,4,128,8.201,8.172,8.212,8.194,0.019,5,5000,500,2,6ddf1e0-dirty
phase2,2,32,151936,100,bfloat16,4,128,8.215,8.214,8.233,8.219,0.010,5,5000,500,2,6ddf1e0-dirty
phase3,3,32,151936,100,bfloat16,4,128,16.387,16.380,16.390,16.386,0.005,5,5000,500,2,6ddf1e0-dirty
phase4,4,32,151936,100,bfloat16,4,128,16.389,16.380,16.391,16.388,0.006,5,5000,500,2,6ddf1e0-dirty
phase5,5,32,151936,100,bfloat16,4,128,24.913,24.791,24.938,24.890,0.073,5,4846,484,2,6ddf1e0-dirty
phase6,6,32,151936,100,bfloat16,4,128,30.603,30.585,30.614,30.602,0.013,5,3971,397,2,6ddf1e0-dirty
phase7,7,32,151936,100,bfloat16,4,128,34.897,34.886,34.925,34.901,0.018,5,3402,340,2,6ddf1e0-dirty
full,7,32,151936,100,bfloat16,4,128,34.979,34.966,34.997,34.980,0.014,5,3396,339,2,6ddf1e0-dirty
noop,0,32,151936,100,bfloat16,4,128,2.552,2.538,2.563,2.552,0.011,5,5000,500,2,6ddf1e0-dirty
phase1,1,32,151936,100,bfloat16,4,128,8.212,8.171,8.240,8.203,0.032,5,5000,500,2,6ddf1e0-dirty
phase3,3,1,151936,20,bfloat16,8,8,6.287,6.203,6.302,6.265,0.046,5,5000,500,3,6ddf1e0-dirty
phase4,4,1,151936,20,bfloat16,8,8,6.615,6.301,6.620,6.537,0.175,5,5000,500,3,6ddf1e0-dirty
phase5,5,1,151936,20,bfloat16,8,8,10.253,10.250,10.256,10.253,0.003,5,5000,500,3,6ddf1e0-dirty
phase6,6,1,151936,20,bfloat16,8,8,14.356,14.351,14.357,14.355,0.003,5,5000,500,3,6ddf1e0-dirty
phase7,7,1,151936,20,bfloat16,8,8,16.346,16.341,16.347,16.345,0.003,5,5000,500,3,6ddf1e0-dirty
full,7,1,151936,20,bfloat16,8,8,16.345,16.341,16.345,16.344,0.002,5,5000,500,3,6ddf1e0-dirty
noop,0,1,151936,20,bfloat16,8,8,2.562,2.556,2.567,2.563,0.005,5,5000,500,3,6ddf1e0-dirty
phase1,1,1,151936,20,bfloat16,8,8,4.144,4.135,4.147,4.142,0.005,5,5000,500,3,6ddf1e0-dirty
phase2,2,1,151936,20,bfloat16,8,8,4.200,4.195,4.209,4.201,0.006,5,5000,500,3,6ddf1e0-dirty
phase3,3,1,151936,50,bfloat16,8,8,6.253,6.187,6.263,6.231,0.038,5,5000,500,3,6ddf1e0-dirty
phase4,4,1,151936,50,bfloat16,8,8,6.595,6.281,6.602,6.519,0.177,5,5000,500,3,6ddf1e0-dirty
phase5,5,1,151936,50,bfloat16,8,8,10.270,10.257,10.274,10.268,0.008,5,5000,500,3,6ddf1e0-dirty
phase6,6,1,151936,50,bfloat16,8,8,16.373,16.372,16.375,16.373,0.001,5,5000,500,3,6ddf1e0-dirty
phase7,7,1,151936,50,bfloat16,8,8,18.458,18.457,18.461,18.458,0.002,5,5000,500,3,6ddf1e0-dirty
full,7,1,151936,50,bfloat16,8,8,18.597,18.586,18.603,18.596,0.008,5,5000,500,3,6ddf1e0-dirty
noop,0,1,151936,50,bfloat16,8,8,2.560,2.554,2.571,2.561,0.008,5,5000,500,3,6ddf1e0-dirty
phase1,1,1,151936,50,bfloat16,8,8,4.143,4.137,4.150,4.143,0.006,5,5000,500,3,6ddf1e0-dirty
phase2,2,1,151936,50,bfloat16,8,8,4.194,4.191,4.202,4.196,0.005,5,5000,500,3,6ddf1e0-dirty
phase3,3,1,151936,100,bfloat16,8,8,6.191,6.187,6.275,6.221,0.045,5,5000,500,3,6ddf1e0-dirty
phase4,4,1,151936,100,bfloat16,8,8,6.594,6.280,6.600,6.518,0.177,5,5000,500,3,6ddf1e0-dirty
phase5,5,1,151936,100,bfloat16,8,8,10.259,10.258,10.588,10.341,0.184,5,5000,500,3,6ddf1e0-dirty
phase6,6,1,151936,100,bfloat16,8,8,18.464,18.459,18.465,18.463,0.003,5,5000,500,3,6ddf1e0-dirty
phase7,7,1,151936,100,bfloat16,8,8,22.511,22.510,22.529,22.515,0.010,5,5000,500,3,6ddf1e0-dirty
full,7,1,151936,100,bfloat16,8,8,22.522,22.521,22.523,22.522,0.001,5,5000,500,3,6ddf1e0-dirty
noop,0,1,151936,100,bfloat16,8,8,2.544,2.539,2.549,2.544,0.005,5,5000,500,3,6ddf1e0-dirty
phase1,1,1,151936,100,bfloat16,8,8,4.141,4.138,4.150,4.143,0.006,5,5000,500,3,6ddf1e0-dirty
phase2,2,1,151936,100,bfloat16,8,8,4.199,4.194,4.199,4.198,0.003,5,5000,500,3,6ddf1e0-dirty
phase3,3,4,151936,20,bfloat16,8,32,6.586,6.252,6.592,6.492,0.173,5,5000,500,3,6ddf1e0-dirty
phase4,4,4,151936,20,bfloat16,8,32,7.618,7.490,7.646,7.581,0.074,5,5000,500,3,6ddf1e0-dirty
phase5,5,4,151936,20,bfloat16,8,32,10.272,10.258,10.273,10.268,0.008,5,5000,500,3,6ddf1e0-dirty
phase6,6,4,151936,20,bfloat16,8,32,14.380,14.378,14.384,14.381,0.003,5,5000,500,3,6ddf1e0-dirty
phase7,7,4,151936,20,bfloat16,8,32,16.373,16.373,16.375,16.374,0.001,5,5000,500,3,6ddf1e0-dirty
full,7,4,151936,20,bfloat16,8,32,16.373,16.371,16.377,16.374,0.003,5,5000,500,3,6ddf1e0-dirty
noop,0,4,151936,20,bfloat16,8,32,2.548,2.534,2.550,2.545,0.008,5,5000,500,3,6ddf1e0-dirty
phase1,1,4,151936,20,bfloat16,8,32,4.139,4.135,4.155,4.145,0.010,5,5000,500,3,6ddf1e0-dirty
phase2,2,4,151936,20,bfloat16,8,32,4.251,4.246,4.262,4.252,0.008,5,5000,500,3,6ddf1e0-dirty
phase3,3,4,151936,50,bfloat16,8,32,6.587,6.260,6.590,6.496,0.171,5,5000,500,3,6ddf1e0-dirty
phase4,4,4,151936,50,bfloat16,8,32,7.591,7.478,7.639,7.578,0.075,5,5000,500,3,6ddf1e0-dirty
phase5,5,4,151936,50,bfloat16,8,32,10.376,10.367,10.380,10.374,0.006,5,5000,500,3,6ddf1e0-dirty
phase6,6,4,151936,50,bfloat16,8,32,16.378,16.375,16.380,16.378,0.002,5,5000,500,3,6ddf1e0-dirty
phase7,7,4,151936,50,bfloat16,8,32,18.464,18.463,18.466,18.464,0.001,5,5000,500,3,6ddf1e0-dirty
full,7,4,151936,50,bfloat16,8,32,19.999,19.987,20.010,19.998,0.010,5,5000,500,3,6ddf1e0-dirty
noop,0,4,151936,50,bfloat16,8,32,2.535,2.526,2.540,2.533,0.006,5,5000,500,3,6ddf1e0-dirty
phase1,1,4,151936,50,bfloat16,8,32,4.149,4.141,4.151,4.148,0.005,5,5000,500,3,6ddf1e0-dirty
phase2,2,4,151936,50,bfloat16,8,32,4.241,4.233,4.259,4.244,0.011,5,5000,500,3,6ddf1e0-dirty
phase3,3,4,151936,100,bfloat16,8,32,6.586,6.273,6.592,6.509,0.175,5,5000,500,3,6ddf1e0-dirty
phase4,4,4,151936,100,bfloat16,8,32,7.535,7.522,7.593,7.549,0.033,5,5000,500,3,6ddf1e0-dirty
phase5,5,4,151936,100,bfloat16,8,32,12.268,12.267,12.270,12.268,0.001,5,5000,500,3,6ddf1e0-dirty
phase6,6,4,151936,100,bfloat16,8,32,20.493,20.491,20.494,20.493,0.001,5,5000,500,3,6ddf1e0-dirty
phase7,7,4,151936,100,bfloat16,8,32,24.578,24.575,24.597,24.583,0.011,5,4776,477,3,6ddf1e0-dirty
full,7,4,151936,100,bfloat16,8,32,25.935,25.931,25.957,25.942,0.013,5,4426,442,3,6ddf1e0-dirty
noop,0,4,151936,100,bfloat16,8,32,2.539,2.528,2.541,2.536,0.006,5,5000,500,3,6ddf1e0-dirty
phase1,1,4,151936,100,bfloat16,8,32,4.146,4.136,4.153,4.146,0.008,5,5000,500,3,6ddf1e0-dirty
phase2,2,4,151936,100,bfloat16,8,32,4.241,4.239,4.243,4.242,0.002,5,5000,500,3,6ddf1e0-dirty
phase3,3,8,151936,20,bfloat16,8,64,6.591,6.530,6.594,6.577,0.035,5,5000,500,3,6ddf1e0-dirty
phase4,4,8,151936,20,bfloat16,8,64,8.171,8.169,8.179,8.172,0.005,5,5000,500,3,6ddf1e0-dirty
phase5,5,8,151936,20,bfloat16,8,64,10.338,10.265,10.354,10.318,0.041,5,5000,500,3,6ddf1e0-dirty
phase6,6,8,151936,20,bfloat16,8,64,14.385,14.384,14.389,14.386,0.002,5,5000,500,3,6ddf1e0-dirty
phase7,7,8,151936,20,bfloat16,8,64,16.382,16.380,16.383,16.382,0.001,5,5000,500,3,6ddf1e0-dirty
full,7,8,151936,20,bfloat16,8,64,16.382,16.379,16.386,16.382,0.003,5,5000,500,3,6ddf1e0-dirty
noop,0,8,151936,20,bfloat16,8,64,2.539,2.536,2.545,2.540,0.004,5,5000,500,3,6ddf1e0-dirty
phase1,1,8,151936,20,bfloat16,8,64,4.155,4.146,4.159,4.153,0.006,5,5000,500,3,6ddf1e0-dirty
phase2,2,8,151936,20,bfloat16,8,64,4.260,4.258,4.271,4.262,0.006,5,5000,500,3,6ddf1e0-dirty
phase3,3,8,151936,50,bfloat16,8,64,6.595,6.277,6.599,6.516,0.178,5,5000,500,3,6ddf1e0-dirty
phase4,4,8,151936,50,bfloat16,8,64,8.169,8.166,8.178,8.171,0.005,5,5000,500,3,6ddf1e0-dirty
phase5,5,8,151936,50,bfloat16,8,64,10.261,10.259,10.626,10.397,0.191,5,5000,500,3,6ddf1e0-dirty
phase6,6,8,151936,50,bfloat16,8,64,16.383,16.382,16.389,16.385,0.003,5,5000,500,3,6ddf1e0-dirty
phase7,7,8,151936,50,bfloat16,8,64,20.476,20.475,20.477,20.476,0.001,5,5000,500,3,6ddf1e0-dirty
full,7,8,151936,50,bfloat16,8,64,20.425,20.418,20.432,20.425,0.006,5,5000,500,3,6ddf1e0-dirty
noop,0,8,151936,50,bfloat16,8,64,2.535,2.525,2.542,2.534,0.008,5,5000,500,3,6ddf1e0-dirty
phase1,1,8,151936,50,bfloat16,8,64,4.145,4.141,4.164,4.148,0.011,5,5000,500,3,6ddf1e0-dirty
phase2,2,8,151936,50,bfloat16,8,64,4.257,4.254,4.271,4.261,0.008,5,5000,500,3,6ddf1e0-dirty
phase3,3,8,151936,100,bfloat16,8,64,6.601,6.274,6.607,6.510,0.171,5,5000,500,3,6ddf1e0-dirty
phase4,4,8,151936,100,bfloat16,8,64,8.170,8.169,8.184,8.173,0.008,5,5000,500,3,6ddf1e0-dirty
phase5,5,8,151936,100,bfloat16,8,64,12.268,12.265,12.270,12.268,0.002,5,5000,500,3,6ddf1e0-dirty
phase6,6,8,151936,100,bfloat16,8,64,20.483,20.480,20.485,20.482,0.002,5,5000,500,3,6ddf1e0-dirty
phase7,7,8,151936,100,bfloat16,8,64,26.606,26.604,26.626,26.610,0.012,5,4398,439,3,6ddf1e0-dirty
full,7,8,151936,100,bfloat16,8,64,26.386,26.376,26.391,26.385,0.006,5,4408,440,3,6ddf1e0-dirty
noop,0,8,151936,100,bfloat16,8,64,2.536,2.533,2.547,2.538,0.007,5,5000,500,3,6ddf1e0-dirty
phase1,1,8,151936,100,bfloat16,8,64,4.143,4.140,4.159,4.146,0.009,5,5000,500,3,6ddf1e0-dirty
phase2,2,8,151936,100,bfloat16,8,64,4.276,4.270,4.288,4.278,0.008,5,5000,500,3,6ddf1e0-dirty
phase3,3,16,151936,20,bfloat16,8,128,10.207,10.106,10.224,10.181,0.056,5,5000,500,3,6ddf1e0-dirty
phase4,4,16,151936,20,bfloat16,8,128,10.228,10.225,10.248,10.235,0.011,5,5000,500,3,6ddf1e0-dirty
phase5,5,16,151936,20,bfloat16,8,128,14.339,14.332,14.340,14.337,0.004,5,5000,500,3,6ddf1e0-dirty
phase6,6,16,151936,20,bfloat16,8,128,17.820,17.817,17.836,17.826,0.010,5,5000,500,3,6ddf1e0-dirty
phase7,7,16,151936,20,bfloat16,8,128,19.143,19.120,19.161,19.139,0.019,5,5000,500,3,6ddf1e0-dirty
full,7,16,151936,20,bfloat16,8,128,19.164,19.142,19.197,19.167,0.024,5,5000,500,3,6ddf1e0-dirty
noop,0,16,151936,20,bfloat16,8,128,2.531,2.529,2.543,2.534,0.007,5,5000,500,3,6ddf1e0-dirty
phase1,1,16,151936,20,bfloat16,8,128,6.169,6.161,6.172,6.167,0.005,5,5000,500,3,6ddf1e0-dirty
phase2,2,16,151936,20,bfloat16,8,128,6.171,6.169,6.175,6.172,0.003,5,5000,500,3,6ddf1e0-dirty
phase3,3,16,151936,50,bfloat16,8,128,10.225,10.223,10.226,10.224,0.001,5,5000,500,3,6ddf1e0-dirty
phase4,4,16,151936,50,bfloat16,8,128,10.227,10.227,10.242,10.231,0.008,5,5000,500,3,6ddf1e0-dirty
phase5,5,16,151936,50,bfloat16,8,128,14.362,14.352,14.366,14.360,0.006,5,5000,500,3,6ddf1e0-dirty
phase6,6,16,151936,50,bfloat16,8,128,20.462,20.459,20.463,20.462,0.002,5,5000,500,3,6ddf1e0-dirty
phase7,7,16,151936,50,bfloat16,8,128,24.557,24.557,24.563,24.559,0.003,5,4781,478,3,6ddf1e0-dirty
full,7,16,151936,50,bfloat16,8,128,24.553,24.549,24.557,24.553,0.003,5,4794,479,3,6ddf1e0-dirty
noop,0,16,151936,50,bfloat16,8,128,2.543,2.536,2.566,2.547,0.014,5,5000,500,3,6ddf1e0-dirty
phase1,1,16,151936,50,bfloat16,8,128,6.168,6.159,6.173,6.167,0.006,5,5000,500,3,6ddf1e0-dirty
phase2,2,16,151936,50,bfloat16,8,128,6.175,6.173,6.181,6.177,0.003,5,5000,500,3,6ddf1e0-dirty
phase3,3,16,151936,100,bfloat16,8,128,10.228,10.224,10.259,10.234,0.018,5,5000,500,3,6ddf1e0-dirty
phase4,4,16,151936,100,bfloat16,8,128,10.228,10.226,10.243,10.231,0.008,5,5000,500,3,6ddf1e0-dirty
phase5,5,16,151936,100,bfloat16,8,128,15.121,15.009,15.140,15.098,0.065,5,5000,500,3,6ddf1e0-dirty
phase6,6,16,151936,100,bfloat16,8,128,22.544,22.542,22.545,22.544,0.001,5,5000,500,3,6ddf1e0-dirty
phase7,7,16,151936,100,bfloat16,8,128,28.665,28.664,28.668,28.665,0.002,5,4109,410,3,6ddf1e0-dirty
full,7,16,151936,100,bfloat16,8,128,28.594,28.592,28.601,28.596,0.004,5,4123,412,3,6ddf1e0-dirty
noop,0,16,151936,100,bfloat16,8,128,2.536,2.531,2.552,2.540,0.010,5,5000,500,3,6ddf1e0-dirty
phase1,1,16,151936,100,bfloat16,8,128,6.173,6.159,6.179,6.170,0.009,5,5000,500,3,6ddf1e0-dirty
phase2,2,16,151936,100,bfloat16,8,128,6.176,6.172,6.178,6.176,0.003,5,5000,500,3,6ddf1e0-dirty
phase3,3,32,151936,20,bfloat16,4,128,16.386,16.383,16.387,16.385,0.002,5,5000,500,3,6ddf1e0-dirty
phase4,4,32,151936,20,bfloat16,4,128,16.389,16.380,16.390,16.387,0.005,5,5000,500,3,6ddf1e0-dirty
phase5,5,32,151936,20,bfloat16,4,128,24.328,24.281,24.372,24.326,0.039,5,5000,500,3,6ddf1e0-dirty
phase6,6,32,151936,20,bfloat16,4,128,25.308,25.302,25.326,25.310,0.011,5,4767,476,3,6ddf1e0-dirty
phase7,7,32,151936,20,bfloat16,4,128,26.702,26.696,26.705,26.701,0.004,5,4437,443,3,6ddf1e0-dirty
full,7,32,151936,20,bfloat16,4,128,27.318,27.298,27.340,27.318,0.018,5,4386,438,3,6ddf1e0-dirty
noop,0,32,151936,20,bfloat16,4,128,2.539,2.529,2.553,2.540,0.011,5,5000,500,3,6ddf1e0-dirty
phase1,1,32,151936,20,bfloat16,4,128,8.195,8.174,8.212,8.194,0.017,5,5000,500,3,6ddf1e0-dirty
phase2,2,32,151936,20,bfloat16,4,128,8.214,8.209,8.214,8.213,0.003,5,5000,500,3,6ddf1e0-dirty
phase3,3,32,151936,50,bfloat16,4,128,16.388,16.380,16.404,16.390,0.011,5,5000,500,3,6ddf1e0-dirty
phase4,4,32,151936,50,bfloat16,4,128,16.388,16.380,16.389,16.386,0.005,5,5000,500,3,6ddf1e0-dirty
phase5,5,32,151936,50,bfloat16,4,128,24.580,24.569,24.581,24.577,0.006,5,5000,500,3,6ddf1e0-dirty
phase6,6,32,151936,50,bfloat16,4,128,27.420,27.400,27.434,27.418,0.015,5,4393,439,3,6ddf1e0-dirty
phase7,7,32,151936,50,bfloat16,4,128,30.728,30.726,30.729,30.728,0.002,5,3861,386,3,6ddf1e0-dirty
full,7,32,151936,50,bfloat16,4,128,30.726,30.721,30.728,30.725,0.003,5,3870,387,3,6ddf1e0-dirty
noop,0,32,151936,50,bfloat16,4,128,2.532,2.529,2.536,2.533,0.003,5,5000,500,3,6ddf1e0-dirty
phase1,1,32,151936,50,bfloat16,4,128,8.211,8.182,8.231,8.207,0.021,5,5000,500,3,6ddf1e0-dirty
phase2,2,32,151936,50,bfloat16,4,128,8.238,8.212,8.334,8.260,0.057,5,5000,500,3,6ddf1e0-dirty
phase3,3,32,151936,100,bfloat16,4,128,16.388,16.380,16.390,16.387,0.005,5,5000,500,3,6ddf1e0-dirty
phase4,4,32,151936,100,bfloat16,4,128,16.390,16.381,16.392,16.388,0.005,5,5000,500,3,6ddf1e0-dirty
phase5,5,32,151936,100,bfloat16,4,128,24.913,24.860,24.926,24.899,0.030,5,4847,484,3,6ddf1e0-dirty
phase6,6,32,151936,100,bfloat16,4,128,30.637,30.630,30.646,30.638,0.007,5,3916,391,3,6ddf1e0-dirty
phase7,7,32,151936,100,bfloat16,4,128,34.893,34.889,34.903,34.896,0.007,5,3382,338,3,6ddf1e0-dirty
full,7,32,151936,100,bfloat16,4,128,35.014,35.001,35.025,35.012,0.011,5,3389,338,3,6ddf1e0-dirty
noop,0,32,151936,100,bfloat16,4,128,2.541,2.532,2.546,2.539,0.006,5,5000,500,3,6ddf1e0-dirty
phase1,1,32,151936,100,bfloat16,4,128,8.215,8.184,8.237,8.210,0.024,5,5000,500,3,6ddf1e0-dirty
phase2,2,32,151936,100,bfloat16,4,128,8.217,8.214,8.248,8.224,0.018,5,5000,500,3,6ddf1e0-dirty
phase4,4,1,151936,20,bfloat16,8,8,6.521,6.205,6.608,6.429,0.207,5,5000,500,4,6ddf1e0-dirty
phase5,5,1,151936,20,bfloat16,8,8,10.252,10.241,10.255,10.250,0.007,5,5000,500,4,6ddf1e0-dirty
phase6,6,1,151936,20,bfloat16,8,8,14.356,14.351,14.357,14.355,0.003,5,5000,500,4,6ddf1e0-dirty
phase7,7,1,151936,20,bfloat16,8,8,16.345,16.341,16.347,16.344,0.002,5,5000,500,4,6ddf1e0-dirty
full,7,1,151936,20,bfloat16,8,8,16.346,16.342,16.348,16.345,0.003,5,5000,500,4,6ddf1e0-dirty
noop,0,1,151936,20,bfloat16,8,8,2.527,2.523,2.535,2.529,0.006,5,5000,500,4,6ddf1e0-dirty
phase1,1,1,151936,20,bfloat16,8,8,4.141,4.135,4.144,4.140,0.004,5,5000,500,4,6ddf1e0-dirty
phase2,2,1,151936,20,bfloat16,8,8,4.213,4.196,4.216,4.209,0.009,5,5000,500,4,6ddf1e0-dirty
phase3,3,1,151936,20,bfloat16,8,8,6.342,6.322,6.343,6.337,0.011,5,5000,500,4,6ddf1e0-dirty
phase4,4,1,151936,50,bfloat16,8,8,6.215,6.214,6.607,6.372,0.215,5,5000,500,4,6ddf1e0-dirty
phase5,5,1,151936,50,bfloat16,8,8,10.298,10.255,10.316,10.288,0.030,5,5000,500,4,6ddf1e0-dirty
phase6,6,1,151936,50,bfloat16,8,8,16.371,16.370,16.373,16.371,0.001,5,5000,500,4,6ddf1e0-dirty
phase7,7,1,151936,50,bfloat16,8,8,18.459,18.458,18.462,18.460,0.001,5,5000,500,4,6ddf1e0-dirty
full,7,1,151936,50,bfloat16,8,8,18.932,18.924,18.983,18.946,0.027,5,5000,500,4,6ddf1e0-dirty
noop,0,1,151936,50,bfloat16,8,8,2.535,2.531,2.541,2.536,0.005,5,5000,500,4,6ddf1e0-dirty
phase1,1,1,151936,50,bfloat16,8,8,4.136,4.133,4.141,4.137,0.003,5,5000,500,4,6ddf1e0-dirty
phase2,2,1,151936,50,bfloat16,8,8,4.203,4.193,4.207,4.202,0.006,5,5000,500,4,6ddf1e0-dirty
phase3,3,1,151936,50,bfloat16,8,8,6.318,6.215,6.325,6.294,0.058,5,5000,500,4,6ddf1e0-dirty
phase4,4,1,151936,100,bfloat16,8,8,6.602,6.287,6.609,6.525,0.177,5,5000,500,4,6ddf1e0-dirty
phase5,5,1,151936,100,bfloat16,8,8,10.365,10.359,10.735,10.503,0.195,5,5000,500,4,6ddf1e0-dirty
phase6,6,1,151936,100,bfloat16,8,8,18.507,18.503,18.521,18.511,0.008,5,5000,500,4,6ddf1e0-dirty
phase7,7,1,151936,100,bfloat16,8,8,22.601,22.594,22.606,22.600,0.005,5,5000,500,4,6ddf1e0-dirty
full,7,1,151936,100,bfloat16,8,8,22.951,22.945,22.952,22.950,0.003,5,5000,500,4,6ddf1e0-dirty
noop,0,1,151936,100,bfloat16,8,8,2.532,2.529,2.542,2.535,0.006,5,5000,500,4,6ddf1e0-dirty
phase1,1,1,151936,100,bfloat16,8,8,4.145,4.135,4.147,4.142,0.006,5,5000,500,4,6ddf1e0-dirty
phase2,2,1,151936,100,bfloat16,8,8,4.194,4.185,4.203,4.193,0.008,5,5000,500,4,6ddf1e0-dirty
phase3,3,1,151936,100,bfloat16,8,8,6.306,6.289,6.325,6.306,0.016,5,5000,500,4,6ddf1e0-dirty
phase4,4,4,151936,20,bfloat16,8,32,7.519,7.496,7.623,7.551,0.064,5,5000,500,4,6ddf1e0-dirty
phase5,5,4,151936,20,bfloat16,8,32,10.263,10.259,10.265,10.263,0.003,5,5000,500,4,6ddf1e0-dirty
phase6,6,4,151936,20,bfloat16,8,32,14.374,14.371,14.376,14.374,0.002,5,5000,500,4,6ddf1e0-dirty
phase7,7,4,151936,20,bfloat16,8,32,16.369,16.367,16.373,16.370,0.003,5,5000,500,4,6ddf1e0-dirty
full,7,4,151936,20,bfloat16,8,32,16.370,16.367,16.371,16.369,0.002,5,5000,500,4,6ddf1e0-dirty
noop,0,4,151936,20,bfloat16,8,32,2.531,2.528,2.544,2.534,0.008,5,5000,500,4,6ddf1e0-dirty
phase1,1,4,151936,20,bfloat16,8,32,4.147,4.138,4.151,4.145,0.006,5,5000,500,4,6ddf1e0-dirty
phase2,2,4,151936,20,bfloat16,8,32,4.250,4.246,4.250,4.248,0.002,5,5000,500,4,6ddf1e0-dirty
phase3,3,4,151936,20,bfloat16,8,32,6.583,6.273,6.587,6.507,0.174,5,5000,500,4,6ddf1e0-dirty
phase4,4,4,151936,50,bfloat16,8,32,7.549,7.458,7.588,7.529,0.063,5,5000,500,4,6ddf1e0-dirty
phase5,5,4,151936,50,bfloat16,8,32,10.261,10.259,10.573,10.384,0.170,5,5000,500,4,6ddf1e0-dirty
phase6,6,4,151936,50,bfloat16,8,32,16.385,16.380,16.386,16.384,0.003,5,5000,500,4,6ddf1e0-dirty
phase7,7,4,151936,50,bfloat16,8,32,18.624,18.510,18.842,18.655,0.149,5,5000,500,4,6ddf1e0-dirty
full,7,4,151936,50,bfloat16,8,32,19.684,19.672,19.706,19.686,0.016,5,5000,500,4,6ddf1e0-dirty
noop,0,4,151936,50,bfloat16,8,32,2.528,2.522,2.543,2.530,0.009,5,5000,500,4,6ddf1e0-dirty
phase1,1,4,151936,50,bfloat16,8,32,4.142,4.139,4.143,4.141,0.002,5,5000,500,4,6ddf1e0-dirty
phase2,2,4,151936,50,bfloat16,8,32,4.240,4.233,4.257,4.244,0.012,5,5000,500,4,6ddf1e0-dirty
phase3,3,4,151936,50,bfloat16,8,32,6.588,6.253,6.591,6.493,0.173,5,5000,500,4,6ddf1e0-dirty
phase4,4,4,151936,100,bfloat16,8,32,7.495,7.429,7.598,7.509,0.081,5,5000,500,4,6ddf1e0-dirty
phase5,5,4,151936,100,bfloat16,8,32,12.269,12.269,12.271,12.270,0.001,5,5000,500,4,6ddf1e0-dirty
phase6,6,4,151936,100,bfloat16,8,32,20.493,20.490,20.495,20.493,0.002,5,5000,500,4,6ddf1e0-dirty
phase7,7,4,151936,100,bfloat16,8,32,24.578,24.577,24.579,24.578,0.001,5,4757,475,4,6ddf1e0-dirty
full,7,4,151936,100,bfloat16,8,32,25.440,25.406,25.452,25.435,0.022,5,4530,453,4,6ddf1e0-dirty
noop,0,4,151936,100,bfloat16,8,32,2.537,2.535,2.546,2.539,0.006,5,5000,500,4,6ddf1e0-dirty
phase1,1,4,151936,100,bfloat16,8,32,4.140,4.137,4.146,4.141,0.004,5,5000,500,4,6ddf1e0-dirty
phase2,2,4,151936,100,bfloat16,8,32,4.246,4.244,4.258,4.249,0.007,5,5000,500,4,6ddf1e0-dirty
phase3,3,4,151936,100,bfloat16,8,32,6.589,6.528,6.606,6.578,0.037,5,5000,500,4,6ddf1e0-dirty
phase4,4,8,151936,20,bfloat16,8,64,8.155,8.149,8.157,8.154,0.004,5,5000,500,4,6ddf1e0-dirty
phase5,5,8,151936,20,bfloat16,8,64,10.441,10.283,10.450,10.396,0.082,5,5000,500,4,6ddf1e0-dirty
phase6,6,8,151936,20,bfloat16,8,64,14.382,14.378,14.384,14.381,0.003,5,5000,500,4,6ddf1e0-dirty
phase7,7,8,151936,20,bfloat16,8,64,16.385,16.382,16.387,16.385,0.002,5,5000,500,4,6ddf1e0-dirty
full,7,8,151936,20,bfloat16,8,64,16.386,16.385,16.387,16.386,0.001,5,5000,500,4,6ddf1e0-dirty
noop,0,8,151936,20,bfloat16,8,64,2.541,2.534,2.551,2.542,0.008,5,5000,500,4,6ddf1e0-dirty
phase1,1,8,151936,20,bfloat16,8,64,4.141,4.140,4.144,4.142,0.002,5,5000,500,4,6ddf1e0-dirty
phase2,2,8,151936,20,bfloat16,8,64,4.263,4.256,4.272,4.264,0.007,5,5000,500,4,6ddf1e0-dirty
phase3,3,8,151936,20,bfloat16,8,64,6.594,6.277,6.596,6.515,0.177,5,5000,500,4,6ddf1e0-dirty
phase4,4,8,151936,50,bfloat16,8,64,8.167,8.167,8.182,8.171,0.008,5,5000,500,4,6ddf1e0-dirty
phase5,5,8,151936,50,bfloat16,8,64,11.253,11.242,11.411,11.290,0.089,5,5000,500,4,6ddf1e0-dirty
phase6,6,8,151936,50,bfloat16,8,64,16.971,16.924,17.009,16.968,0.038,5,5000,500,4,6ddf1e0-dirty
phase7,7,8,151936,50,bfloat16,8,64,21.880,21.848,21.885,21.870,0.018,5,5000,500,4,6ddf1e0-dirty
full,7,8,151936,50,bfloat16,8,64,21.556,21.548,21.587,21.564,0.018,5,5000,500,4,6ddf1e0-dirty
noop,0,8,151936,50,bfloat16,8,64,2.539,2.533,2.550,2.541,0.008,5,5000,500,4,6ddf1e0-dirty
phase1,1,8,151936,50,bfloat16,8,64,4.152,4.144,4.165,4.153,0.010,5,5000,500,4,6ddf1e0-dirty
phase2,2,8,151936,50,bfloat16,8,64,4.262,4.256,4.271,4.262,0.007,5,5000,500,4,6ddf1e0-dirty
phase3,3,8,151936,50,bfloat16,8,64,6.596,6.538,6.603,6.583,0.034,5,5000,500,4,6ddf1e0-dirty
phase4,4,8,151936,100,bfloat16,8,64,8.170,8.167,8.173,8.170,0.002,5,5000,500,4,6ddf1e0-dirty
phase5,5,8,151936,100,bfloat16,8,64,11.986,11.972,12.018,11.992,0.021,5,5000,500,4,6ddf1e0-dirty
phase6,6,8,151936,100,bfloat16,8,64,20.464,20.405,20.468,20.450,0.034,5,5000,500,4,6ddf1e0-dirty
phase7,7,8,151936,100,bfloat16,8,64,26.600,26.598,26.603,26.600,0.002,5,4386,438,4,6ddf1e0-dirty
full,7,8,151936,100,bfloat16,8,64,25.758,25.753,25.783,25.764,0.014,5,4557,455,4,6ddf1e0-dirty
noop,0,8,151936,100,bfloat16,8,64,2.539,2.533,2.546,2.539,0.006,5,5000,500,4,6ddf1e0-dirty
phase1,1,8,151936,100,bfloat16,8,64,4.142,4.141,4.153,4.146,0.006,5,5000,500,4,6ddf1e0-dirty
phase2,2,8,151936,100,bfloat16,8,64,4.269,4.257,4.284,4.271,0.012,5,5000,500,4,6ddf1e0-dirty
phase3,3,8,151936,100,bfloat16,8,64,6.598,6.214,6.605,6.447,0.212,5,5000,500,4,6ddf1e0-dirty
phase4,4,16,151936,20,bfloat16,8,128,10.238,10.225,10.247,10.236,0.011,5,5000,500,4,6ddf1e0-dirty
phase5,5,16,151936,20,bfloat16,8,128,14.331,14.330,14.341,14.335,0.006,5,5000,500,4,6ddf1e0-dirty
phase6,6,16,151936,20,bfloat16,8,128,18.382,18.369,18.383,18.379,0.007,5,5000,500,4,6ddf1e0-dirty
phase7,7,16,151936,20,bfloat16,8,128,20.301,20.276,20.336,20.305,0.026,5,5000,500,4,6ddf1e0-dirty
full,7,16,151936,20,bfloat16,8,128,20.302,20.292,20.322,20.305,0.013,5,5000,500,4,6ddf1e0-dirty
noop,0,16,151936,20,bfloat16,8,128,2.543,2.530,2.546,2.540,0.007,5,5000,500,4,6ddf1e0-dirty
phase1,1,16,151936,20,bfloat16,8,128,6.165,6.162,6.180,6.169,0.009,5,5000,500,4,6ddf1e0-dirty
phase2,2,16,151936,20,bfloat16,8,128,6.174,6.171,6.179,6.175,0.004,5,5000,500,4,6ddf1e0-dirty
phase3,3,16,151936,20,bfloat16,8,128,10.225,10.222,10.237,10.227,0.007,5,5000,500,4,6ddf1e0-dirty
phase4,4,16,151936,50,bfloat16,8,128,10.231,10.225,10.245,10.234,0.009,5,5000,500,4,6ddf1e0-dirty
phase5,5,16,151936,50,bfloat16,8,128,14.407,14.400,14.414,14.408,0.006,5,5000,500,4,6ddf1e0-dirty
phase6,6,16,151936,50,bfloat16,8,128,20.466,20.463,20.467,20.466,0.002,5,5000,500,4,6ddf1e0-dirty
phase7,7,16,151936,50,bfloat16,8,128,24.565,24.563,24.566,24.565,0.001,5,4712,471,4,6ddf1e0-dirty
full,7,16,151936,50,bfloat16,8,128,24.563,24.562,24.564,24.563,0.001,5,4784,478,4,6ddf1e0-dirty
noop,0,16,151936,50,bfloat16,8,128,2.542,2.537,2.554,2.544,0.008,5,5000,500,4,6ddf1e0-dirty
phase1,1,16,151936,50,bfloat16,8,128,6.171,6.162,6.177,6.170,0.007,5,5000,500,4,6ddf1e0-dirty
phase2,2,16,151936,50,bfloat16,8,128,6.181,6.169,6.182,6.177,0.007,5,5000,500,4,6ddf1e0-dirty
phase3,3,16,151936,50,bfloat16,8,128,10.226,10.223,10.238,10.228,0.008,5,5000,500,4,6ddf1e0-dirty
phase4,4,16,151936,100,bfloat16,8,128,10.229,10.225,10.242,10.231,0.008,5,5000,500,4,6ddf1e0-dirty
phase5,5,16,151936,100,bfloat16,8,128,15.150,14.982,15.179,15.112,0.096,5,5000,500,4,6ddf1e0-dirty
phase6,6,16,151936,100,bfloat16,8,128,22.544,22.543,22.561,22.548,0.009,5,5000,500,4,6ddf1e0-dirty
phase7,7,16,151936,100,bfloat16,8,128,28.665,28.664,28.671,28.666,0.003,5,4105,410,4,6ddf1e0-dirty
full,7,16,151936,100,bfloat16,8,128,28.643,28.641,28.648,28.644,0.003,5,4152,415,4,6ddf1e0-dirty
noop,0,16,151936,100,bfloat16,8,128,2.519,2.513,2.522,2.517,0.004,5,5000,500,4,6ddf1e0-dirty
phase1,1,16,151936,100,bfloat16,8,128,6.169,6.163,6.172,6.168,0.004,5,5000,500,4,6ddf1e0-dirty
phase2,2,16,151936,100,bfloat16,8,128,6.176,6.175,6.180,6.177,0.002,5,5000,500,4,6ddf1e0-dirty
phase3,3,16,151936,100,bfloat16,8,128,10.227,10.223,10.228,10.226,0.002,5,5000,500,4,6ddf1e0-dirty
phase4,4,32,151936,20,bfloat16,4,128,16.390,16.388,16.391,16.390,0.002,5,5000,500,4,6ddf1e0-dirty
phase5,5,32,151936,20,bfloat16,4,128,24.541,24.529,24.543,24.538,0.007,5,5000,500,4,6ddf1e0-dirty
phase6,6,32,151936,20,bfloat16,4,128,25.768,25.756,25.770,25.764,0.007,5,4723,472,4,6ddf1e0-dirty
phase7,7,32,151936,20,bfloat16,4,128,26.886,26.872,26.888,26.882,0.008,5,4404,440,4,6ddf1e0-dirty
full,7,32,151936,20,bfloat16,4,128,27.178,27.163,27.199,27.182,0.017,5,4385,438,4,6ddf1e0-dirty
noop,0,32,151936,20,bfloat16,4,128,2.538,2.525,2.550,2.537,0.011,5,5000,500,4,6ddf1e0-dirty
phase1,1,32,151936,20,bfloat16,4,128,8.208,8.171,8.218,8.197,0.023,5,5000,500,4,6ddf1e0-dirty
phase2,2,32,151936,20,bfloat16,4,128,8.215,8.213,8.324,8.246,0.057,5,5000,500,4,6ddf1e0-dirty
phase3,3,32,151936,20,bfloat16,4,128,16.389,16.380,16.389,16.387,0.005,5,5000,500,4,6ddf1e0-dirty
phase4,4,32,151936,50,bfloat16,4,128,16.389,16.381,16.390,16.388,0.005,5,5000,500,4,6ddf1e0-dirty
phase5,5,32,151936,50,bfloat16,4,128,24.580,24.569,24.581,24.578,0.006,5,5000,500,4,6ddf1e0-dirty
phase6,6,32,151936,50,bfloat16,4,128,27.504,27.471,27.508,27.494,0.017,5,4399,439,4,6ddf1e0-dirty
phase7,7,32,151936,50,bfloat16,4,128,30.725,30.723,30.727,30.725,0.002,5,3872,387,4,6ddf1e0-dirty
full,7,32,151936,50,bfloat16,4,128,30.713,30.704,30.714,30.710,0.005,5,3873,387,4,6ddf1e0-dirty
noop,0,32,151936,50,bfloat16,4,128,2.532,2.525,2.540,2.533,0.007,5,5000,500,4,6ddf1e0-dirty
phase1,1,32,151936,50,bfloat16,4,128,8.208,8.183,8.213,8.201,0.014,5,5000,500,4,6ddf1e0-dirty
phase2,2,32,151936,50,bfloat16,4,128,8.218,8.213,8.339,8.252,0.063,5,5000,500,4,6ddf1e0-dirty
phase3,3,32,151936,50,bfloat16,4,128,16.387,16.379,16.388,16.386,0.005,5,5000,500,4,6ddf1e0-dirty
phase4,4,32,151936,100,bfloat16,4,128,16.390,16.382,16.391,16.388,0.005,5,5000,500,4,6ddf1e0-dirty
phase5,5,32,151936,100,bfloat16,4,128,24.915,24.894,24.927,24.914,0.015,5,4796,479,4,6ddf1e0-dirty
phase6,6,32,151936,100,bfloat16,4,128,30.579,30.562,30.594,30.581,0.014,5,3940,394,4,6ddf1e0-dirty
phase7,7,32,151936,100,bfloat16,4,128,34.825,34.824,34.837,34.829,0.007,5,3418,341,4,6ddf1e0-dirty
full,7,32,151936,100,bfloat16,4,128,34.950,34.939,34.961,34.950,0.010,5,3387,338,4,6ddf1e0-dirty
noop,0,32,151936,100,bfloat16,4,128,2.533,2.526,2.543,2.534,0.007,5,5000,500,4,6ddf1e0-dirty
phase1,1,32,151936,100,bfloat16,4,128,8.212,8.173,8.293,8.218,0.056,5,5000,500,4,6ddf1e0-dirty
phase2,2,32,151936,100,bfloat16,4,128,8.214,8.211,8.323,8.240,0.061,5,5000,500,4,6ddf1e0-dirty
phase3,3,32,151936,100,bfloat16,4,128,16.388,16.380,16.389,16.386,0.004,5,5000,500,4,6ddf1e0-dirty
phase5,5,1,151936,20,bfloat16,8,8,10.248,10.241,10.250,10.247,0.004,5,5000,500,5,6ddf1e0-dirty
phase6,6,1,151936,20,bfloat16,8,8,14.353,14.352,14.371,14.357,0.010,5,5000,500,5,6ddf1e0-dirty
phase7,7,1,151936,20,bfloat16,8,8,16.345,16.341,16.356,16.347,0.007,5,5000,500,5,6ddf1e0-dirty
full,7,1,151936,20,bfloat16,8,8,16.346,16.344,16.348,16.346,0.002,5,5000,500,5,6ddf1e0-dirty
noop,0,1,151936,20,bfloat16,8,8,2.527,2.522,2.531,2.527,0.004,5,5000,500,5,6ddf1e0-dirty
phase1,1,1,151936,20,bfloat16,8,8,4.136,4.132,4.148,4.139,0.007,5,5000,500,5,6ddf1e0-dirty
phase2,2,1,151936,20,bfloat16,8,8,4.216,4.201,4.223,4.212,0.011,5,5000,500,5,6ddf1e0-dirty
phase3,3,1,151936,20,bfloat16,8,8,6.268,6.202,6.275,6.253,0.037,5,5000,500,5,6ddf1e0-dirty
phase4,4,1,151936,20,bfloat16,8,8,6.597,6.204,6.603,6.442,0.217,5,5000,500,5,6ddf1e0-dirty
phase5,5,1,151936,50,bfloat16,8,8,10.272,10.258,10.281,10.270,0.012,5,5000,500,5,6ddf1e0-dirty
phase6,6,1,151936,50,bfloat16,8,8,16.375,16.373,16.376,16.375,0.002,5,5000,500,5,6ddf1e0-dirty
phase7,7,1,151936,50,bfloat16,8,8,18.462,18.460,18.464,18.462,0.002,5,5000,500,5,6ddf1e0-dirty
full,7,1,151936,50,bfloat16,8,8,19.434,19.432,19.449,19.438,0.008,5,5000,500,5,6ddf1e0-dirty
noop,0,1,151936,50,bfloat16,8,8,2.511,2.502,2.512,2.509,0.005,5,5000,500,5,6ddf1e0-dirty
phase1,1,1,151936,50,bfloat16,8,8,4.145,4.139,4.152,4.146,0.006,5,5000,500,5,6ddf1e0-dirty
phase2,2,1,151936,50,bfloat16,8,8,4.199,4.194,4.207,4.200,0.006,5,5000,500,5,6ddf1e0-dirty
phase3,3,1,151936,50,bfloat16,8,8,6.253,6.248,6.263,6.255,0.007,5,5000,500,5,6ddf1e0-dirty
phase4,4,1,151936,50,bfloat16,8,8,6.594,6.265,6.602,6.504,0.173,5,5000,500,5,6ddf1e0-dirty
phase5,5,1,151936,100,bfloat16,8,8,10.261,10.259,10.663,10.421,0.220,5,5000,500,5,6ddf1e0-dirty
phase6,6,1,151936,100,bfloat16,8,8,18.459,18.456,18.463,18.459,0.003,5,5000,500,5,6ddf1e0-dirty
phase7,7,1,151936,100,bfloat16,8,8,22.564,22.564,22.568,22.565,0.002,5,5000,500,5,6ddf1e0-dirty
full,7,1,151936,100,bfloat16,8,8,23.076,23.070,23.094,23.080,0.011,5,4951,495,5,6ddf1e0-dirty
noop,0,1,151936,100,bfloat16,8,8,2.532,2.517,2.533,2.527,0.008,5,5000,500,5,6ddf1e0-dirty
phase1,1,1,151936,100,bfloat16,8,8,4.145,4.137,4.146,4.142,0.004,5,5000,500,5,6ddf1e0-dirty
phase2,2,1,151936,100,bfloat16,8,8,4.201,4.194,4.213,4.201,0.009,5,5000,500,5,6ddf1e0-dirty
phase3,3,1,151936,100,bfloat16,8,8,6.317,6.187,6.327,6.269,0.074,5,5000,500,5,6ddf1e0-dirty
phase4,4,1,151936,100,bfloat16,8,8,6.595,6.198,6.598,6.437,0.218,5,5000,500,5,6ddf1e0-dirty
phase5,5,4,151936,20,bfloat16,8,32,10.275,10.259,10.278,10.271,0.009,5,5000,500,5,6ddf1e0-dirty
phase6,6,4,151936,20,bfloat16,8,32,14.388,14.385,14.389,14.387,0.002,5,5000,500,5,6ddf1e0-dirty
phase7,7,4,151936,20,bfloat16,8,32,16.375,16.371,16.392,16.378,0.010,5,5000,500,5,6ddf1e0-dirty
full,7,4,151936,20,bfloat16,8,32,16.376,16.375,16.379,16.377,0.002,5,5000,500,5,6ddf1e0-dirty
noop,0,4,151936,20,bfloat16,8,32,2.525,2.520,2.535,2.527,0.007,5,5000,500,5,6ddf1e0-dirty
phase1,1,4,151936,20,bfloat16,8,32,4.146,4.137,4.147,4.143,0.005,5,5000,500,5,6ddf1e0-dirty
phase2,2,4,151936,20,bfloat16,8,32,4.242,4.239,4.253,4.246,0.007,5,5000,500,5,6ddf1e0-dirty
phase3,3,4,151936,20,bfloat16,8,32,6.198,6.191,6.592,6.354,0.218,5,5000,500,5,6ddf1e0-dirty
phase4,4,4,151936,20,bfloat16,8,32,7.755,7.702,7.778,7.743,0.037,5,5000,500,5,6ddf1e0-dirty
phase5,5,4,151936,50,bfloat16,8,32,10.551,10.316,10.563,10.496,0.134,5,5000,500,5,6ddf1e0-dirty
phase6,6,4,151936,50,bfloat16,8,32,16.382,16.380,16.387,16.383,0.003,5,5000,500,5,6ddf1e0-dirty
phase7,7,4,151936,50,bfloat16,8,32,18.500,18.474,18.545,18.503,0.032,5,5000,500,5,6ddf1e0-dirty
full,7,4,151936,50,bfloat16,8,32,20.272,20.266,20.280,20.273,0.007,5,5000,500,5,6ddf1e0-dirty
noop,0,4,151936,50,bfloat16,8,32,2.542,2.533,2.550,2.542,0.008,5,5000,500,5,6ddf1e0-dirty
phase1,1,4,151936,50,bfloat16,8,32,4.146,4.140,4.149,4.145,0.004,5,5000,500,5,6ddf1e0-dirty
phase2,2,4,151936,50,bfloat16,8,32,4.237,4.229,4.244,4.237,0.007,5,5000,500,5,6ddf1e0-dirty
phase3,3,4,151936,50,bfloat16,8,32,6.586,6.251,6.591,6.492,0.174,5,5000,500,5,6ddf1e0-dirty
phase4,4,4,151936,50,bfloat16,8,32,7.581,7.572,7.657,7.601,0.041,5,5000,500,5,6ddf1e0-dirty
phase5,5,4,151936,100,bfloat16,8,32,12.275,12.273,12.278,12.275,0.002,5,5000,500,5,6ddf1e0-dirty
phase6,6,4,151936,100,bfloat16,8,32,20.484,20.483,20.485,20.484,0.001,5,5000,500,5,6ddf1e0-dirty
phase7,7,4,151936,100,bfloat16,8,32,24.574,24.572,24.575,24.574,0.001,5,4775,477,5,6ddf1e0-dirty
full,7,4,151936,100,bfloat16,8,32,26.145,26.115,26.171,26.142,0.024,5,4369,436,5,6ddf1e0-dirty
noop,0,4,151936,100,bfloat16,8,32,2.553,2.551,2.561,2.555,0.005,5,5000,500,5,6ddf1e0-dirty
phase1,1,4,151936,100,bfloat16,8,32,4.148,4.140,4.153,4.147,0.006,5,5000,500,5,6ddf1e0-dirty
phase2,2,4,151936,100,bfloat16,8,32,4.238,4.236,4.252,4.242,0.008,5,5000,500,5,6ddf1e0-dirty
phase3,3,4,151936,100,bfloat16,8,32,6.517,6.194,6.592,6.417,0.206,5,5000,500,5,6ddf1e0-dirty
phase4,4,4,151936,100,bfloat16,8,32,7.678,7.539,7.713,7.640,0.080,5,5000,500,5,6ddf1e0-dirty
phase5,5,8,151936,20,bfloat16,8,64,10.266,10.257,10.268,10.263,0.006,5,5000,500,5,6ddf1e0-dirty
phase6,6,8,151936,20,bfloat16,8,64,14.387,14.385,14.389,14.387,0.002,5,5000,500,5,6ddf1e0-dirty
phase7,7,8,151936,20,bfloat16,8,64,16.376,16.374,16.401,16.382,0.014,5,5000,500,5,6ddf1e0-dirty
full,7,8,151936,20,bfloat16,8,64,16.375,16.374,16.376,16.375,0.001,5,5000,500,5,6ddf1e0-dirty
noop,0,8,151936,20,bfloat16,8,64,2.535,2.528,2.539,2.534,0.005,5,5000,500,5,6ddf1e0-dirty
phase1,1,8,151936,20,bfloat16,8,64,4.153,4.141,4.158,4.149,0.008,5,5000,500,5,6ddf1e0-dirty
phase2,2,8,151936,20,bfloat16,8,64,4.267,4.254,4.280,4.267,0.011,5,5000,500,5,6ddf1e0-dirty
phase3,3,8,151936,20,bfloat16,8,64,6.204,6.203,6.600,6.362,0.217,5,5000,500,5,6ddf1e0-dirty
phase4,4,8,151936,20,bfloat16,8,64,8.170,8.170,8.171,8.171,0.001,5,5000,500,5,6ddf1e0-dirty
phase5,5,8,151936,50,bfloat16,8,64,10.654,10.262,10.659,10.499,0.216,5,5000,500,5,6ddf1e0-dirty
phase6,6,8,151936,50,bfloat16,8,64,16.385,16.384,16.389,16.386,0.002,5,5000,500,5,6ddf1e0-dirty
phase7,7,8,151936,50,bfloat16,8,64,20.479,20.476,20.480,20.478,0.001,5,5000,500,5,6ddf1e0-dirty
full,7,8,151936,50,bfloat16,8,64,20.435,20.430,20.438,20.434,0.003,5,5000,500,5,6ddf1e0-dirty
noop,0,8,151936,50,bfloat16,8,64,2.531,2.527,2.544,2.535,0.008,5,5000,500,5,6ddf1e0-dirty
phase1,1,8,151936,50,bfloat16,8,64,4.158,4.142,4.165,4.154,0.011,5,5000,500,5,6ddf1e0-dirty
phase2,2,8,151936,50,bfloat16,8,64,4.264,4.261,4.276,4.267,0.007,5,5000,500,5,6ddf1e0-dirty
phase3,3,8,151936,50,bfloat16,8,64,6.599,6.537,6.604,6.585,0.035,5,5000,500,5,6ddf1e0-dirty
phase4,4,8,151936,50,bfloat16,8,64,8.172,8.170,8.186,8.175,0.008,5,5000,500,5,6ddf1e0-dirty
phase5,5,8,151936,100,bfloat16,8,64,12.261,12.256,12.276,12.263,0.009,5,5000,500,5,6ddf1e0-dirty
phase6,6,8,151936,100,bfloat16,8,64,20.490,20.486,20.492,20.490,0.003,5,5000,500,5,6ddf1e0-dirty
phase7,7,8,151936,100,bfloat16,8,64,26.607,26.606,26.607,26.607,0.001,5,4411,441,5,6ddf1e0-dirty
full,7,8,151936,100,bfloat16,8,64,26.410,26.403,26.418,26.410,0.007,5,4407,440,5,6ddf1e0-dirty
noop,0,8,151936,100,bfloat16,8,64,2.530,2.526,2.538,2.532,0.006,5,5000,500,5,6ddf1e0-dirty
phase1,1,8,151936,100,bfloat16,8,64,4.156,4.144,4.159,4.153,0.007,5,5000,500,5,6ddf1e0-dirty
phase2,2,8,151936,100,bfloat16,8,64,4.271,4.267,4.278,4.271,0.005,5,5000,500,5,6ddf1e0-dirty
phase3,3,8,151936,100,bfloat16,8,64,6.601,6.282,6.601,6.521,0.178,5,5000,500,5,6ddf1e0-dirty
phase4,4,8,151936,100,bfloat16,8,64,8.172,8.171,8.191,8.178,0.010,5,5000,500,5,6ddf1e0-dirty
phase5,5,16,151936,20,bfloat16,8,128,14.340,14.339,14.342,14.340,0.001,5,5000,500,5,6ddf1e0-dirty
phase6,6,16,151936,20,bfloat16,8,128,18.158,18.145,18.166,18.155,0.010,5,5000,500,5,6ddf1e0-dirty
phase7,7,16,151936,20,bfloat16,8,128,19.497,19.480,19.503,19.495,0.011,5,5000,500,5,6ddf1e0-dirty
full,7,16,151936,20,bfloat16,8,128,19.502,19.487,19.530,19.505,0.019,5,5000,500,5,6ddf1e0-dirty
noop,0,16,151936,20,bfloat16,8,128,2.527,2.526,2.539,2.530,0.006,5,5000,500,5,6ddf1e0-dirty
phase1,1,16,151936,20,bfloat16,8,128,6.166,6.154,6.173,6.163,0.009,5,5000,500,5,6ddf1e0-dirty
phase2,2,16,151936,20,bfloat16,8,128,6.177,6.174,6.181,6.178,0.003,5,5000,500,5,6ddf1e0-dirty
phase3,3,16,151936,20,bfloat16,8,128,10.227,10.225,10.237,10.229,0.006,5,5000,500,5,6ddf1e0-dirty
phase4,4,16,151936,20,bfloat16,8,128,10.230,10.227,10.246,10.234,0.009,5,5000,500,5,6ddf1e0-dirty
phase5,5,16,151936,50,bfloat16,8,128,14.367,14.355,14.370,14.364,0.007,5,5000,500,5,6ddf1e0-dirty
phase6,6,16,151936,50,bfloat16,8,128,20.464,20.461,20.468,20.464,0.003,5,5000,500,5,6ddf1e0-dirty
phase7,7,16,151936,50,bfloat16,8,128,24.564,24.563,24.565,24.564,0.001,5,4841,484,5,6ddf1e0-dirty
full,7,16,151936,50,bfloat16,8,128,24.565,24.563,24.565,24.565,0.001,5,4749,474,5,6ddf1e0-dirty
noop,0,16,151936,50,bfloat16,8,128,2.542,2.536,2.553,2.544,0.007,5,5000,500,5,6ddf1e0-dirty
phase1,1,16,151936,50,bfloat16,8,128,6.167,6.157,6.177,6.167,0.009,5,5000,500,5,6ddf1e0-dirty
phase2,2,16,151936,50,bfloat16,8,128,6.175,6.172,6.181,6.176,0.004,5,5000,500,5,6ddf1e0-dirty
phase3,3,16,151936,50,bfloat16,8,128,10.225,10.225,10.235,10.228,0.005,5,5000,500,5,6ddf1e0-dirty
phase4,4,16,151936,50,bfloat16,8,128,10.228,10.226,10.245,10.233,0.009,5,5000,500,5,6ddf1e0-dirty
phase5,5,16,151936,100,bfloat16,8,128,15.298,15.272,15.328,15.295,0.025,5,5000,500,5,6ddf1e0-dirty
phase6,6,16,151936,100,bfloat16,8,128,22.552,22.551,22.554,22.552,0.001,5,5000,500,5,6ddf1e0-dirty
phase7,7,16,151936,100,bfloat16,8,128,28.685,28.680,28.686,28.684,0.003,5,4129,412,5,6ddf1e0-dirty
full,7,16,151936,100,bfloat16,8,128,28.662,28.659,28.689,28.668,0.016,5,4124,412,5,6ddf1e0-dirty
noop,0,16,151936,100,bfloat16,8,128,2.539,2.536,2.545,2.540,0.004,5,5000,500,5,6ddf1e0-dirty
phase1,1,16,151936,100,bfloat16,8,128,6.170,6.168,6.172,6.170,0.002,5,5000,500,5,6ddf1e0-dirty
phase2,2,16,151936,100,bfloat16,8,128,6.175,6.172,6.179,6.176,0.003,5,5000,500,5,6ddf1e0-dirty
phase3,3,16,151936,100,bfloat16,8,128,10.225,10.224,10.226,10.225,0.001,5,5000,500,5,6ddf1e0-dirty
phase4,4,16,151936,100,bfloat16,8,128,10.240,10.227,10.247,10.238,0.010,5,5000,500,5,6ddf1e0-dirty
phase5,5,32,151936,20,bfloat16,4,128,24.420,24.411,24.425,24.419,0.006,5,5000,500,5,6ddf1e0-dirty
phase6,6,32,151936,20,bfloat16,4,128,25.594,25.582,25.599,25.590,0.008,5,4756,475,5,6ddf1e0-dirty
phase7,7,32,151936,20,bfloat16,4,128,27.011,26.992,27.023,27.008,0.014,5,4430,443,5,6ddf1e0-dirty
full,7,32,151936,20,bfloat16,4,128,27.196,27.192,27.201,27.196,0.004,5,4415,441,5,6ddf1e0-dirty
noop,0,32,151936,20,bfloat16,4,128,2.533,2.529,2.546,2.536,0.007,5,5000,500,5,6ddf1e0-dirty
phase1,1,32,151936,20,bfloat16,4,128,8.208,8.173,8.214,8.197,0.020,5,5000,500,5,6ddf1e0-dirty
phase2,2,32,151936,20,bfloat16,4,128,8.213,8.211,8.215,8.213,0.002,5,5000,500,5,6ddf1e0-dirty
phase3,3,32,151936,20,bfloat16,4,128,16.388,16.379,16.389,16.386,0.005,5,5000,500,5,6ddf1e0-dirty
phase4,4,32,151936,20,bfloat16,4,128,16.389,16.380,16.389,16.387,0.005,5,5000,500,5,6ddf1e0-dirty
phase5,5,32,151936,50,bfloat16,4,128,24.579,24.576,24.579,24.578,0.001,5,5000,500,5,6ddf1e0-dirty
phase6,6,32,151936,50,bfloat16,4,128,27.376,27.368,27.417,27.389,0.023,5,4347,434,5,6ddf1e0-dirty
phase7,7,32,151936,50,bfloat16,4,128,30.728,30.726,30.729,30.727,0.001,5,3861,386,5,6ddf1e0-dirty
full,7,32,151936,50,bfloat16,4,128,30.729,30.726,30.752,30.734,0.013,5,3860,386,5,6ddf1e0-dirty
noop,0,32,151936,50,bfloat16,4,128,2.522,2.512,2.528,2.521,0.008,5,5000,500,5,6ddf1e0-dirty
phase1,1,32,151936,50,bfloat16,4,128,8.210,8.177,8.218,8.201,0.019,5,5000,500,5,6ddf1e0-dirty
phase2,2,32,151936,50,bfloat16,4,128,8.216,8.214,8.323,8.242,0.060,5,5000,500,5,6ddf1e0-dirty
phase3,3,32,151936,50,bfloat16,4,128,16.388,16.380,16.390,16.386,0.005,5,5000,500,5,6ddf1e0-dirty
phase4,4,32,151936,50,bfloat16,4,128,16.390,16.382,16.391,16.388,0.005,5,5000,500,5,6ddf1e0-dirty
phase5,5,32,151936,100,bfloat16,4,128,24.769,24.742,24.776,24.764,0.016,5,4825,482,5,6ddf1e0-dirty
phase6,6,32,151936,100,bfloat16,4,128,30.332,30.318,30.339,30.330,0.010,5,3981,398,5,6ddf1e0-dirty
phase7,7,32,151936,100,bfloat16,4,128,34.859,34.855,34.861,34.858,0.002,5,3412,341,5,6ddf1e0-dirty
full,7,32,151936,100,bfloat16,4,128,34.914,34.906,34.926,34.916,0.009,5,3365,336,5,6ddf1e0-dirty
noop,0,32,151936,100,bfloat16,4,128,2.513,2.505,2.549,2.521,0.020,5,5000,500,5,6ddf1e0-dirty
phase1,1,32,151936,100,bfloat16,4,128,8.212,8.169,8.296,8.216,0.060,5,5000,500,5,6ddf1e0-dirty
phase2,2,32,151936,100,bfloat16,4,128,8.215,8.213,8.396,8.286,0.098,5,5000,500,5,6ddf1e0-dirty
phase3,3,32,151936,100,bfloat16,4,128,16.388,16.380,16.389,16.386,0.005,5,5000,500,5,6ddf1e0-dirty
phase4,4,32,151936,100,bfloat16,4,128,16.391,16.384,16.393,16.390,0.005,5,5000,500,5,6ddf1e0-dirty
phase6,6,1,151936,20,bfloat16,8,8,14.352,14.351,14.359,14.354,0.004,5,5000,500,6,6ddf1e0-dirty
phase7,7,1,151936,20,bfloat16,8,8,16.341,16.337,16.342,16.340,0.002,5,5000,500,6,6ddf1e0-dirty
full,7,1,151936,20,bfloat16,8,8,16.350,16.346,16.352,16.349,0.003,5,5000,500,6,6ddf1e0-dirty
noop,0,1,151936,20,bfloat16,8,8,2.531,2.525,2.533,2.530,0.004,5,5000,500,6,6ddf1e0-dirty
phase1,1,1,151936,20,bfloat16,8,8,4.136,4.123,4.146,4.135,0.010,5,5000,500,6,6ddf1e0-dirty
phase2,2,1,151936,20,bfloat16,8,8,4.210,4.196,4.212,4.206,0.007,5,5000,500,6,6ddf1e0-dirty
phase3,3,1,151936,20,bfloat16,8,8,6.329,6.196,6.337,6.282,0.072,5,5000,500,6,6ddf1e0-dirty
phase4,4,1,151936,20,bfloat16,8,8,6.616,6.290,6.617,6.522,0.168,5,5000,500,6,6ddf1e0-dirty
phase5,5,1,151936,20,bfloat16,8,8,10.230,10.227,10.247,10.235,0.009,5,5000,500,6,6ddf1e0-dirty
phase6,6,1,151936,50,bfloat16,8,8,16.371,16.369,16.374,16.371,0.002,5,5000,500,6,6ddf1e0-dirty
phase7,7,1,151936,50,bfloat16,8,8,18.462,18.460,18.464,18.462,0.002,5,5000,500,6,6ddf1e0-dirty
full,7,1,151936,50,bfloat16,8,8,19.163,19.155,19.181,19.166,0.012,5,5000,500,6,6ddf1e0-dirty
noop,0,1,151936,50,bfloat16,8,8,2.522,2.519,2.528,2.523,0.004,5,5000,500,6,6ddf1e0-dirty
phase1,1,1,151936,50,bfloat16,8,8,4.139,4.128,4.148,4.139,0.009,5,5000,500,6,6ddf1e0-dirty
phase2,2,1,151936,50,bfloat16,8,8,4.206,4.192,4.209,4.202,0.008,5,5000,500,6,6ddf1e0-dirty
phase3,3,1,151936,50,bfloat16,8,8,6.294,6.270,6.308,6.292,0.017,5,5000,500,6,6ddf1e0-dirty
phase4,4,1,151936,50,bfloat16,8,8,6.208,6.202,6.520,6.285,0.175,5,5000,500,6,6ddf1e0-dirty
phase5,5,1,151936,50,bfloat16,8,8,10.300,10.262,10.303,10.290,0.020,5,5000,500,6,6ddf1e0-dirty
phase6,6,1,151936,100,bfloat16,8,8,18.817,18.810,18.825,18.817,0.007,5,5000,500,6,6ddf1e0-dirty
phase7,7,1,151936,100,bfloat16,8,8,22.921,22.912,22.930,22.922,0.008,5,5000,500,6,6ddf1e0-dirty
full,7,1,151936,100,bfloat16,8,8,23.460,23.430,23.465,23.452,0.016,5,4844,484,6,6ddf1e0-dirty
noop,0,1,151936,100,bfloat16,8,8,2.528,2.521,2.531,2.527,0.004,5,5000,500,6,6ddf1e0-dirty
phase1,1,1,151936,100,bfloat16,8,8,4.140,4.132,4.145,4.139,0.006,5,5000,500,6,6ddf1e0-dirty
phase2,2,1,151936,100,bfloat16,8,8,4.202,4.195,4.207,4.202,0.005,5,5000,500,6,6ddf1e0-dirty
phase3,3,1,151936,100,bfloat16,8,8,6.443,6.405,6.457,6.437,0.024,5,5000,500,6,6ddf1e0-dirty
phase4,4,1,151936,100,bfloat16,8,8,6.596,6.283,6.600,6.519,0.176,5,5000,500,6,6ddf1e0-dirty
phase5,5,1,151936,100,bfloat16,8,8,10.612,10.600,10.887,10.678,0.155,5,5000,500,6,6ddf1e0-dirty
phase6,6,4,151936,20,bfloat16,8,32,14.386,14.384,14.386,14.385,0.001,5,5000,500,6,6ddf1e0-dirty
phase7,7,4,151936,20,bfloat16,8,32,16.379,16.379,16.380,16.379,0.000,5,5000,500,6,6ddf1e0-dirty
full,7,4,151936,20,bfloat16,8,32,16.380,16.378,16.382,16.380,0.001,5,5000,500,6,6ddf1e0-dirty
noop,0,4,151936,20,bfloat16,8,32,2.547,2.537,2.549,2.545,0.006,5,5000,500,6,6ddf1e0-dirty
phase1,1,4,151936,20,bfloat16,8,32,4.147,4.142,4.150,4.146,0.004,5,5000,500,6,6ddf1e0-dirty
phase2,2,4,151936,20,bfloat16,8,32,4.249,4.237,4.252,4.246,0.007,5,5000,500,6,6ddf1e0-dirty
phase3,3,4,151936,20,bfloat16,8,32,6.588,6.273,6.590,6.509,0.176,5,5000,500,6,6ddf1e0-dirty
phase4,4,4,151936,20,bfloat16,8,32,7.896,7.835,7.943,7.891,0.046,5,5000,500,6,6ddf1e0-dirty
phase5,5,4,151936,20,bfloat16,8,32,10.265,10.262,10.266,10.265,0.002,5,5000,500,6,6ddf1e0-dirty
phase6,6,4,151936,50,bfloat16,8,32,16.389,16.386,16.395,16.390,0.004,5,5000,500,6,6ddf1e0-dirty
phase7,7,4,151936,50,bfloat16,8,32,18.462,18.462,18.466,18.463,0.002,5,5000,500,6,6ddf1e0-dirty
full,7,4,151936,50,bfloat16,8,32,19.272,19.261,19.295,19.275,0.015,5,5000,500,6,6ddf1e0-dirty
noop,0,4,151936,50,bfloat16,8,32,2.532,2.531,2.538,2.533,0.003,5,5000,500,6,6ddf1e0-dirty
phase1,1,4,151936,50,bfloat16,8,32,4.147,4.140,4.154,4.147,0.006,5,5000,500,6,6ddf1e0-dirty
phase2,2,4,151936,50,bfloat16,8,32,4.242,4.231,4.253,4.242,0.009,5,5000,500,6,6ddf1e0-dirty
phase3,3,4,151936,50,bfloat16,8,32,6.581,6.258,6.588,6.493,0.170,5,5000,500,6,6ddf1e0-dirty
phase4,4,4,151936,50,bfloat16,8,32,7.876,7.858,7.908,7.881,0.022,5,5000,500,6,6ddf1e0-dirty
phase5,5,4,151936,50,bfloat16,8,32,10.260,10.257,10.567,10.377,0.162,5,5000,500,6,6ddf1e0-dirty
phase6,6,4,151936,100,bfloat16,8,32,20.492,20.491,20.495,20.492,0.002,5,5000,500,6,6ddf1e0-dirty
phase7,7,4,151936,100,bfloat16,8,32,24.576,24.575,24.578,24.576,0.001,5,4755,475,6,6ddf1e0-dirty
full,7,4,151936,100,bfloat16,8,32,25.192,25.177,25.198,25.189,0.010,5,4644,464,6,6ddf1e0-dirty
noop,0,4,151936,100,bfloat16,8,32,2.534,2.521,2.540,2.531,0.009,5,5000,500,6,6ddf1e0-dirty
phase1,1,4,151936,100,bfloat16,8,32,4.143,4.137,4.151,4.144,0.006,5,5000,500,6,6ddf1e0-dirty
phase2,2,4,151936,100,bfloat16,8,32,4.246,4.240,4.256,4.246,0.007,5,5000,500,6,6ddf1e0-dirty
phase3,3,4,151936,100,bfloat16,8,32,6.588,6.254,6.590,6.493,0.172,5,5000,500,6,6ddf1e0-dirty
phase4,4,4,151936,100,bfloat16,8,32,7.698,7.674,7.712,7.697,0.017,5,5000,500,6,6ddf1e0-dirty
phase5,5,4,151936,100,bfloat16,8,32,12.272,12.271,12.274,12.272,0.001,5,5000,500,6,6ddf1e0-dirty
phase6,6,8,151936,20,bfloat16,8,64,14.366,14.365,14.371,14.367,0.003,5,5000,500,6,6ddf1e0-dirty
phase7,7,8,151936,20,bfloat16,8,64,16.364,16.362,16.368,16.364,0.003,5,5000,500,6,6ddf1e0-dirty
full,7,8,151936,20,bfloat16,8,64,16.365,16.363,16.367,16.365,0.002,5,5000,500,6,6ddf1e0-dirty
noop,0,8,151936,20,bfloat16,8,64,2.543,2.529,2.547,2.539,0.009,5,5000,500,6,6ddf1e0-dirty
phase1,1,8,151936,20,bfloat16,8,64,4.144,4.140,4.159,4.148,0.009,5,5000,500,6,6ddf1e0-dirty
phase2,2,8,151936,20,bfloat16,8,64,4.266,4.260,4.270,4.265,0.005,5,5000,500,6,6ddf1e0-dirty
phase3,3,8,151936,20,bfloat16,8,64,6.204,6.199,6.586,6.345,0.200,5,5000,500,6,6ddf1e0-dirty
phase4,4,8,151936,20,bfloat16,8,64,8.195,8.171,8.211,8.190,0.018,5,5000,500,6,6ddf1e0-dirty
phase5,5,8,151936,20,bfloat16,8,64,10.262,10.256,10.265,10.262,0.004,5,5000,500,6,6ddf1e0-dirty
phase6,6,8,151936,50,bfloat16,8,64,16.380,16.378,16.381,16.380,0.002,5,5000,500,6,6ddf1e0-dirty
phase7,7,8,151936,50,bfloat16,8,64,20.472,20.472,20.474,20.473,0.001,5,5000,500,6,6ddf1e0-dirty
full,7,8,151936,50,bfloat16,8,64,20.223,20.207,20.234,20.222,0.012,5,5000,500,6,6ddf1e0-dirty
noop,0,8,151936,50,bfloat16,8,64,2.532,2.529,2.543,2.535,0.007,5,5000,500,6,6ddf1e0-dirty
phase1,1,8,151936,50,bfloat16,8,64,4.144,4.141,4.153,4.147,0.006,5,5000,500,6,6ddf1e0-dirty
phase2,2,8,151936,50,bfloat16,8,64,4.270,4.243,4.277,4.261,0.016,5,5000,500,6,6ddf1e0-dirty
phase3,3,8,151936,50,bfloat16,8,64,6.608,6.285,6.611,6.528,0.181,5,5000,500,6,6ddf1e0-dirty
phase4,4,8,151936,50,bfloat16,8,64,8.171,8.171,8.184,8.174,0.007,5,5000,500,6,6ddf1e0-dirty
phase5,5,8,151936,50,bfloat16,8,64,10.261,10.258,10.510,10.322,0.140,5,5000,500,6,6ddf1e0-dirty
phase6,6,8,151936,100,bfloat16,8,64,20.490,20.488,20.491,20.490,0.001,5,5000,500,6,6ddf1e0-dirty
phase7,7,8,151936,100,bfloat16,8,64,26.600,26.598,26.605,26.601,0.003,5,4428,442,6,6ddf1e0-dirty
full,7,8,151936,100,bfloat16,8,64,26.027,26.004,26.036,26.023,0.015,5,4574,457,6,6ddf1e0-dirty
noop,0,8,151936,100,bfloat16,8,64,2.553,2.549,2.553,2.552,0.002,5,5000,500,6,6ddf1e0-dirty
phase1,1,8,151936,100,bfloat16,8,64,4.146,4.139,4.157,4.147,0.008,5,5000,500,6,6ddf1e0-dirty
phase2,2,8,151936,100,bfloat16,8,64,4.279,4.264,4.286,4.276,0.011,5,5000,500,6,6ddf1e0-dirty
phase3,3,8,151936,100,bfloat16,8,64,6.616,6.222,6.623,6.463,0.215,5,5000,500,6,6ddf1e0-dirty
phase4,4,8,151936,100,bfloat16,8,64,8.171,8.170,8.180,8.173,0.005,5,5000,500,6,6ddf1e0-dirty
phase5,5,8,151936,100,bfloat16,8,64,12.271,12.270,12.272,12.271,0.001,5,5000,500,6,6ddf1e0-dirty
phase6,6,16,151936,20,bfloat16,8,128,17.685,17.675,17.692,17.684,0.008,5,5000,500,6,6ddf1e0-dirty
phase7,7,16,151936,20,bfloat16,8,128,19.101,19.093,19.120,19.104,0.012,5,5000,500,6,6ddf1e0-dirty
full,7,16,151936,20,bfloat16,8,128,19.111,19.106,19.124,19.114,0.008,5,5000,500,6,6ddf1e0-dirty
noop,0,16,151936,20,bfloat16,8,128,2.535,2.526,2.540,2.535,0.007,5,5000,500,6,6ddf1e0-dirty
phase1,1,16,151936,20,bfloat16,8,128,6.168,6.153,6.174,6.165,0.009,5,5000,500,6,6ddf1e0-dirty
phase2,2,16,151936,20,bfloat16,8,128,6.178,6.169,6.182,6.176,0.006,5,5000,500,6,6ddf1e0-dirty
phase3,3,16,151936,20,bfloat16,8,128,10.224,10.223,10.226,10.225,0.001,5,5000,500,6,6ddf1e0-dirty
phase4,4,16,151936,20,bfloat16,8,128,10.228,10.227,10.247,10.235,0.011,5,5000,500,6,6ddf1e0-dirty
phase5,5,16,151936,20,bfloat16,8,128,14.339,14.331,14.341,14.338,0.004,5,5000,500,6,6ddf1e0-dirty
phase6,6,16,151936,50,bfloat16,8,128,20.459,20.457,20.461,20.459,0.002,5,5000,500,6,6ddf1e0-dirty
phase7,7,16,151936,50,bfloat16,8,128,24.552,24.548,24.554,24.551,0.002,5,4773,477,6,6ddf1e0-dirty
full,7,16,151936,50,bfloat16,8,128,24.537,24.536,24.539,24.537,0.001,5,4799,479,6,6ddf1e0-dirty
noop,0,16,151936,50,bfloat16,8,128,2.509,2.505,2.524,2.513,0.009,5,5000,500,6,6ddf1e0-dirty
phase1,1,16,151936,50,bfloat16,8,128,6.168,6.161,6.172,6.167,0.005,5,5000,500,6,6ddf1e0-dirty
phase2,2,16,151936,50,bfloat16,8,128,6.173,6.166,6.178,6.173,0.005,5,5000,500,6,6ddf1e0-dirty
phase3,3,16,151936,50,bfloat16,8,128,10.226,10.225,10.228,10.227,0.001,5,5000,500,6,6ddf1e0-dirty
phase4,4,16,151936,50,bfloat16,8,128,10.228,10.227,10.240,10.231,0.007,5,5000,500,6,6ddf1e0-dirty
phase5,5,16,151936,50,bfloat16,8,128,14.364,14.353,14.367,14.362,0.007,5,5000,500,6,6ddf1e0-dirty
phase6,6,16,151936,100,bfloat16,8,128,22.545,22.544,22.545,22.544,0.001,5,5000,500,6,6ddf1e0-dirty
phase7,7,16,151936,100,bfloat16,8,128,28.664,28.663,28.666,28.664,0.001,5,4131,413,6,6ddf1e0-dirty
full,7,16,151936,100,bfloat16,8,128,28.490,28.479,28.495,28.489,0.008,5,4150,415,6,6ddf1e0-dirty
noop,0,16,151936,100,bfloat16,8,128,2.528,2.520,2.530,2.526,0.005,5,5000,500,6,6ddf1e0-dirty
phase1,1,16,151936,100,bfloat16,8,128,6.172,6.170,6.176,6.173,0.002,5,5000,500,6,6ddf1e0-dirty
phase2,2,16,151936,100,bfloat16,8,128,6.177,6.174,6.179,6.176,0.003,5,5000,500,6,6ddf1e0-dirty
phase3,3,16,151936,100,bfloat16,8,128,10.226,10.223,10.226,10.225,0.002,5,5000,500,6,6ddf1e0-dirty
phase4,4,16,151936,100,bfloat16,8,128,10.227,10.226,10.247,10.234,0.011,5,5000,500,6,6ddf1e0-dirty
phase5,5,16,151936,100,bfloat16,8,128,15.238,15.105,15.292,15.219,0.085,5,5000,500,6,6ddf1e0-dirty
phase6,6,32,151936,20,bfloat16,4,128,25.521,25.500,25.551,25.522,0.023,5,4683,468,6,6ddf1e0-dirty
phase7,7,32,151936,20,bfloat16,4,128,27.700,27.686,27.710,27.699,0.010,5,4342,434,6,6ddf1e0-dirty
full,7,32,151936,20,bfloat16,4,128,27.235,27.218,27.252,27.234,0.015,5,4359,435,6,6ddf1e0-dirty
noop,0,32,151936,20,bfloat16,4,128,2.542,2.532,2.556,2.542,0.011,5,5000,500,6,6ddf1e0-dirty
phase1,1,32,151936,20,bfloat16,4,128,8.195,8.176,8.266,8.210,0.042,5,5000,500,6,6ddf1e0-dirty
phase2,2,32,151936,20,bfloat16,4,128,8.215,8.208,8.278,8.229,0.036,5,5000,500,6,6ddf1e0-dirty
phase3,3,32,151936,20,bfloat16,4,128,16.387,16.379,16.388,16.385,0.004,5,5000,500,6,6ddf1e0-dirty
phase4,4,32,151936,20,bfloat16,4,128,16.390,16.382,16.392,16.388,0.005,5,5000,500,6,6ddf1e0-dirty
phase5,5,32,151936,20,bfloat16,4,128,24.489,24.477,24.503,24.489,0.011,5,5000,500,6,6ddf1e0-dirty
phase6,6,32,151936,50,bfloat16,4,128,27.566,27.543,27.592,27.568,0.021,5,4389,438,6,6ddf1e0-dirty
phase7,7,32,151936,50,bfloat16,4,128,30.726,30.722,30.729,30.726,0.003,5,3859,385,6,6ddf1e0-dirty
full,7,32,151936,50,bfloat16,4,128,30.725,30.721,30.726,30.724,0.003,5,3837,383,6,6ddf1e0-dirty
noop,0,32,151936,50,bfloat16,4,128,2.549,2.545,2.561,2.551,0.007,5,5000,500,6,6ddf1e0-dirty
phase1,1,32,151936,50,bfloat16,4,128,8.199,8.174,8.214,8.197,0.018,5,5000,500,6,6ddf1e0-dirty
phase2,2,32,151936,50,bfloat16,4,128,8.213,8.211,8.237,8.219,0.014,5,5000,500,6,6ddf1e0-dirty
phase3,3,32,151936,50,bfloat16,4,128,16.388,16.380,16.389,16.386,0.005,5,5000,500,6,6ddf1e0-dirty
phase4,4,32,151936,50,bfloat16,4,128,16.390,16.381,16.406,16.392,0.011,5,5000,500,6,6ddf1e0-dirty
phase5,5,32,151936,50,bfloat16,4,128,24.586,24.573,24.587,24.581,0.007,5,4972,497,6,6ddf1e0-dirty
phase6,6,32,151936,100,bfloat16,4,128,30.532,30.527,30.535,30.531,0.004,5,3940,394,6,6ddf1e0-dirty
phase7,7,32,151936,100,bfloat16,4,128,34.870,34.869,34.872,34.870,0.001,5,3378,337,6,6ddf1e0-dirty
full,7,32,151936,100,bfloat16,4,128,35.091,35.073,35.101,35.089,0.013,5,3368,336,6,6ddf1e0-dirty
noop,0,32,151936,100,bfloat16,4,128,2.532,2.522,2.542,2.531,0.009,5,5000,500,6,6ddf1e0-dirty
phase1,1,32,151936,100,bfloat16,4,128,8.198,8.170,8.251,8.203,0.037,5,5000,500,6,6ddf1e0-dirty
phase2,2,32,151936,100,bfloat16,4,128,8.217,8.216,8.358,8.257,0.073,5,5000,500,6,6ddf1e0-dirty
phase3,3,32,151936,100,bfloat16,4,128,16.389,16.380,16.389,16.387,0.005,5,5000,500,6,6ddf1e0-dirty
phase4,4,32,151936,100,bfloat16,4,128,16.391,16.384,16.393,16.390,0.004,5,5000,500,6,6ddf1e0-dirty
phase5,5,32,151936,100,bfloat16,4,128,24.939,24.789,24.946,24.901,0.082,5,4829,482,6,6ddf1e0-dirty
phase7,7,1,151936,20,bfloat16,8,8,16.377,16.375,16.382,16.378,0.003,5,5000,500,7,6ddf1e0-dirty
full,7,1,151936,20,bfloat16,8,8,16.378,16.376,16.381,16.378,0.002,5,5000,500,7,6ddf1e0-dirty
noop,0,1,151936,20,bfloat16,8,8,2.539,2.534,2.547,2.539,0.006,5,5000,500,7,6ddf1e0-dirty
phase1,1,1,151936,20,bfloat16,8,8,4.141,4.134,4.146,4.140,0.006,5,5000,500,7,6ddf1e0-dirty
phase2,2,1,151936,20,bfloat16,8,8,4.199,4.191,4.210,4.199,0.008,5,5000,500,7,6ddf1e0-dirty
phase3,3,1,151936,20,bfloat16,8,8,6.348,6.310,6.350,6.338,0.021,5,5000,500,7,6ddf1e0-dirty
phase4,4,1,151936,20,bfloat16,8,8,6.601,6.271,6.607,6.509,0.172,5,5000,500,7,6ddf1e0-dirty
phase5,5,1,151936,20,bfloat16,8,8,10.268,10.262,10.269,10.267,0.003,5,5000,500,7,6ddf1e0-dirty
phase6,6,1,151936,20,bfloat16,8,8,14.388,14.387,14.390,14.388,0.001,5,5000,500,7,6ddf1e0-dirty
phase7,7,1,151936,50,bfloat16,8,8,18.455,18.453,18.474,18.459,0.010,5,5000,500,7,6ddf1e0-dirty
full,7,1,151936,50,bfloat16,8,8,18.467,18.462,18.467,18.465,0.003,5,5000,500,7,6ddf1e0-dirty
noop,0,1,151936,50,bfloat16,8,8,2.552,2.543,2.556,2.550,0.006,5,5000,500,7,6ddf1e0-dirty
phase1,1,1,151936,50,bfloat16,8,8,4.144,4.136,4.151,4.143,0.007,5,5000,500,7,6ddf1e0-dirty
phase2,2,1,151936,50,bfloat16,8,8,4.206,4.194,4.211,4.204,0.008,5,5000,500,7,6ddf1e0-dirty
phase3,3,1,151936,50,bfloat16,8,8,6.335,6.214,6.337,6.305,0.068,5,5000,500,7,6ddf1e0-dirty
phase4,4,1,151936,50,bfloat16,8,8,6.603,6.210,6.608,6.448,0.215,5,5000,500,7,6ddf1e0-dirty
phase5,5,1,151936,50,bfloat16,8,8,10.277,10.270,10.280,10.276,0.004,5,5000,500,7,6ddf1e0-dirty
phase6,6,1,151936,50,bfloat16,8,8,16.377,16.375,16.377,16.376,0.001,5,5000,500,7,6ddf1e0-dirty
phase7,7,1,151936,100,bfloat16,8,8,22.512,22.511,22.512,22.512,0.001,5,5000,500,7,6ddf1e0-dirty
full,7,1,151936,100,bfloat16,8,8,22.521,22.520,22.521,22.520,0.001,5,5000,500,7,6ddf1e0-dirty
noop,0,1,151936,100,bfloat16,8,8,2.547,2.543,2.560,2.549,0.008,5,5000,500,7,6ddf1e0-dirty
phase1,1,1,151936,100,bfloat16,8,8,4.147,4.139,4.152,4.145,0.006,5,5000,500,7,6ddf1e0-dirty
phase2,2,1,151936,100,bfloat16,8,8,4.207,4.195,4.211,4.204,0.008,5,5000,500,7,6ddf1e0-dirty
phase3,3,1,151936,100,bfloat16,8,8,6.362,6.187,6.363,6.293,0.095,5,5000,500,7,6ddf1e0-dirty
phase4,4,1,151936,100,bfloat16,8,8,6.597,6.265,6.602,6.505,0.173,5,5000,500,7,6ddf1e0-dirty
phase5,5,1,151936,100,bfloat16,8,8,10.261,10.260,10.671,10.424,0.225,5,5000,500,7,6ddf1e0-dirty
phase6,6,1,151936,100,bfloat16,8,8,18.464,18.459,18.466,18.463,0.003,5,5000,500,7,6ddf1e0-dirty
phase7,7,4,151936,20,bfloat16,8,32,16.375,16.373,16.378,16.375,0.002,5,5000,500,7,6ddf1e0-dirty
full,7,4,151936,20,bfloat16,8,32,16.374,16.371,16.375,16.374,0.002,5,5000,500,7,6ddf1e0-dirty
noop,0,4,151936,20,bfloat16,8,32,2.527,2.525,2.541,2.531,0.008,5,5000,500,7,6ddf1e0-dirty
phase1,1,4,151936,20,bfloat16,8,32,4.143,4.137,4.148,4.143,0.005,5,5000,500,7,6ddf1e0-dirty
phase2,2,4,151936,20,bfloat16,8,32,4.240,4.235,4.247,4.241,0.005,5,5000,500,7,6ddf1e0-dirty
phase3,3,4,151936,20,bfloat16,8,32,6.588,6.524,6.590,6.572,0.036,5,5000,500,7,6ddf1e0-dirty
phase4,4,4,151936,20,bfloat16,8,32,7.820,7.806,7.865,7.828,0.027,5,5000,500,7,6ddf1e0-dirty
phase5,5,4,151936,20,bfloat16,8,32,10.273,10.271,10.276,10.273,0.002,5,5000,500,7,6ddf1e0-dirty
phase6,6,4,151936,20,bfloat16,8,32,14.379,14.377,14.380,14.379,0.001,5,5000,500,7,6ddf1e0-dirty
phase7,7,4,151936,50,bfloat16,8,32,20.465,20.463,20.467,20.465,0.001,5,5000,500,7,6ddf1e0-dirty
full,7,4,151936,50,bfloat16,8,32,20.084,20.076,20.088,20.082,0.005,5,5000,500,7,6ddf1e0-dirty
noop,0,4,151936,50,bfloat16,8,32,2.533,2.529,2.544,2.536,0.007,5,5000,500,7,6ddf1e0-dirty
phase1,1,4,151936,50,bfloat16,8,32,4.140,4.138,4.149,4.142,0.005,5,5000,500,7,6ddf1e0-dirty
phase2,2,4,151936,50,bfloat16,8,32,4.243,4.238,4.246,4.242,0.003,5,5000,500,7,6ddf1e0-dirty
phase3,3,4,151936,50,bfloat16,8,32,6.512,6.195,6.587,6.415,0.202,5,5000,500,7,6ddf1e0-dirty
phase4,4,4,151936,50,bfloat16,8,32,7.931,7.916,7.942,7.930,0.012,5,5000,500,7,6ddf1e0-dirty
phase5,5,4,151936,50,bfloat16,8,32,10.349,10.255,10.357,10.315,0.054,5,5000,500,7,6ddf1e0-dirty
phase6,6,4,151936,50,bfloat16,8,32,16.373,16.372,16.375,16.373,0.002,5,5000,500,7,6ddf1e0-dirty
phase7,7,4,151936,100,bfloat16,8,32,23.589,23.572,23.630,23.598,0.027,5,4811,481,7,6ddf1e0-dirty
full,7,4,151936,100,bfloat16,8,32,24.972,24.929,24.978,24.962,0.023,5,4577,457,7,6ddf1e0-dirty
noop,0,4,151936,100,bfloat16,8,32,2.546,2.538,2.557,2.547,0.008,5,5000,500,7,6ddf1e0-dirty
phase1,1,4,151936,100,bfloat16,8,32,4.142,4.139,4.151,4.144,0.006,5,5000,500,7,6ddf1e0-dirty
phase2,2,4,151936,100,bfloat16,8,32,4.244,4.237,4.264,4.248,0.012,5,5000,500,7,6ddf1e0-dirty
phase3,3,4,151936,100,bfloat16,8,32,6.588,6.526,6.591,6.573,0.034,5,5000,500,7,6ddf1e0-dirty
phase4,4,4,151936,100,bfloat16,8,32,7.933,7.912,7.946,7.932,0.015,5,5000,500,7,6ddf1e0-dirty
phase5,5,4,151936,100,bfloat16,8,32,10.901,10.842,11.096,10.939,0.116,5,5000,500,7,6ddf1e0-dirty
phase6,6,4,151936,100,bfloat16,8,32,19.420,19.407,19.479,19.433,0.034,5,5000,500,7,6ddf1e0-dirty
phase7,7,8,151936,20,bfloat16,8,64,16.373,16.373,16.375,16.374,0.001,5,5000,500,7,6ddf1e0-dirty
full,7,8,151936,20,bfloat16,8,64,16.373,16.373,16.373,16.373,0.000,5,5000,500,7,6ddf1e0-dirty
noop,0,8,151936,20,bfloat16,8,64,2.539,2.535,2.546,2.539,0.005,5,5000,500,7,6ddf1e0-dirty
phase1,1,8,151936,20,bfloat16,8,64,4.143,4.142,4.160,4.149,0.009,5,5000,500,7,6ddf1e0-dirty
phase2,2,8,151936,20,bfloat16,8,64,4.264,4.262,4.271,4.266,0.004,5,5000,500,7,6ddf1e0-dirty
phase3,3,8,151936,20,bfloat16,8,64,6.598,6.540,6.599,6.584,0.032,5,5000,500,7,6ddf1e0-dirty
phase4,4,8,151936,20,bfloat16,8,64,8.173,8.170,8.173,8.172,0.002,5,5000,500,7,6ddf1e0-dirty
phase5,5,8,151936,20,bfloat16,8,64,10.258,10.256,10.380,10.303,0.064,5,5000,500,7,6ddf1e0-dirty
phase6,6,8,151936,20,bfloat16,8,64,14.383,14.381,14.383,14.382,0.001,5,5000,500,7,6ddf1e0-dirty
phase7,7,8,151936,50,bfloat16,8,64,20.478,20.476,20.479,20.478,0.002,5,5000,500,7,6ddf1e0-dirty
full,7,8,151936,50,bfloat16,8,64,20.288,20.283,20.307,20.291,0.011,5,5000,500,7,6ddf1e0-dirty
noop,0,8,151936,50,bfloat16,8,64,2.541,2.532,2.550,2.542,0.008,5,5000,500,7,6ddf1e0-dirty
phase1,1,8,151936,50,bfloat16,8,64,4.143,4.142,4.163,4.150,0.010,5,5000,500,7,6ddf1e0-dirty
phase2,2,8,151936,50,bfloat16,8,64,4.269,4.253,4.277,4.266,0.011,5,5000,500,7,6ddf1e0-dirty
phase3,3,8,151936,50,bfloat16,8,64,6.599,6.283,6.605,6.522,0.177,5,5000,500,7,6ddf1e0-dirty
phase4,4,8,151936,50,bfloat16,8,64,8.172,8.170,8.190,8.178,0.010,5,5000,500,7,6ddf1e0-dirty
phase5,5,8,151936,50,bfloat16,8,64,10.262,10.260,10.557,10.335,0.165,5,5000,500,7,6ddf1e0-dirty
phase6,6,8,151936,50,bfloat16,8,64,16.385,16.383,16.386,16.385,0.001,5,5000,500,7,6ddf1e0-dirty
phase7,7,8,151936,100,bfloat16,8,64,26.609,26.608,26.610,26.609,0.001,5,4397,439,7,6ddf1e0-dirty
full,7,8,151936,100,bfloat16,8,64,26.102,26.098,26.130,26.109,0.015,5,4469,446,7,6ddf1e0-dirty
noop,0,8,151936,100,bfloat16,8,64,2.522,2.511,2.527,2.520,0.007,5,5000,500,7,6ddf1e0-dirty
phase1,1,8,151936,100,bfloat16,8,64,4.147,4.141,4.155,4.148,0.006,5,5000,500,7,6ddf1e0-dirty
phase2,2,8,151936,100,bfloat16,8,64,4.284,4.274,4.294,4.284,0.009,5,5000,500,7,6ddf1e0-dirty
phase3,3,8,151936,100,bfloat16,8,64,6.531,6.216,6.609,6.435,0.202,5,5000,500,7,6ddf1e0-dirty
phase4,4,8,151936,100,bfloat16,8,64,8.173,8.172,8.187,8.176,0.008,5,5000,500,7,6ddf1e0-dirty
phase5,5,8,151936,100,bfloat16,8,64,12.277,12.275,12.279,12.277,0.002,5,5000,500,7,6ddf1e0-dirty
phase6,6,8,151936,100,bfloat16,8,64,20.480,20.478,20.482,20.480,0.002,5,5000,500,7,6ddf1e0-dirty
phase7,7,16,151936,20,bfloat16,8,128,20.112,18.953,20.185,19.840,0.650,5,5000,500,7,6ddf1e0-dirty
full,7,16,151936,20,bfloat16,8,128,20.214,20.199,20.226,20.212,0.012,5,5000,500,7,6ddf1e0-dirty
noop,0,16,151936,20,bfloat16,8,128,2.534,2.524,2.575,2.543,0.024,5,5000,500,7,6ddf1e0-dirty
phase1,1,16,151936,20,bfloat16,8,128,6.168,6.158,6.173,6.167,0.007,5,5000,500,7,6ddf1e0-dirty
phase2,2,16,151936,20,bfloat16,8,128,6.171,6.171,6.179,6.174,0.004,5,5000,500,7,6ddf1e0-dirty
phase3,3,16,151936,20,bfloat16,8,128,10.226,10.225,10.227,10.226,0.001,5,5000,500,7,6ddf1e0-dirty
phase4,4,16,151936,20,bfloat16,8,128,10.246,10.229,10.246,10.241,0.009,5,5000,500,7,6ddf1e0-dirty
phase5,5,16,151936,20,bfloat16,8,128,14.341,14.340,14.342,14.341,0.001,5,5000,500,7,6ddf1e0-dirty
phase6,6,16,151936,20,bfloat16,8,128,18.344,18.324,18.356,18.343,0.015,5,5000,500,7,6ddf1e0-dirty
phase7,7,16,151936,50,bfloat16,8,128,24.565,24.564,24.567,24.565,0.001,5,4810,481,7,6ddf1e0-dirty
full,7,16,151936,50,bfloat16,8,128,24.553,24.549,24.554,24.552,0.002,5,4796,479,7,6ddf1e0-dirty
noop,0,16,151936,50,bfloat16,8,128,2.523,2.514,2.529,2.522,0.006,5,5000,500,7,6ddf1e0-dirty
phase1,1,16,151936,50,bfloat16,8,128,6.169,6.165,6.180,6.171,0.007,5,5000,500,7,6ddf1e0-dirty
phase2,2,16,151936,50,bfloat16,8,128,6.179,6.175,6.181,6.178,0.003,5,5000,500,7,6ddf1e0-dirty
phase3,3,16,151936,50,bfloat16,8,128,10.225,10.223,10.227,10.225,0.002,5,5000,500,7,6ddf1e0-dirty
phase4,4,16,151936,50,bfloat16,8,128,10.246,10.226,10.248,10.239,0.011,5,5000,500,7,6ddf1e0-dirty
phase5,5,16,151936,50,bfloat16,8,128,14.487,14.389,14.495,14.465,0.056,5,5000,500,7,6ddf1e0-dirty
phase6,6,16,151936,50,bfloat16,8,128,20.471,20.470,20.472,20.471,0.001,5,5000,500,7,6ddf1e0-dirty
phase7,7,16,151936,100,bfloat16,8,128,28.666,28.664,28.670,28.667,0.003,5,4135,413,7,6ddf1e0-dirty
full,7,16,151936,100,bfloat16,8,128,28.509,28.502,28.519,28.510,0.007,5,4149,414,7,6ddf1e0-dirty
noop,0,16,151936,100,bfloat16,8,128,2.524,2.521,2.530,2.525,0.004,5,5000,500,7,6ddf1e0-dirty
phase1,1,16,151936,100,bfloat16,8,128,6.170,6.166,6.176,6.172,0.005,5,5000,500,7,6ddf1e0-dirty
phase2,2,16,151936,100,bfloat16,8,128,6.176,6.175,6.180,6.177,0.002,5,5000,500,7,6ddf1e0-dirty
phase3,3,16,151936,100,bfloat16,8,128,10.226,10.225,10.237,10.229,0.006,5,5000,500,7,6ddf1e0-dirty
phase4,4,16,151936,100,bfloat16,8,128,10.246,10.243,10.248,10.246,0.002,5,5000,500,7,6ddf1e0-dirty
phase5,5,16,151936,100,bfloat16,8,128,15.307,15.213,15.329,15.290,0.057,5,5000,500,7,6ddf1e0-dirty
phase6,6,16,151936,100,bfloat16,8,128,22.546,22.545,22.549,22.547,0.002,5,5000,500,7,6ddf1e0-dirty
phase7,7,32,151936,20,bfloat16,4,128,26.717,26.710,26.730,26.719,0.009,5,4373,437,7,6ddf1e0-dirty
full,7,32,151936,20,bfloat16,4,128,26.911,26.897,26.949,26.919,0.024,5,4424,442,7,6ddf1e0-dirty
noop,0,32,151936,20,bfloat16,4,128,2.524,2.517,2.533,2.525,0.007,5,5000,500,7,6ddf1e0-dirty
phase1,1,32,151936,20,bfloat16,4,128,8.198,8.171,8.229,8.197,0.027,5,5000,500,7,6ddf1e0-dirty
phase2,2,32,151936,20,bfloat16,4,128,8.215,8.211,8.231,8.218,0.009,5,5000,500,7,6ddf1e0-dirty
phase3,3,32,151936,20,bfloat16,4,128,16.387,16.380,16.389,16.386,0.004,5,5000,500,7,6ddf1e0-dirty
phase4,4,32,151936,20,bfloat16,4,128,16.389,16.380,16.389,16.387,0.005,5,5000,500,7,6ddf1e0-dirty
phase5,5,32,151936,20,bfloat16,4,128,24.454,24.400,24.463,24.441,0.030,5,5000,500,7,6ddf1e0-dirty
phase6,6,32,151936,20,bfloat16,4,128,25.490,25.472,25.503,25.487,0.014,5,4728,472,7,6ddf1e0-dirty
phase7,7,32,151936,50,bfloat16,4,128,30.725,30.723,30.728,30.725,0.002,5,3875,387,7,6ddf1e0-dirty
full,7,32,151936,50,bfloat16,4,128,30.712,30.710,30.715,30.712,0.002,5,3830,383,7,6ddf1e0-dirty
noop,0,32,151936,50,bfloat16,4,128,2.533,2.531,2.545,2.536,0.007,5,5000,500,7,6ddf1e0-dirty
phase1,1,32,151936,50,bfloat16,4,128,8.203,8.172,8.215,8.196,0.020,5,5000,500,7,6ddf1e0-dirty
phase2,2,32,151936,50,bfloat16,4,128,8.214,8.213,8.215,8.214,0.001,5,5000,500,7,6ddf1e0-dirty
phase3,3,32,151936,50,bfloat16,4,128,16.388,16.380,16.389,16.386,0.005,5,5000,500,7,6ddf1e0-dirty
phase4,4,32,151936,50,bfloat16,4,128,16.390,16.383,16.391,16.388,0.004,5,5000,500,7,6ddf1e0-dirty
phase5,5,32,151936,50,bfloat16,4,128,24.586,24.578,24.589,24.585,0.005,5,5000,500,7,6ddf1e0-dirty
phase6,6,32,151936,50,bfloat16,4,128,27.815,27.771,27.860,27.817,0.039,5,4293,429,7,6ddf1e0-dirty
phase7,7,32,151936,100,bfloat16,4,128,34.829,34.825,34.865,34.837,0.021,5,3408,340,7,6ddf1e0-dirty
full,7,32,151936,100,bfloat16,4,128,34.855,34.847,34.858,34.853,0.005,5,3395,339,7,6ddf1e0-dirty
noop,0,32,151936,100,bfloat16,4,128,2.531,2.526,2.545,2.534,0.009,5,5000,500,7,6ddf1e0-dirty
phase1,1,32,151936,100,bfloat16,4,128,8.210,8.172,8.215,8.198,0.021,5,5000,500,7,6ddf1e0-dirty
phase2,2,32,151936,100,bfloat16,4,128,8.216,8.215,8.358,8.252,0.080,5,5000,500,7,6ddf1e0-dirty
phase3,3,32,151936,100,bfloat16,4,128,16.389,16.387,16.390,16.389,0.001,5,5000,500,7,6ddf1e0-dirty
phase4,4,32,151936,100,bfloat16,4,128,16.395,16.384,16.396,16.392,0.006,5,5000,500,7,6ddf1e0-dirty
phase5,5,32,151936,100,bfloat16,4,128,24.957,24.925,24.976,24.953,0.024,5,4870,487,7,6ddf1e0-dirty
phase6,6,32,151936,100,bfloat16,4,128,30.589,30.559,30.601,30.581,0.019,5,3982,398,7,6ddf1e0-dirty
full,7,1,151936,20,bfloat16,8,8,16.344,16.341,16.351,16.345,0.005,5,5000,500,8,6ddf1e0-dirty
noop,0,1,151936,20,bfloat16,8,8,2.520,2.516,2.531,2.522,0.007,5,5000,500,8,6ddf1e0-dirty
phase1,1,1,151936,20,bfloat16,8,8,4.136,4.133,4.144,4.138,0.005,5,5000,500,8,6ddf1e0-dirty
phase2,2,1,151936,20,bfloat16,8,8,4.210,4.192,4.215,4.205,0.011,5,5000,500,8,6ddf1e0-dirty
phase3,3,1,151936,20,bfloat16,8,8,6.404,6.373,6.411,6.399,0.019,5,5000,500,8,6ddf1e0-dirty
phase4,4,1,151936,20,bfloat16,8,8,6.554,6.246,6.633,6.462,0.199,5,5000,500,8,6ddf1e0-dirty
phase5,5,1,151936,20,bfloat16,8,8,10.242,10.230,10.249,10.240,0.009,5,5000,500,8,6ddf1e0-dirty
phase6,6,1,151936,20,bfloat16,8,8,14.350,14.349,14.352,14.350,0.001,5,5000,500,8,6ddf1e0-dirty
phase7,7,1,151936,20,bfloat16,8,8,16.341,16.337,16.344,16.341,0.003,5,5000,500,8,6ddf1e0-dirty
full,7,1,151936,50,bfloat16,8,8,18.527,18.524,18.535,18.528,0.005,5,5000,500,8,6ddf1e0-dirty
noop,0,1,151936,50,bfloat16,8,8,2.555,2.552,2.557,2.555,0.002,5,5000,500,8,6ddf1e0-dirty
phase1,1,1,151936,50,bfloat16,8,8,4.141,4.136,4.144,4.140,0.004,5,5000,500,8,6ddf1e0-dirty
phase2,2,1,151936,50,bfloat16,8,8,4.196,4.187,4.203,4.195,0.007,5,5000,500,8,6ddf1e0-dirty
phase3,3,1,151936,50,bfloat16,8,8,6.385,6.355,6.388,6.378,0.016,5,5000,500,8,6ddf1e0-dirty
phase4,4,1,151936,50,bfloat16,8,8,6.635,6.314,6.651,6.552,0.172,5,5000,500,8,6ddf1e0-dirty
phase5,5,1,151936,50,bfloat16,8,8,10.264,10.261,10.268,10.264,0.003,5,5000,500,8,6ddf1e0-dirty
phase6,6,1,151936,50,bfloat16,8,8,16.371,16.367,16.386,16.374,0.009,5,5000,500,8,6ddf1e0-dirty
phase7,7,1,151936,50,bfloat16,8,8,18.444,18.441,18.446,18.444,0.002,5,5000,500,8,6ddf1e0-dirty
full,7,1,151936,100,bfloat16,8,8,22.561,22.556,22.571,22.563,0.007,5,5000,500,8,6ddf1e0-dirty
noop,0,1,151936,100,bfloat16,8,8,2.542,2.534,2.549,2.541,0.007,5,5000,500,8,6ddf1e0-dirty
phase1,1,1,151936,100,bfloat16,8,8,4.138,4.137,4.145,4.140,0.004,5,5000,500,8,6ddf1e0-dirty
phase2,2,1,151936,100,bfloat16,8,8,4.206,4.197,4.215,4.206,0.008,5,5000,500,8,6ddf1e0-dirty
phase3,3,1,151936,100,bfloat16,8,8,6.330,6.217,6.344,6.306,0.066,5,5000,500,8,6ddf1e0-dirty
phase4,4,1,151936,100,bfloat16,8,8,6.598,6.538,6.603,6.583,0.033,5,5000,500,8,6ddf1e0-dirty
phase5,5,1,151936,100,bfloat16,8,8,10.260,10.259,10.578,10.339,0.178,5,5000,500,8,6ddf1e0-dirty
phase6,6,1,151936,100,bfloat16,8,8,18.459,18.458,18.463,18.460,0.002,5,5000,500,8,6ddf1e0-dirty
phase7,7,1,151936,100,bfloat16,8,8,22.512,22.511,22.514,22.512,0.001,5,5000,500,8,6ddf1e0-dirty
full,7,4,151936,20,bfloat16,8,32,16.371,16.369,16.377,16.373,0.004,5,5000,500,8,6ddf1e0-dirty
noop,0,4,151936,20,bfloat16,8,32,2.533,2.526,2.543,2.535,0.007,5,5000,500,8,6ddf1e0-dirty
phase1,1,4,151936,20,bfloat16,8,32,4.141,4.136,4.147,4.141,0.005,5,5000,500,8,6ddf1e0-dirty
phase2,2,4,151936,20,bfloat16,8,32,4.245,4.240,4.254,4.247,0.006,5,5000,500,8,6ddf1e0-dirty
phase3,3,4,151936,20,bfloat16,8,32,6.586,6.525,6.590,6.572,0.035,5,5000,500,8,6ddf1e0-dirty
phase4,4,4,151936,20,bfloat16,8,32,7.986,7.960,7.993,7.980,0.015,5,5000,500,8,6ddf1e0-dirty
phase5,5,4,151936,20,bfloat16,8,32,10.262,10.261,10.266,10.263,0.002,5,5000,500,8,6ddf1e0-dirty
phase6,6,4,151936,20,bfloat16,8,32,14.385,14.382,14.387,14.384,0.002,5,5000,500,8,6ddf1e0-dirty
phase7,7,4,151936,20,bfloat16,8,32,16.374,16.372,16.376,16.374,0.002,5,5000,500,8,6ddf1e0-dirty
full,7,4,151936,50,bfloat16,8,32,19.829,19.809,19.877,19.837,0.031,5,5000,500,8,6ddf1e0-dirty
noop,0,4,151936,50,bfloat16,8,32,2.536,2.526,2.541,2.534,0.006,5,5000,500,8,6ddf1e0-dirty
phase1,1,4,151936,50,bfloat16,8,32,4.146,4.140,4.155,4.147,0.007,5,5000,500,8,6ddf1e0-dirty
phase2,2,4,151936,50,bfloat16,8,32,4.242,4.230,4.247,4.240,0.008,5,5000,500,8,6ddf1e0-dirty
phase3,3,4,151936,50,bfloat16,8,32,6.195,6.194,6.592,6.352,0.216,5,5000,500,8,6ddf1e0-dirty
phase4,4,4,151936,50,bfloat16,8,32,7.968,7.951,7.972,7.965,0.010,5,5000,500,8,6ddf1e0-dirty
phase5,5,4,151936,50,bfloat16,8,32,10.618,10.259,10.631,10.478,0.200,5,5000,500,8,6ddf1e0-dirty
phase6,6,4,151936,50,bfloat16,8,32,16.393,16.390,16.412,16.397,0.011,5,5000,500,8,6ddf1e0-dirty
phase7,7,4,151936,50,bfloat16,8,32,20.466,20.464,20.470,20.466,0.003,5,5000,500,8,6ddf1e0-dirty
full,7,4,151936,100,bfloat16,8,32,25.637,25.622,25.652,25.636,0.013,5,4578,457,8,6ddf1e0-dirty
noop,0,4,151936,100,bfloat16,8,32,2.553,2.543,2.563,2.553,0.009,5,5000,500,8,6ddf1e0-dirty
phase1,1,4,151936,100,bfloat16,8,32,4.142,4.138,4.152,4.144,0.007,5,5000,500,8,6ddf1e0-dirty
phase2,2,4,151936,100,bfloat16,8,32,4.243,4.232,4.250,4.241,0.008,5,5000,500,8,6ddf1e0-dirty
phase3,3,4,151936,100,bfloat16,8,32,6.585,6.190,6.588,6.429,0.216,5,5000,500,8,6ddf1e0-dirty
phase4,4,4,151936,100,bfloat16,8,32,7.838,7.788,7.879,7.833,0.039,5,5000,500,8,6ddf1e0-dirty
phase5,5,4,151936,100,bfloat16,8,32,12.214,12.203,12.251,12.223,0.023,5,5000,500,8,6ddf1e0-dirty
phase6,6,4,151936,100,bfloat16,8,32,20.465,20.461,20.471,20.466,0.005,5,5000,500,8,6ddf1e0-dirty
phase7,7,4,151936,100,bfloat16,8,32,24.565,24.561,24.568,24.565,0.003,5,4728,472,8,6ddf1e0-dirty
full,7,8,151936,20,bfloat16,8,64,16.378,16.376,16.383,16.379,0.003,5,5000,500,8,6ddf1e0-dirty
noop,0,8,151936,20,bfloat16,8,64,2.533,2.526,2.536,2.531,0.005,5,5000,500,8,6ddf1e0-dirty
phase1,1,8,151936,20,bfloat16,8,64,4.145,4.142,4.161,4.149,0.009,5,5000,500,8,6ddf1e0-dirty
phase2,2,8,151936,20,bfloat16,8,64,4.266,4.261,4.278,4.268,0.008,5,5000,500,8,6ddf1e0-dirty
phase3,3,8,151936,20,bfloat16,8,64,6.604,6.289,6.610,6.527,0.177,5,5000,500,8,6ddf1e0-dirty
phase4,4,8,151936,20,bfloat16,8,64,8.172,8.170,8.181,8.174,0.005,5,5000,500,8,6ddf1e0-dirty
phase5,5,8,151936,20,bfloat16,8,64,10.293,10.263,10.297,10.286,0.017,5,5000,500,8,6ddf1e0-dirty
phase6,6,8,151936,20,bfloat16,8,64,14.386,14.383,14.388,14.386,0.002,5,5000,500,8,6ddf1e0-dirty
phase7,7,8,151936,20,bfloat16,8,64,16.376,16.375,16.378,16.376,0.001,5,5000,500,8,6ddf1e0-dirty
full,7,8,151936,50,bfloat16,8,64,19.921,19.911,19.934,19.923,0.010,5,5000,500,8,6ddf1e0-dirty
noop,0,8,151936,50,bfloat16,8,64,2.531,2.527,2.542,2.533,0.007,5,5000,500,8,6ddf1e0-dirty
phase1,1,8,151936,50,bfloat16,8,64,4.145,4.140,4.159,4.149,0.009,5,5000,500,8,6ddf1e0-dirty
phase2,2,8,151936,50,bfloat16,8,64,4.270,4.266,4.275,4.270,0.004,5,5000,500,8,6ddf1e0-dirty
phase3,3,8,151936,50,bfloat16,8,64,6.593,6.275,6.604,6.508,0.169,5,5000,500,8,6ddf1e0-dirty
phase4,4,8,151936,50,bfloat16,8,64,8.172,8.172,8.184,8.175,0.007,5,5000,500,8,6ddf1e0-dirty
phase5,5,8,151936,50,bfloat16,8,64,10.262,10.258,10.617,10.402,0.195,5,5000,500,8,6ddf1e0-dirty
phase6,6,8,151936,50,bfloat16,8,64,16.397,16.383,16.407,16.396,0.010,5,5000,500,8,6ddf1e0-dirty
phase7,7,8,151936,50,bfloat16,8,64,19.174,19.027,19.189,19.140,0.083,5,5000,500,8,6ddf1e0-dirty
full,7,8,151936,100,bfloat16,8,64,25.608,25.598,25.622,25.609,0.011,5,4605,460,8,6ddf1e0-dirty
noop,0,8,151936,100,bfloat16,8,64,2.534,2.531,2.537,2.534,0.003,5,5000,500,8,6ddf1e0-dirty
phase1,1,8,151936,100,bfloat16,8,64,4.142,4.142,4.157,4.147,0.008,5,5000,500,8,6ddf1e0-dirty
phase2,2,8,151936,100,bfloat16,8,64,4.287,4.274,4.293,4.284,0.009,5,5000,500,8,6ddf1e0-dirty
phase3,3,8,151936,100,bfloat16,8,64,6.602,6.290,6.605,6.525,0.175,5,5000,500,8,6ddf1e0-dirty
phase4,4,8,151936,100,bfloat16,8,64,8.172,8.172,8.183,8.175,0.005,5,5000,500,8,6ddf1e0-dirty
phase5,5,8,151936,100,bfloat16,8,64,12.248,12.245,12.251,12.248,0.003,5,5000,500,8,6ddf1e0-dirty
phase6,6,8,151936,100,bfloat16,8,64,20.493,20.486,20.494,20.491,0.004,5,5000,500,8,6ddf1e0-dirty
phase7,7,8,151936,100,bfloat16,8,64,24.581,24.578,24.581,24.580,0.001,5,4757,475,8,6ddf1e0-dirty
full,7,16,151936,20,bfloat16,8,128,19.282,18.645,19.502,19.197,0.408,5,5000,500,8,6ddf1e0-dirty
noop,0,16,151936,20,bfloat16,8,128,2.536,2.530,2.547,2.537,0.008,5,5000,500,8,6ddf1e0-dirty
phase1,1,16,151936,20,bfloat16,8,128,6.174,6.164,6.177,6.172,0.006,5,5000,500,8,6ddf1e0-dirty
phase2,2,16,151936,20,bfloat16,8,128,6.173,6.172,6.181,6.175,0.005,5,5000,500,8,6ddf1e0-dirty
phase3,3,16,151936,20,bfloat16,8,128,10.226,10.224,10.226,10.225,0.001,5,5000,500,8,6ddf1e0-dirty
phase4,4,16,151936,20,bfloat16,8,128,10.230,10.227,10.244,10.234,0.009,5,5000,500,8,6ddf1e0-dirty
phase5,5,16,151936,20,bfloat16,8,128,14.340,14.340,14.342,14.341,0.001,5,5000,500,8,6ddf1e0-dirty
phase6,6,16,151936,20,bfloat16,8,128,18.144,18.143,18.160,18.149,0.009,5,5000,500,8,6ddf1e0-dirty
phase7,7,16,151936,20,bfloat16,8,128,19.532,19.514,19.568,19.539,0.026,5,5000,500,8,6ddf1e0-dirty
full,7,16,151936,50,bfloat16,8,128,24.537,24.527,24.541,24.535,0.007,5,4743,474,8,6ddf1e0-dirty
noop,0,16,151936,50,bfloat16,8,128,2.549,2.542,2.557,2.550,0.007,5,5000,500,8,6ddf1e0-dirty
phase1,1,16,151936,50,bfloat16,8,128,6.172,6.165,6.195,6.175,0.015,5,5000,500,8,6ddf1e0-dirty
phase2,2,16,151936,50,bfloat16,8,128,6.175,6.173,6.179,6.176,0.003,5,5000,500,8,6ddf1e0-dirty
phase3,3,16,151936,50,bfloat16,8,128,10.226,10.224,10.237,10.228,0.006,5,5000,500,8,6ddf1e0-dirty
phase4,4,16,151936,50,bfloat16,8,128,10.240,10.226,10.246,10.237,0.010,5,5000,500,8,6ddf1e0-dirty
phase5,5,16,151936,50,bfloat16,8,128,14.357,14.348,14.358,14.354,0.005,5,5000,500,8,6ddf1e0-dirty
phase6,6,16,151936,50,bfloat16,8,128,20.463,20.460,20.465,20.463,0.002,5,5000,500,8,6ddf1e0-dirty
phase7,7,16,151936,50,bfloat16,8,128,24.538,24.533,24.550,24.541,0.008,5,4861,486,8,6ddf1e0-dirty
full,7,16,151936,100,bfloat16,8,128,28.632,28.628,28.634,28.631,0.002,5,4115,411,8,6ddf1e0-dirty
noop,0,16,151936,100,bfloat16,8,128,2.551,2.546,2.558,2.551,0.005,5,5000,500,8,6ddf1e0-dirty
phase1,1,16,151936,100,bfloat16,8,128,6.173,6.168,6.179,6.173,0.005,5,5000,500,8,6ddf1e0-dirty
phase2,2,16,151936,100,bfloat16,8,128,6.176,6.176,6.177,6.176,0.001,5,5000,500,8,6ddf1e0-dirty
phase3,3,16,151936,100,bfloat16,8,128,10.226,10.222,10.235,10.227,0.006,5,5000,500,8,6ddf1e0-dirty
phase4,4,16,151936,100,bfloat16,8,128,10.242,10.226,10.250,10.239,0.011,5,5000,500,8,6ddf1e0-dirty
phase5,5,16,151936,100,bfloat16,8,128,15.009,14.814,15.015,14.962,0.109,5,5000,500,8,6ddf1e0-dirty
phase6,6,16,151936,100,bfloat16,8,128,22.536,22.531,22.539,22.535,0.004,5,5000,500,8,6ddf1e0-dirty
phase7,7,16,151936,100,bfloat16,8,128,28.674,28.673,28.676,28.674,0.001,5,4099,409,8,6ddf1e0-dirty
full,7,32,151936,20,bfloat16,4,128,27.034,26.912,27.051,27.007,0.069,5,4409,440,8,6ddf1e0-dirty
noop,0,32,151936,20,bfloat16,4,128,2.546,2.538,2.560,2.548,0.010,5,5000,500,8,6ddf1e0-dirty
phase1,1,32,151936,20,bfloat16,4,128,8.201,8.171,8.211,8.193,0.020,5,5000,500,8,6ddf1e0-dirty
phase2,2,32,151936,20,bfloat16,4,128,8.215,8.214,8.324,8.244,0.058,5,5000,500,8,6ddf1e0-dirty
phase3,3,32,151936,20,bfloat16,4,128,16.388,16.380,16.389,16.386,0.004,5,5000,500,8,6ddf1e0-dirty
phase4,4,32,151936,20,bfloat16,4,128,16.389,16.380,16.419,16.395,0.019,5,5000,500,8,6ddf1e0-dirty
phase5,5,32,151936,20,bfloat16,4,128,24.556,24.542,24.565,24.555,0.010,5,5000,500,8,6ddf1e0-dirty
phase6,6,32,151936,20,bfloat16,4,128,25.793,25.768,25.818,25.795,0.022,5,4734,473,8,6ddf1e0-dirty
phase7,7,32,151936,20,bfloat16,4,128,26.917,26.909,26.937,26.920,0.013,5,4413,441,8,6ddf1e0-dirty
full,7,32,151936,50,bfloat16,4,128,30.732,30.725,30.736,30.731,0.005,5,3827,382,8,6ddf1e0-dirty
noop,0,32,151936,50,bfloat16,4,128,2.531,2.526,2.537,2.531,0.005,5,5000,500,8,6ddf1e0-dirty
phase1,1,32,151936,50,bfloat16,4,128,8.198,8.170,8.213,8.193,0.021,5,5000,500,8,6ddf1e0-dirty
phase2,2,32,151936,50,bfloat16,4,128,8.217,8.212,8.341,8.247,0.070,5,5000,500,8,6ddf1e0-dirty
phase3,3,32,151936,50,bfloat16,4,128,16.388,16.387,16.389,16.388,0.001,5,5000,500,8,6ddf1e0-dirty
phase4,4,32,151936,50,bfloat16,4,128,16.390,16.382,16.391,16.388,0.004,5,5000,500,8,6ddf1e0-dirty
phase5,5,32,151936,50,bfloat16,4,128,24.597,24.586,24.602,24.596,0.008,5,4868,486,8,6ddf1e0-dirty
phase6,6,32,151936,50,bfloat16,4,128,28.127,28.120,28.141,28.129,0.009,5,4294,429,8,6ddf1e0-dirty
phase7,7,32,151936,50,bfloat16,4,128,30.755,30.750,30.759,30.755,0.004,5,3861,386,8,6ddf1e0-dirty
full,7,32,151936,100,bfloat16,4,128,34.919,34.917,34.923,34.919,0.003,5,3393,339,8,6ddf1e0-dirty
noop,0,32,151936,100,bfloat16,4,128,2.540,2.533,2.545,2.540,0.005,5,5000,500,8,6ddf1e0-dirty
phase1,1,32,151936,100,bfloat16,4,128,8.215,8.176,8.265,8.215,0.040,5,5000,500,8,6ddf1e0-dirty
phase2,2,32,151936,100,bfloat16,4,128,8.216,8.215,8.218,8.216,0.001,5,5000,500,8,6ddf1e0-dirty
phase3,3,32,151936,100,bfloat16,4,128,16.388,16.380,16.405,16.390,0.012,5,5000,500,8,6ddf1e0-dirty
phase4,4,32,151936,100,bfloat16,4,128,16.393,16.386,16.394,16.391,0.004,5,5000,500,8,6ddf1e0-dirty
phase5,5,32,151936,100,bfloat16,4,128,24.858,24.833,24.866,24.853,0.015,5,4839,483,8,6ddf1e0-dirty
phase6,6,32,151936,100,bfloat16,4,128,30.460,30.436,30.467,30.454,0.014,5,4039,403,8,6ddf1e0-dirty
phase7,7,32,151936,100,bfloat16,4,128,34.861,34.860,34.863,34.861,0.001,5,3394,339,8,6ddf1e0-dirty
