impl,batch,vocab,top_k,top_p,dtype,residency,cold_method,median_us,p05_us,p95_us,mean_us,stdev_us,reps,iters,warmup,logits_bytes,dram_floor_us,floor_frac_of_latency,validation_in_timed_region,round,git_commit
hf_eager,1,151936,50,0.9,float16,hot,n/a,342.185,341.861,342.301,342.118,0.196,5,347,34,303872,0.550,0.001608,false,0,f2d1bf7-dirty
ref_eager_fullsort,1,151936,50,0.9,float16,hot,n/a,145.587,145.515,145.860,145.643,0.160,5,808,80,303872,0.550,0.003780,false,0,f2d1bf7-dirty
tight_eager,1,151936,50,0.9,float16,hot,n/a,142.475,142.436,142.526,142.477,0.042,5,833,83,303872,0.550,0.003862,false,0,f2d1bf7-dirty
flashinfer,1,151936,50,0.9,float16,hot,n/a,89.077,89.034,89.138,89.085,0.045,5,1313,131,303872,0.550,0.006178,false,0,f2d1bf7-dirty
flashinfer_from_probs,1,151936,50,0.9,float16,hot,n/a,72.284,72.125,72.619,72.344,0.237,5,1516,151,607744,1.101,0.015226,false,0,f2d1bf7-dirty
compile,1,151936,50,0.9,float16,hot,n/a,158.544,158.164,159.110,158.652,0.431,5,715,71,303872,0.550,0.003471,false,0,f2d1bf7-dirty
graph_eager,1,151936,50,0.9,float16,hot,n/a,85.407,85.065,85.445,85.283,0.198,5,1415,141,303872,0.550,0.006443,false,0,f2d1bf7-dirty
graph_compile,1,151936,50,0.9,float16,hot,n/a,75.060,75.009,75.105,75.054,0.042,5,1605,160,303872,0.550,0.007331,false,0,f2d1bf7-dirty
hf_eager,4,151936,50,0.9,float16,hot,n/a,625.353,624.913,625.699,625.340,0.344,5,191,19,1215488,2.201,0.003520,false,0,f2d1bf7-dirty
ref_eager_fullsort,4,151936,50,0.9,float16,hot,n/a,244.075,243.910,244.398,244.116,0.215,5,484,48,1215488,2.201,0.009018,false,0,f2d1bf7-dirty
tight_eager,4,151936,50,0.9,float16,hot,n/a,169.510,169.501,169.574,169.525,0.035,5,707,70,1215488,2.201,0.012985,false,0,f2d1bf7-dirty
flashinfer,4,151936,50,0.9,float16,hot,n/a,93.417,93.377,93.491,93.428,0.050,5,1249,124,1215488,2.201,0.023562,false,0,f2d1bf7-dirty
flashinfer_from_probs,4,151936,50,0.9,float16,hot,n/a,72.692,72.530,72.763,72.649,0.107,5,1505,150,2430976,4.402,0.060560,false,0,f2d1bf7-dirty
compile,4,151936,50,0.9,float16,hot,n/a,149.779,149.531,151.231,150.049,0.871,5,739,73,1215488,2.201,0.014696,false,0,f2d1bf7-dirty
graph_eager,4,151936,50,0.9,float16,hot,n/a,107.076,107.027,107.174,107.095,0.070,5,1130,113,1215488,2.201,0.020557,false,0,f2d1bf7-dirty
graph_compile,4,151936,50,0.9,float16,hot,n/a,102.295,102.274,102.306,102.292,0.014,5,1180,118,1215488,2.201,0.021517,false,0,f2d1bf7-dirty
hf_eager,8,151936,50,0.9,float16,hot,n/a,734.083,733.925,744.465,738.100,5.636,5,161,16,2430976,4.402,0.005997,false,0,f2d1bf7-dirty
ref_eager_fullsort,8,151936,50,0.9,float16,hot,n/a,355.847,354.635,356.248,355.638,0.742,5,337,33,2430976,4.402,0.012371,false,0,f2d1bf7-dirty
tight_eager,8,151936,50,0.9,float16,hot,n/a,175.705,175.646,175.758,175.698,0.052,5,682,68,2430976,4.402,0.025055,false,0,f2d1bf7-dirty
flashinfer,8,151936,50,0.9,float16,hot,n/a,97.769,97.735,98.301,97.948,0.280,5,1226,122,2430976,4.402,0.045027,false,0,f2d1bf7-dirty
flashinfer_from_probs,8,151936,50,0.9,float16,hot,n/a,74.000,73.887,74.036,73.977,0.067,5,1502,150,4861952,8.804,0.118980,false,0,f2d1bf7-dirty
compile,8,151936,50,0.9,float16,hot,n/a,151.136,150.885,151.651,151.225,0.336,5,731,73,2430976,4.402,0.029128,false,0,f2d1bf7-dirty
graph_eager,8,151936,50,0.9,float16,hot,n/a,111.295,110.966,111.345,111.227,0.191,5,1085,108,2430976,4.402,0.039555,false,0,f2d1bf7-dirty
graph_compile,8,151936,50,0.9,float16,hot,n/a,101.019,100.887,101.030,100.974,0.072,5,1192,119,2430976,4.402,0.043578,false,0,f2d1bf7-dirty
hf_eager,16,151936,50,0.9,float16,hot,n/a,1197.345,1196.605,1197.652,1197.218,0.472,5,100,10,4861952,8.804,0.007353,false,0,f2d1bf7-dirty
ref_eager_fullsort,16,151936,50,0.9,float16,hot,n/a,691.230,679.391,693.097,688.463,6.593,5,177,17,4861952,8.804,0.012737,false,0,f2d1bf7-dirty
tight_eager,16,151936,50,0.9,float16,hot,n/a,188.653,188.628,188.720,188.665,0.042,5,632,63,4861952,8.804,0.046670,false,0,f2d1bf7-dirty
flashinfer,16,151936,50,0.9,float16,hot,n/a,122.506,122.463,122.613,122.521,0.069,5,975,97,4861952,8.804,0.071870,false,0,f2d1bf7-dirty
flashinfer_from_probs,16,151936,50,0.9,float16,hot,n/a,73.749,73.622,73.792,73.724,0.076,5,1497,149,9723904,17.609,0.238770,false,0,f2d1bf7-dirty
compile,16,151936,50,0.9,float16,hot,n/a,160.982,160.742,161.038,160.917,0.140,5,716,71,4861952,8.804,0.054692,false,0,f2d1bf7-dirty
graph_eager,16,151936,50,0.9,float16,hot,n/a,126.385,125.594,126.585,126.166,0.480,5,950,95,4861952,8.804,0.069664,false,0,f2d1bf7-dirty
graph_compile,16,151936,50,0.9,float16,hot,n/a,113.445,113.365,113.483,113.433,0.052,5,1059,105,4861952,8.804,0.077610,false,0,f2d1bf7-dirty
hf_eager,32,151936,50,0.9,float16,hot,n/a,2195.692,2195.248,2196.272,2195.716,0.444,5,54,10,9723904,17.609,0.008020,false,0,f2d1bf7-dirty
ref_eager_fullsort,32,151936,50,0.9,float16,hot,n/a,1532.879,1531.590,1533.160,1532.578,0.729,5,78,10,9723904,17.609,0.011487,false,0,f2d1bf7-dirty
tight_eager,32,151936,50,0.9,float16,hot,n/a,214.107,213.733,228.743,219.683,7.912,5,518,51,9723904,17.609,0.082244,false,0,f2d1bf7-dirty
flashinfer,32,151936,50,0.9,float16,hot,n/a,168.547,166.942,169.576,168.483,1.204,5,724,72,9723904,17.609,0.104475,false,0,f2d1bf7-dirty
flashinfer_from_probs,32,151936,50,0.9,float16,hot,n/a,109.034,104.310,109.040,107.844,2.626,5,1178,117,19447808,35.218,0.322998,false,0,f2d1bf7-dirty
compile,32,151936,50,0.9,float16,hot,n/a,188.093,188.030,191.868,189.057,2.066,5,603,60,9723904,17.609,0.093618,false,0,f2d1bf7-dirty
graph_eager,32,151936,50,0.9,float16,hot,n/a,162.222,160.338,162.337,161.742,1.017,5,748,74,9723904,17.609,0.108548,false,0,f2d1bf7-dirty
graph_compile,32,151936,50,0.9,float16,hot,n/a,147.131,146.780,147.309,147.110,0.248,5,815,81,9723904,17.609,0.119682,false,0,f2d1bf7-dirty
hf_eager,1,151936,50,0.9,float16,cold,rotate,343.765,337.909,343.934,342.341,3.289,5,369,36,303872,0.550,0.001601,false,0,f2d1bf7-dirty
ref_eager_fullsort,1,151936,50,0.9,float16,cold,rotate,145.976,145.954,146.358,146.094,0.195,5,797,79,303872,0.550,0.003770,false,0,f2d1bf7-dirty
tight_eager,1,151936,50,0.9,float16,cold,rotate,144.738,144.621,144.808,144.734,0.087,5,813,81,303872,0.550,0.003802,false,0,f2d1bf7-dirty
flashinfer,1,151936,50,0.9,float16,cold,rotate,90.675,90.628,90.735,90.676,0.049,5,1274,127,303872,0.550,0.006069,false,0,f2d1bf7-dirty
flashinfer_from_probs,1,151936,50,0.9,float16,cold,rotate,73.582,73.515,73.649,73.579,0.059,5,1476,147,607744,1.101,0.014957,false,0,f2d1bf7-dirty
compile,1,151936,50,0.9,float16,cold,rotate,160.335,160.199,160.638,160.383,0.204,5,717,71,303872,0.550,0.003432,false,0,f2d1bf7-dirty
graph_eager,1,151936,50,0.9,float16,cold,rotate_into_static,82.821,82.763,86.638,84.194,1.967,5,1380,138,303872,0.550,0.006644,false,0,f2d1bf7-dirty
graph_compile,1,151936,50,0.9,float16,cold,rotate_into_static,77.882,77.871,77.909,77.888,0.017,5,1521,152,303872,0.550,0.007066,false,0,f2d1bf7-dirty
hf_eager,4,151936,50,0.9,float16,cold,rotate,605.001,597.784,605.416,603.150,3.897,5,197,19,1215488,2.201,0.003638,false,0,f2d1bf7-dirty
ref_eager_fullsort,4,151936,50,0.9,float16,cold,rotate,236.367,235.964,236.437,236.250,0.221,5,501,50,1215488,2.201,0.009312,false,0,f2d1bf7-dirty
tight_eager,4,151936,50,0.9,float16,cold,rotate,164.356,164.283,164.449,164.353,0.075,5,730,73,1215488,2.201,0.013392,false,0,f2d1bf7-dirty
flashinfer,4,151936,50,0.9,float16,cold,rotate,94.632,90.179,94.674,93.522,2.484,5,1322,132,1215488,2.201,0.023260,false,0,f2d1bf7-dirty
flashinfer_from_probs,4,151936,50,0.9,float16,cold,rotate,73.209,73.134,73.359,73.225,0.102,5,1494,149,2430976,4.402,0.060132,false,0,f2d1bf7-dirty
compile,4,151936,50,0.9,float16,cold,rotate,150.751,150.589,151.368,150.866,0.371,5,738,73,1215488,2.201,0.014601,false,0,f2d1bf7-dirty
graph_eager,4,151936,50,0.9,float16,cold,rotate_into_static,108.037,107.572,108.146,107.913,0.266,5,1114,111,1215488,2.201,0.020374,false,0,f2d1bf7-dirty
graph_compile,4,151936,50,0.9,float16,cold,rotate_into_static,100.157,100.011,100.211,100.138,0.094,5,1191,119,1215488,2.201,0.021977,false,0,f2d1bf7-dirty
hf_eager,8,151936,50,0.9,float16,cold,rotate,696.257,695.826,699.528,696.978,1.864,5,169,16,2430976,4.402,0.006323,false,0,f2d1bf7-dirty
ref_eager_fullsort,8,151936,50,0.9,float16,cold,rotate,347.216,342.309,350.096,346.574,3.550,5,348,34,2430976,4.402,0.012679,false,0,f2d1bf7-dirty
tight_eager,8,151936,50,0.9,float16,cold,rotate,167.170,167.012,167.220,167.133,0.098,5,712,71,2430976,4.402,0.026334,false,0,f2d1bf7-dirty
flashinfer,8,151936,50,0.9,float16,cold,rotate,92.796,92.735,92.831,92.788,0.042,5,1255,125,2430976,4.402,0.047440,false,0,f2d1bf7-dirty
flashinfer_from_probs,8,151936,50,0.9,float16,cold,rotate,73.748,73.492,74.027,73.741,0.238,5,1463,146,4861952,8.804,0.119385,false,0,f2d1bf7-dirty
compile,8,151936,50,0.9,float16,cold,rotate,151.854,151.508,152.008,151.763,0.240,5,732,73,2430976,4.402,0.028990,false,0,f2d1bf7-dirty
graph_eager,8,151936,50,0.9,float16,cold,rotate_into_static,114.068,113.768,114.145,113.984,0.180,5,1060,106,2430976,4.402,0.038593,false,0,f2d1bf7-dirty
graph_compile,8,151936,50,0.9,float16,cold,rotate_into_static,105.365,105.325,105.390,105.356,0.030,5,1129,112,2430976,4.402,0.041781,false,0,f2d1bf7-dirty
hf_eager,16,151936,50,0.9,float16,cold,rotate,1136.377,1135.948,1138.195,1136.720,1.078,5,104,10,4861952,8.804,0.007748,false,0,f2d1bf7-dirty
ref_eager_fullsort,16,151936,50,0.9,float16,cold,rotate,684.668,679.159,684.998,683.256,2.974,5,177,17,4861952,8.804,0.012859,false,0,f2d1bf7-dirty
tight_eager,16,151936,50,0.9,float16,cold,rotate,184.623,184.223,184.995,184.588,0.342,5,647,64,4861952,8.804,0.047689,false,0,f2d1bf7-dirty
flashinfer,16,151936,50,0.9,float16,cold,rotate,118.959,118.913,118.981,118.952,0.030,5,1011,101,4861952,8.804,0.074012,false,0,f2d1bf7-dirty
flashinfer_from_probs,16,151936,50,0.9,float16,cold,rotate,78.334,78.282,78.373,78.331,0.040,5,1459,145,9723904,17.609,0.224794,false,0,f2d1bf7-dirty
compile,16,151936,50,0.9,float16,cold,rotate,158.814,158.076,159.138,158.695,0.495,5,720,72,4861952,8.804,0.055439,false,0,f2d1bf7-dirty
graph_eager,16,151936,50,0.9,float16,cold,rotate_into_static,130.307,130.083,130.358,130.257,0.130,5,911,91,4861952,8.804,0.067567,false,0,f2d1bf7-dirty
graph_compile,16,151936,50,0.9,float16,cold,rotate_into_static,121.618,120.857,121.680,121.451,0.439,5,983,98,4861952,8.804,0.072394,false,0,f2d1bf7-dirty
hf_eager,32,151936,50,0.9,float16,cold,rotate,2170.366,2169.942,2171.284,2170.524,0.592,5,55,10,9723904,17.609,0.008113,false,0,f2d1bf7-dirty
ref_eager_fullsort,32,151936,50,0.9,float16,cold,rotate,1527.954,1527.260,1528.214,1527.793,0.440,5,78,10,9723904,17.609,0.011525,false,0,f2d1bf7-dirty
tight_eager,32,151936,50,0.9,float16,cold,rotate,225.203,225.143,227.044,225.709,0.964,5,524,52,9723904,17.609,0.078191,false,0,f2d1bf7-dirty
flashinfer,32,151936,50,0.9,float16,cold,rotate,188.984,186.977,189.034,188.474,1.097,5,641,64,9723904,17.609,0.093177,false,0,f2d1bf7-dirty
flashinfer_from_probs,32,151936,50,0.9,float16,cold,rotate,127.604,127.589,127.632,127.607,0.019,5,921,92,19447808,35.218,0.275994,false,0,f2d1bf7-dirty
compile,32,151936,50,0.9,float16,cold,rotate,192.876,192.020,193.032,192.670,0.479,5,609,60,9723904,17.609,0.091296,false,0,f2d1bf7-dirty
graph_eager,32,151936,50,0.9,float16,cold,rotate_into_static,187.329,185.859,187.384,186.937,0.782,5,650,65,9723904,17.609,0.094000,false,0,f2d1bf7-dirty
graph_compile,32,151936,50,0.9,float16,cold,rotate_into_static,170.907,170.432,170.921,170.789,0.262,5,703,70,9723904,17.609,0.103032,false,0,f2d1bf7-dirty
hf_eager,1,151936,50,0.9,bfloat16,hot,n/a,324.651,324.165,325.039,324.665,0.400,5,370,37,303872,0.550,0.001695,false,0,f2d1bf7-dirty
ref_eager_fullsort,1,151936,50,0.9,bfloat16,hot,n/a,137.672,137.334,137.804,137.628,0.219,5,825,82,303872,0.550,0.003997,false,0,f2d1bf7-dirty
tight_eager,1,151936,50,0.9,bfloat16,hot,n/a,135.360,134.925,135.778,135.345,0.392,5,867,86,303872,0.550,0.004065,false,0,f2d1bf7-dirty
flashinfer,1,151936,50,0.9,bfloat16,hot,n/a,83.421,83.403,83.472,83.428,0.033,5,1332,133,303872,0.550,0.006596,false,0,f2d1bf7-dirty
flashinfer_from_probs,1,151936,50,0.9,bfloat16,hot,n/a,72.569,72.459,72.660,72.565,0.092,5,1517,151,607744,1.101,0.015166,false,0,f2d1bf7-dirty
compile,1,151936,50,0.9,bfloat16,hot,n/a,157.577,157.091,157.998,157.572,0.395,5,720,72,303872,0.550,0.003492,false,0,f2d1bf7-dirty
graph_eager,1,151936,50,0.9,bfloat16,hot,n/a,81.512,81.507,81.524,81.515,0.008,5,1472,147,303872,0.550,0.006751,false,0,f2d1bf7-dirty
graph_compile,1,151936,50,0.9,bfloat16,hot,n/a,71.583,71.562,71.620,71.591,0.026,5,1672,167,303872,0.550,0.007687,false,0,f2d1bf7-dirty
hf_eager,4,151936,50,0.9,bfloat16,hot,n/a,597.848,597.346,597.954,597.698,0.306,5,201,20,1215488,2.201,0.003682,false,0,f2d1bf7-dirty
ref_eager_fullsort,4,151936,50,0.9,bfloat16,hot,n/a,229.514,229.434,229.534,229.498,0.047,5,523,52,1215488,2.201,0.009590,false,0,f2d1bf7-dirty
tight_eager,4,151936,50,0.9,bfloat16,hot,n/a,163.989,163.916,164.041,163.985,0.054,5,722,72,1215488,2.201,0.013422,false,0,f2d1bf7-dirty
flashinfer,4,151936,50,0.9,bfloat16,hot,n/a,85.398,85.368,85.481,85.418,0.051,5,1335,133,1215488,2.201,0.025775,false,0,f2d1bf7-dirty
flashinfer_from_probs,4,151936,50,0.9,bfloat16,hot,n/a,73.070,72.975,73.096,73.044,0.055,5,1484,148,2430976,4.402,0.060247,false,0,f2d1bf7-dirty
compile,4,151936,50,0.9,bfloat16,hot,n/a,150.536,150.057,150.947,150.503,0.383,5,740,74,1215488,2.201,0.014622,false,0,f2d1bf7-dirty
graph_eager,4,151936,50,0.9,bfloat16,hot,n/a,104.320,103.827,104.396,104.189,0.268,5,1177,117,1215488,2.201,0.021100,false,0,f2d1bf7-dirty
graph_compile,4,151936,50,0.9,bfloat16,hot,n/a,94.868,94.731,94.887,94.840,0.080,5,1271,127,1215488,2.201,0.023202,false,0,f2d1bf7-dirty
hf_eager,8,151936,50,0.9,bfloat16,hot,n/a,698.630,698.443,705.001,700.373,3.344,5,168,16,2430976,4.402,0.006301,false,0,f2d1bf7-dirty
ref_eager_fullsort,8,151936,50,0.9,bfloat16,hot,n/a,339.548,333.436,341.138,338.230,3.571,5,361,36,2430976,4.402,0.012965,false,0,f2d1bf7-dirty
tight_eager,8,151936,50,0.9,bfloat16,hot,n/a,166.626,166.471,166.731,166.597,0.116,5,722,72,2430976,4.402,0.026420,false,0,f2d1bf7-dirty
flashinfer,8,151936,50,0.9,bfloat16,hot,n/a,90.976,90.893,91.023,90.967,0.057,5,1311,131,2430976,4.402,0.048389,false,0,f2d1bf7-dirty
flashinfer_from_probs,8,151936,50,0.9,bfloat16,hot,n/a,74.253,73.367,78.117,75.443,2.463,5,1521,152,4861952,8.804,0.118574,false,0,f2d1bf7-dirty
compile,8,151936,50,0.9,bfloat16,hot,n/a,151.122,151.058,151.824,151.324,0.369,5,728,72,2430976,4.402,0.029130,false,0,f2d1bf7-dirty
graph_eager,8,151936,50,0.9,bfloat16,hot,n/a,107.698,107.557,107.760,107.684,0.095,5,1121,112,2430976,4.402,0.040876,false,0,f2d1bf7-dirty
graph_compile,8,151936,50,0.9,bfloat16,hot,n/a,97.958,97.910,97.969,97.947,0.027,5,1230,123,2430976,4.402,0.044940,false,0,f2d1bf7-dirty
hf_eager,16,151936,50,0.9,bfloat16,hot,n/a,1176.288,1175.847,1177.931,1176.624,0.970,5,101,10,4861952,8.804,0.007485,false,0,f2d1bf7-dirty
ref_eager_fullsort,16,151936,50,0.9,bfloat16,hot,n/a,698.641,695.610,699.025,697.872,1.642,5,173,17,4861952,8.804,0.012602,false,0,f2d1bf7-dirty
tight_eager,16,151936,50,0.9,bfloat16,hot,n/a,182.583,182.421,182.631,182.561,0.103,5,655,65,4861952,8.804,0.048222,false,0,f2d1bf7-dirty
flashinfer,16,151936,50,0.9,bfloat16,hot,n/a,114.962,114.871,114.989,114.944,0.054,5,1045,104,4861952,8.804,0.076586,false,0,f2d1bf7-dirty
flashinfer_from_probs,16,151936,50,0.9,bfloat16,hot,n/a,73.574,73.558,73.707,73.613,0.070,5,1488,148,9723904,17.609,0.239338,false,0,f2d1bf7-dirty
compile,16,151936,50,0.9,bfloat16,hot,n/a,182.451,182.099,182.712,182.425,0.268,5,653,65,4861952,8.804,0.048257,false,0,f2d1bf7-dirty
graph_eager,16,151936,50,0.9,bfloat16,hot,n/a,121.649,121.391,121.713,121.591,0.148,5,992,99,4861952,8.804,0.072376,false,0,f2d1bf7-dirty
graph_compile,16,151936,50,0.9,bfloat16,hot,n/a,121.662,121.575,121.679,121.645,0.052,5,983,98,4861952,8.804,0.072368,false,0,f2d1bf7-dirty
hf_eager,32,151936,50,0.9,bfloat16,hot,n/a,2182.656,2181.704,2183.448,2182.611,0.753,5,54,10,9723904,17.609,0.008068,false,0,f2d1bf7-dirty
ref_eager_fullsort,32,151936,50,0.9,bfloat16,hot,n/a,1530.917,1529.750,1531.355,1530.605,0.739,5,78,10,9723904,17.609,0.011502,false,0,f2d1bf7-dirty
tight_eager,32,151936,50,0.9,bfloat16,hot,n/a,217.354,217.336,218.981,217.836,0.827,5,544,54,9723904,17.609,0.081015,false,0,f2d1bf7-dirty
flashinfer,32,151936,50,0.9,bfloat16,hot,n/a,173.594,170.285,174.024,172.796,1.820,5,709,70,9723904,17.609,0.101437,false,0,f2d1bf7-dirty
flashinfer_from_probs,32,151936,50,0.9,bfloat16,hot,n/a,101.188,101.119,101.313,101.200,0.088,5,1171,117,19447808,35.218,0.348045,false,0,f2d1bf7-dirty
compile,32,151936,50,0.9,bfloat16,hot,n/a,216.742,216.170,216.874,216.635,0.346,5,549,54,9723904,17.609,0.081244,false,0,f2d1bf7-dirty
graph_eager,32,151936,50,0.9,bfloat16,hot,n/a,165.200,163.256,165.544,164.769,1.099,5,744,74,9723904,17.609,0.106592,false,0,f2d1bf7-dirty
graph_compile,32,151936,50,0.9,bfloat16,hot,n/a,165.683,165.291,165.801,165.626,0.247,5,723,72,9723904,17.609,0.106281,false,0,f2d1bf7-dirty
hf_eager,1,151936,50,0.9,bfloat16,cold,rotate,325.357,324.940,325.594,325.318,0.291,5,368,36,303872,0.550,0.001691,false,0,f2d1bf7-dirty
ref_eager_fullsort,1,151936,50,0.9,bfloat16,cold,rotate,138.850,138.670,138.928,138.823,0.117,5,832,83,303872,0.550,0.003963,false,0,f2d1bf7-dirty
tight_eager,1,151936,50,0.9,bfloat16,cold,rotate,136.129,135.867,136.344,136.115,0.205,5,854,85,303872,0.550,0.004042,false,0,f2d1bf7-dirty
flashinfer,1,151936,50,0.9,bfloat16,cold,rotate,83.646,83.507,83.954,83.702,0.197,5,1324,132,303872,0.550,0.006579,false,0,f2d1bf7-dirty
flashinfer_from_probs,1,151936,50,0.9,bfloat16,cold,rotate,73.698,73.675,73.744,73.708,0.032,5,1462,146,607744,1.101,0.014933,false,0,f2d1bf7-dirty
compile,1,151936,50,0.9,bfloat16,cold,rotate,161.288,160.995,161.579,161.320,0.267,5,711,71,303872,0.550,0.003412,false,0,f2d1bf7-dirty
graph_eager,1,151936,50,0.9,bfloat16,cold,rotate_into_static,82.841,82.820,82.887,82.847,0.031,5,1433,143,303872,0.550,0.006643,false,0,f2d1bf7-dirty
graph_compile,1,151936,50,0.9,bfloat16,cold,rotate_into_static,77.995,77.974,78.018,77.993,0.020,5,1510,151,303872,0.550,0.007055,false,0,f2d1bf7-dirty
hf_eager,4,151936,50,0.9,bfloat16,cold,rotate,599.649,597.938,607.081,601.975,4.596,5,196,19,1215488,2.201,0.003671,false,0,f2d1bf7-dirty
ref_eager_fullsort,4,151936,50,0.9,bfloat16,cold,rotate,231.569,231.471,231.692,231.584,0.103,5,515,51,1215488,2.201,0.009505,false,0,f2d1bf7-dirty
tight_eager,4,151936,50,0.9,bfloat16,cold,rotate,165.418,165.330,165.461,165.402,0.057,5,727,72,1215488,2.201,0.013306,false,0,f2d1bf7-dirty
flashinfer,4,151936,50,0.9,bfloat16,cold,rotate,87.343,87.304,87.401,87.346,0.043,5,1338,133,1215488,2.201,0.025201,false,0,f2d1bf7-dirty
flashinfer_from_probs,4,151936,50,0.9,bfloat16,cold,rotate,73.740,73.660,73.763,73.719,0.048,5,1469,146,2430976,4.402,0.059699,false,0,f2d1bf7-dirty
compile,4,151936,50,0.9,bfloat16,cold,rotate,152.630,152.416,152.905,152.645,0.211,5,736,73,1215488,2.201,0.014421,false,0,f2d1bf7-dirty
graph_eager,4,151936,50,0.9,bfloat16,cold,rotate_into_static,109.853,109.334,109.878,109.702,0.267,5,1094,109,1215488,2.201,0.020037,false,0,f2d1bf7-dirty
graph_compile,4,151936,50,0.9,bfloat16,cold,rotate_into_static,100.822,100.785,100.845,100.815,0.027,5,1185,118,1215488,2.201,0.021832,false,0,f2d1bf7-dirty
hf_eager,8,151936,50,0.9,bfloat16,cold,rotate,699.245,699.121,705.725,701.157,3.303,5,168,16,2430976,4.402,0.006296,false,0,f2d1bf7-dirty
ref_eager_fullsort,8,151936,50,0.9,bfloat16,cold,rotate,342.076,334.931,342.392,340.040,3.694,5,359,35,2430976,4.402,0.012869,false,0,f2d1bf7-dirty
tight_eager,8,151936,50,0.9,bfloat16,cold,rotate,168.942,168.920,169.311,169.032,0.204,5,701,70,2430976,4.402,0.026058,false,0,f2d1bf7-dirty
flashinfer,8,151936,50,0.9,bfloat16,cold,rotate,92.988,92.952,93.011,92.984,0.026,5,1290,129,2430976,4.402,0.047342,false,0,f2d1bf7-dirty
flashinfer_from_probs,8,151936,50,0.9,bfloat16,cold,rotate,74.486,74.303,74.720,74.527,0.188,5,1484,148,4861952,8.804,0.118203,false,0,f2d1bf7-dirty
compile,8,151936,50,0.9,bfloat16,cold,rotate,151.994,151.685,152.109,151.923,0.198,5,744,74,2430976,4.402,0.028963,false,0,f2d1bf7-dirty
graph_eager,8,151936,50,0.9,bfloat16,cold,rotate_into_static,115.144,115.003,115.204,115.126,0.092,5,1038,103,2430976,4.402,0.038232,false,0,f2d1bf7-dirty
graph_compile,8,151936,50,0.9,bfloat16,cold,rotate_into_static,105.468,105.431,105.500,105.464,0.030,5,1116,111,2430976,4.402,0.041740,false,0,f2d1bf7-dirty
hf_eager,16,151936,50,0.9,bfloat16,cold,rotate,1146.068,1145.880,1148.370,1146.774,1.188,5,104,10,4861952,8.804,0.007682,false,0,f2d1bf7-dirty
ref_eager_fullsort,16,151936,50,0.9,bfloat16,cold,rotate,699.285,695.731,699.567,698.455,1.990,5,172,17,4861952,8.804,0.012591,false,0,f2d1bf7-dirty
tight_eager,16,151936,50,0.9,bfloat16,cold,rotate,186.680,186.605,186.787,186.688,0.080,5,633,63,4861952,8.804,0.047164,false,0,f2d1bf7-dirty
flashinfer,16,151936,50,0.9,bfloat16,cold,rotate,119.045,118.967,119.079,119.034,0.050,5,995,99,4861952,8.804,0.073959,false,0,f2d1bf7-dirty
flashinfer_from_probs,16,151936,50,0.9,bfloat16,cold,rotate,78.342,78.284,78.356,78.327,0.033,5,1444,144,9723904,17.609,0.224769,false,0,f2d1bf7-dirty
compile,16,151936,50,0.9,bfloat16,cold,rotate,186.460,185.604,186.706,186.268,0.497,5,635,63,4861952,8.804,0.047219,false,0,f2d1bf7-dirty
graph_eager,16,151936,50,0.9,bfloat16,cold,rotate_into_static,131.466,131.063,131.487,131.368,0.223,5,910,91,4861952,8.804,0.066971,false,0,f2d1bf7-dirty
graph_compile,16,151936,50,0.9,bfloat16,cold,rotate_into_static,135.797,131.574,135.958,134.210,2.322,5,876,87,4861952,8.804,0.064836,false,0,f2d1bf7-dirty
hf_eager,32,151936,50,0.9,bfloat16,cold,rotate,2181.375,2180.708,2181.571,2181.233,0.391,5,54,10,9723904,17.609,0.008072,false,0,f2d1bf7-dirty
ref_eager_fullsort,32,151936,50,0.9,bfloat16,cold,rotate,1533.856,1533.147,1534.358,1533.749,0.527,5,78,10,9723904,17.609,0.011480,false,0,f2d1bf7-dirty
tight_eager,32,151936,50,0.9,bfloat16,cold,rotate,228.673,228.376,229.710,228.895,0.605,5,518,51,9723904,17.609,0.077005,false,0,f2d1bf7-dirty
flashinfer,32,151936,50,0.9,bfloat16,cold,rotate,192.914,190.068,192.985,192.147,1.506,5,638,63,9723904,17.609,0.091279,false,0,f2d1bf7-dirty
flashinfer_from_probs,32,151936,50,0.9,bfloat16,cold,rotate,127.621,127.601,127.632,127.620,0.014,5,920,92,19447808,35.218,0.275956,false,0,f2d1bf7-dirty
compile,32,151936,50,0.9,bfloat16,cold,rotate,227.630,226.161,228.059,227.375,0.897,5,525,52,9723904,17.609,0.077358,false,0,f2d1bf7-dirty
graph_eager,32,151936,50,0.9,bfloat16,cold,rotate_into_static,189.463,187.136,189.604,188.867,1.253,5,654,65,9723904,17.609,0.092941,false,0,f2d1bf7-dirty
graph_compile,32,151936,50,0.9,bfloat16,cold,rotate_into_static,189.670,189.180,189.758,189.569,0.288,5,635,63,9723904,17.609,0.092840,false,0,f2d1bf7-dirty
hf_eager,1,128256,20,0.9,bfloat16,hot,n/a,338.040,337.893,338.207,338.056,0.136,5,353,35,256512,0.465,0.001374,false,0,f2d1bf7-dirty
ref_eager_fullsort,1,128256,20,0.9,bfloat16,hot,n/a,135.998,135.594,136.340,135.974,0.320,5,836,83,256512,0.465,0.003416,false,0,f2d1bf7-dirty
tight_eager,1,128256,20,0.9,bfloat16,hot,n/a,134.004,133.728,134.191,133.989,0.203,5,869,86,256512,0.465,0.003466,false,0,f2d1bf7-dirty
flashinfer,1,128256,20,0.9,bfloat16,hot,n/a,81.796,81.672,81.918,81.784,0.113,5,1355,135,256512,0.465,0.005679,false,0,f2d1bf7-dirty
flashinfer_from_probs,1,128256,20,0.9,bfloat16,hot,n/a,73.127,72.928,73.192,73.094,0.123,5,1540,154,513024,0.929,0.012704,false,0,f2d1bf7-dirty
compile,1,128256,20,0.9,bfloat16,hot,n/a,160.741,160.381,161.048,160.747,0.292,5,722,72,256512,0.465,0.002890,false,0,f2d1bf7-dirty
graph_eager,1,128256,20,0.9,bfloat16,hot,n/a,76.555,76.535,76.576,76.553,0.018,5,1550,155,256512,0.465,0.006068,false,0,f2d1bf7-dirty
graph_compile,1,128256,20,0.9,bfloat16,hot,n/a,76.567,76.553,76.578,76.566,0.012,5,1546,154,256512,0.465,0.006067,false,0,f2d1bf7-dirty
hf_eager,32,128256,20,0.9,bfloat16,hot,n/a,1824.286,1809.615,1826.746,1820.872,8.209,5,66,10,8208384,14.864,0.008148,false,0,f2d1bf7-dirty
ref_eager_fullsort,32,128256,20,0.9,bfloat16,hot,n/a,1277.887,1277.216,1278.487,1277.953,0.587,5,94,10,8208384,14.864,0.011632,false,0,f2d1bf7-dirty
tight_eager,32,128256,20,0.9,bfloat16,hot,n/a,202.525,202.271,202.592,202.451,0.153,5,589,58,8208384,14.864,0.073396,false,0,f2d1bf7-dirty
flashinfer,32,128256,20,0.9,bfloat16,hot,n/a,141.555,139.529,141.681,141.082,1.145,5,878,87,8208384,14.864,0.105009,false,0,f2d1bf7-dirty
flashinfer_from_probs,32,128256,20,0.9,bfloat16,hot,n/a,84.337,84.312,84.381,84.342,0.031,5,1395,139,16416768,29.729,0.352502,false,0,f2d1bf7-dirty
compile,32,128256,20,0.9,bfloat16,hot,n/a,201.520,200.545,201.572,201.282,0.538,5,590,59,8208384,14.864,0.073762,false,0,f2d1bf7-dirty
graph_eager,32,128256,20,0.9,bfloat16,hot,n/a,149.245,147.371,149.325,148.743,0.992,5,820,82,8208384,14.864,0.099598,false,0,f2d1bf7-dirty
graph_compile,32,128256,20,0.9,bfloat16,hot,n/a,149.381,149.161,149.399,149.326,0.119,5,800,80,8208384,14.864,0.099507,false,0,f2d1bf7-dirty
hf_eager,1,128256,20,0.95,bfloat16,hot,n/a,338.011,337.953,338.264,338.075,0.141,5,353,35,256512,0.465,0.001374,false,0,f2d1bf7-dirty
ref_eager_fullsort,1,128256,20,0.95,bfloat16,hot,n/a,135.715,135.434,135.756,135.619,0.168,5,843,84,256512,0.465,0.003423,false,0,f2d1bf7-dirty
tight_eager,1,128256,20,0.95,bfloat16,hot,n/a,133.581,133.157,134.010,133.586,0.388,5,881,88,256512,0.465,0.003477,false,0,f2d1bf7-dirty
flashinfer,1,128256,20,0.95,bfloat16,hot,n/a,81.668,81.507,81.675,81.614,0.082,5,1386,138,256512,0.465,0.005688,false,0,f2d1bf7-dirty
flashinfer_from_probs,1,128256,20,0.95,bfloat16,hot,n/a,72.938,72.826,73.002,72.931,0.080,5,1568,156,513024,0.929,0.012737,false,0,f2d1bf7-dirty
compile,1,128256,20,0.95,bfloat16,hot,n/a,161.140,160.707,161.216,161.038,0.242,5,722,72,256512,0.465,0.002883,false,0,f2d1bf7-dirty
graph_eager,1,128256,20,0.95,bfloat16,hot,n/a,76.491,76.473,76.507,76.490,0.015,5,1553,155,256512,0.465,0.006073,false,0,f2d1bf7-dirty
graph_compile,1,128256,20,0.95,bfloat16,hot,n/a,76.554,76.534,76.593,76.562,0.027,5,1539,153,256512,0.465,0.006068,false,0,f2d1bf7-dirty
hf_eager,32,128256,20,0.95,bfloat16,hot,n/a,1823.999,1810.095,1826.531,1820.652,7.743,5,66,10,8208384,14.864,0.008149,false,0,f2d1bf7-dirty
ref_eager_fullsort,32,128256,20,0.95,bfloat16,hot,n/a,1277.802,1276.950,1278.301,1277.741,0.620,5,93,10,8208384,14.864,0.011633,false,0,f2d1bf7-dirty
tight_eager,32,128256,20,0.95,bfloat16,hot,n/a,202.006,201.970,202.263,202.069,0.141,5,592,59,8208384,14.864,0.073585,false,0,f2d1bf7-dirty
flashinfer,32,128256,20,0.95,bfloat16,hot,n/a,140.973,138.913,141.031,140.463,1.144,5,879,87,8208384,14.864,0.105442,false,0,f2d1bf7-dirty
flashinfer_from_probs,32,128256,20,0.95,bfloat16,hot,n/a,83.491,83.452,83.535,83.489,0.038,5,1409,140,16416768,29.729,0.356074,false,0,f2d1bf7-dirty
compile,32,128256,20,0.95,bfloat16,hot,n/a,202.040,201.318,202.100,201.857,0.391,5,593,59,8208384,14.864,0.073572,false,0,f2d1bf7-dirty
graph_eager,32,128256,20,0.95,bfloat16,hot,n/a,149.031,147.309,149.203,148.609,0.941,5,820,82,8208384,14.864,0.099741,false,0,f2d1bf7-dirty
graph_compile,32,128256,20,0.95,bfloat16,hot,n/a,149.353,149.118,149.381,149.302,0.135,5,801,80,8208384,14.864,0.099526,false,0,f2d1bf7-dirty
hf_eager,1,128256,50,0.9,bfloat16,hot,n/a,339.926,339.808,340.082,339.944,0.119,5,350,35,256512,0.465,0.001367,false,0,f2d1bf7-dirty
ref_eager_fullsort,1,128256,50,0.9,bfloat16,hot,n/a,135.776,135.730,136.073,135.871,0.167,5,846,84,256512,0.465,0.003421,false,0,f2d1bf7-dirty
tight_eager,1,128256,50,0.9,bfloat16,hot,n/a,134.630,134.153,135.885,134.824,0.801,5,881,88,256512,0.465,0.003450,false,0,f2d1bf7-dirty
flashinfer,1,128256,50,0.9,bfloat16,hot,n/a,82.026,81.870,82.151,82.011,0.121,5,1332,133,256512,0.465,0.005663,false,0,f2d1bf7-dirty
flashinfer_from_probs,1,128256,50,0.9,bfloat16,hot,n/a,72.873,72.223,74.393,73.071,1.003,5,1529,152,513024,0.929,0.012749,false,0,f2d1bf7-dirty
compile,1,128256,50,0.9,bfloat16,hot,n/a,157.968,157.603,158.017,157.876,0.199,5,730,73,256512,0.465,0.002941,false,0,f2d1bf7-dirty
graph_eager,1,128256,50,0.9,bfloat16,hot,n/a,77.700,77.687,77.722,77.702,0.016,5,1536,153,256512,0.465,0.005978,false,0,f2d1bf7-dirty
graph_compile,1,128256,50,0.9,bfloat16,hot,n/a,77.725,77.712,77.733,77.723,0.010,5,1536,153,256512,0.465,0.005976,false,0,f2d1bf7-dirty
hf_eager,32,128256,50,0.9,bfloat16,hot,n/a,1826.443,1810.873,1828.584,1822.454,8.426,5,66,10,8208384,14.864,0.008138,false,0,f2d1bf7-dirty
ref_eager_fullsort,32,128256,50,0.9,bfloat16,hot,n/a,1277.332,1276.058,1277.385,1276.975,0.662,5,94,10,8208384,14.864,0.011637,false,0,f2d1bf7-dirty
tight_eager,32,128256,50,0.9,bfloat16,hot,n/a,201.491,201.206,202.315,201.626,0.514,5,592,59,8208384,14.864,0.073773,false,0,f2d1bf7-dirty
flashinfer,32,128256,50,0.9,bfloat16,hot,n/a,141.672,139.990,141.755,141.277,0.950,5,870,87,8208384,14.864,0.104922,false,0,f2d1bf7-dirty
flashinfer_from_probs,32,128256,50,0.9,bfloat16,hot,n/a,82.779,82.744,82.798,82.770,0.025,5,1413,141,16416768,29.729,0.359138,false,0,f2d1bf7-dirty
compile,32,128256,50,0.9,bfloat16,hot,n/a,200.836,200.367,201.140,200.785,0.339,5,591,59,8208384,14.864,0.074013,false,0,f2d1bf7-dirty
graph_eager,32,128256,50,0.9,bfloat16,hot,n/a,149.865,148.526,149.906,149.536,0.746,5,811,81,8208384,14.864,0.099186,false,0,f2d1bf7-dirty
graph_compile,32,128256,50,0.9,bfloat16,hot,n/a,154.415,154.175,154.418,154.350,0.128,5,772,77,8208384,14.864,0.096263,false,0,f2d1bf7-dirty
hf_eager,1,128256,50,0.95,bfloat16,hot,n/a,350.149,350.084,350.207,350.143,0.053,5,341,34,256512,0.465,0.001327,false,0,f2d1bf7-dirty
ref_eager_fullsort,1,128256,50,0.95,bfloat16,hot,n/a,136.023,135.720,139.808,136.919,2.120,5,815,81,256512,0.465,0.003415,false,0,f2d1bf7-dirty
tight_eager,1,128256,50,0.95,bfloat16,hot,n/a,134.532,134.358,135.481,134.807,0.519,5,874,87,256512,0.465,0.003453,false,0,f2d1bf7-dirty
flashinfer,1,128256,50,0.95,bfloat16,hot,n/a,81.584,81.497,81.818,81.637,0.143,5,1333,133,256512,0.465,0.005694,false,0,f2d1bf7-dirty
flashinfer_from_probs,1,128256,50,0.95,bfloat16,hot,n/a,72.816,72.749,72.857,72.813,0.050,5,1542,154,513024,0.929,0.012759,false,0,f2d1bf7-dirty
compile,1,128256,50,0.95,bfloat16,hot,n/a,158.879,158.645,159.100,158.869,0.221,5,724,72,256512,0.465,0.002924,false,0,f2d1bf7-dirty
graph_eager,1,128256,50,0.95,bfloat16,hot,n/a,77.799,77.784,77.816,77.800,0.014,5,1543,154,256512,0.465,0.005971,false,0,f2d1bf7-dirty
graph_compile,1,128256,50,0.95,bfloat16,hot,n/a,77.795,77.788,77.816,77.799,0.013,5,1536,153,256512,0.465,0.005971,false,0,f2d1bf7-dirty
hf_eager,32,128256,50,0.95,bfloat16,hot,n/a,1826.604,1810.192,1828.236,1822.347,8.817,5,66,10,8208384,14.864,0.008138,false,0,f2d1bf7-dirty
ref_eager_fullsort,32,128256,50,0.95,bfloat16,hot,n/a,1277.664,1276.188,1278.117,1277.333,0.896,5,94,10,8208384,14.864,0.011634,false,0,f2d1bf7-dirty
tight_eager,32,128256,50,0.95,bfloat16,hot,n/a,200.632,200.539,201.989,200.991,0.721,5,591,59,8208384,14.864,0.074088,false,0,f2d1bf7-dirty
flashinfer,32,128256,50,0.95,bfloat16,hot,n/a,141.177,139.563,141.264,140.800,0.917,5,874,87,8208384,14.864,0.105290,false,0,f2d1bf7-dirty
flashinfer_from_probs,32,128256,50,0.95,bfloat16,hot,n/a,82.278,82.248,82.374,82.294,0.060,5,1421,142,16416768,29.729,0.361324,false,0,f2d1bf7-dirty
compile,32,128256,50,0.95,bfloat16,hot,n/a,199.520,199.336,199.776,199.537,0.195,5,588,58,8208384,14.864,0.074501,false,0,f2d1bf7-dirty
graph_eager,32,128256,50,0.95,bfloat16,hot,n/a,149.875,148.466,149.930,149.532,0.787,5,814,81,8208384,14.864,0.099180,false,0,f2d1bf7-dirty
graph_compile,32,128256,50,0.95,bfloat16,hot,n/a,149.909,149.854,149.937,149.901,0.036,5,802,80,8208384,14.864,0.099157,false,0,f2d1bf7-dirty
hf_eager,1,128256,100,0.9,bfloat16,hot,n/a,341.245,340.997,341.511,341.252,0.220,5,349,34,256512,0.465,0.001361,false,0,f2d1bf7-dirty
ref_eager_fullsort,1,128256,100,0.9,bfloat16,hot,n/a,137.118,136.782,137.368,137.124,0.266,5,841,84,256512,0.465,0.003388,false,0,f2d1bf7-dirty
tight_eager,1,128256,100,0.9,bfloat16,hot,n/a,133.474,133.223,133.837,133.512,0.269,5,873,87,256512,0.465,0.003480,false,0,f2d1bf7-dirty
flashinfer,1,128256,100,0.9,bfloat16,hot,n/a,82.233,82.037,82.296,82.188,0.123,5,1355,135,256512,0.465,0.005649,false,0,f2d1bf7-dirty
flashinfer_from_probs,1,128256,100,0.9,bfloat16,hot,n/a,72.965,72.900,73.009,72.955,0.048,5,1557,155,513024,0.929,0.012733,false,0,f2d1bf7-dirty
compile,1,128256,100,0.9,bfloat16,hot,n/a,159.817,159.603,160.027,159.836,0.194,5,721,72,256512,0.465,0.002907,false,0,f2d1bf7-dirty
graph_eager,1,128256,100,0.9,bfloat16,hot,n/a,78.217,78.212,78.242,78.225,0.015,5,1538,153,256512,0.465,0.005939,false,0,f2d1bf7-dirty
graph_compile,1,128256,100,0.9,bfloat16,hot,n/a,84.157,84.141,84.165,84.155,0.011,5,1427,142,256512,0.465,0.005520,false,0,f2d1bf7-dirty
hf_eager,32,128256,100,0.9,bfloat16,hot,n/a,1827.685,1825.868,1839.013,1830.349,6.309,5,65,10,8208384,14.864,0.008133,false,0,f2d1bf7-dirty
ref_eager_fullsort,32,128256,100,0.9,bfloat16,hot,n/a,1275.271,1274.811,1276.249,1275.484,0.635,5,94,10,8208384,14.864,0.011656,false,0,f2d1bf7-dirty
tight_eager,32,128256,100,0.9,bfloat16,hot,n/a,201.135,200.989,202.551,201.462,0.796,5,588,58,8208384,14.864,0.073903,false,0,f2d1bf7-dirty
flashinfer,32,128256,100,0.9,bfloat16,hot,n/a,141.803,140.311,141.886,141.449,0.837,5,868,86,8208384,14.864,0.104825,false,0,f2d1bf7-dirty
flashinfer_from_probs,32,128256,100,0.9,bfloat16,hot,n/a,84.522,84.489,84.601,84.538,0.051,5,1381,138,16416768,29.729,0.351732,false,0,f2d1bf7-dirty
compile,32,128256,100,0.9,bfloat16,hot,n/a,199.940,199.707,200.044,199.880,0.153,5,584,58,8208384,14.864,0.074345,false,0,f2d1bf7-dirty
graph_eager,32,128256,100,0.9,bfloat16,hot,n/a,151.623,149.856,151.728,151.172,0.954,5,805,80,8208384,14.864,0.098036,false,0,f2d1bf7-dirty
graph_compile,32,128256,100,0.9,bfloat16,hot,n/a,151.702,151.540,151.752,151.678,0.102,5,790,79,8208384,14.864,0.097985,false,0,f2d1bf7-dirty
hf_eager,1,128256,100,0.95,bfloat16,hot,n/a,341.402,341.286,341.555,341.412,0.116,5,348,34,256512,0.465,0.001361,false,0,f2d1bf7-dirty
ref_eager_fullsort,1,128256,100,0.95,bfloat16,hot,n/a,135.624,135.402,135.853,135.629,0.201,5,841,84,256512,0.465,0.003425,false,0,f2d1bf7-dirty
tight_eager,1,128256,100,0.95,bfloat16,hot,n/a,135.486,134.599,135.858,135.270,0.564,5,879,87,256512,0.465,0.003429,false,0,f2d1bf7-dirty
flashinfer,1,128256,100,0.95,bfloat16,hot,n/a,81.937,81.802,82.086,81.938,0.125,5,1341,134,256512,0.465,0.005669,false,0,f2d1bf7-dirty
flashinfer_from_probs,1,128256,100,0.95,bfloat16,hot,n/a,73.041,72.888,73.098,73.008,0.099,5,1556,155,513024,0.929,0.012719,false,0,f2d1bf7-dirty
compile,1,128256,100,0.95,bfloat16,hot,n/a,158.432,158.396,158.909,158.566,0.250,5,730,73,256512,0.465,0.002932,false,0,f2d1bf7-dirty
graph_eager,1,128256,100,0.95,bfloat16,hot,n/a,78.221,78.179,78.239,78.216,0.027,5,1532,153,256512,0.465,0.005939,false,0,f2d1bf7-dirty
graph_compile,1,128256,100,0.95,bfloat16,hot,n/a,78.221,78.209,78.245,78.225,0.016,5,1519,151,256512,0.465,0.005938,false,0,f2d1bf7-dirty
hf_eager,32,128256,100,0.95,bfloat16,hot,n/a,1826.212,1809.158,1827.761,1821.614,9.045,5,66,10,8208384,14.864,0.008140,false,0,f2d1bf7-dirty
ref_eager_fullsort,32,128256,100,0.95,bfloat16,hot,n/a,1275.401,1274.717,1275.912,1275.422,0.550,5,94,10,8208384,14.864,0.011655,false,0,f2d1bf7-dirty
tight_eager,32,128256,100,0.95,bfloat16,hot,n/a,201.503,201.387,202.821,201.849,0.704,5,586,58,8208384,14.864,0.073768,false,0,f2d1bf7-dirty
flashinfer,32,128256,100,0.95,bfloat16,hot,n/a,141.250,139.775,141.268,140.875,0.812,5,866,86,8208384,14.864,0.105236,false,0,f2d1bf7-dirty
flashinfer_from_probs,32,128256,100,0.95,bfloat16,hot,n/a,83.758,83.749,83.816,83.772,0.032,5,1392,139,16416768,29.729,0.354939,false,0,f2d1bf7-dirty
compile,32,128256,100,0.95,bfloat16,hot,n/a,199.993,199.902,200.295,200.083,0.193,5,584,58,8208384,14.864,0.074325,false,0,f2d1bf7-dirty
graph_eager,32,128256,100,0.95,bfloat16,hot,n/a,151.664,149.828,151.745,151.170,0.970,5,805,80,8208384,14.864,0.098009,false,0,f2d1bf7-dirty
graph_compile,32,128256,100,0.95,bfloat16,hot,n/a,151.795,151.721,156.264,153.515,2.417,5,768,76,8208384,14.864,0.097925,false,0,f2d1bf7-dirty
hf_eager,1,151936,20,0.9,bfloat16,hot,n/a,323.182,323.137,323.532,323.292,0.186,5,371,37,303872,0.550,0.001703,false,0,f2d1bf7-dirty
ref_eager_fullsort,1,151936,20,0.9,bfloat16,hot,n/a,138.597,138.168,138.655,138.493,0.237,5,838,83,303872,0.550,0.003970,false,0,f2d1bf7-dirty
tight_eager,1,151936,20,0.9,bfloat16,hot,n/a,134.302,133.918,134.659,134.263,0.324,5,859,85,303872,0.550,0.004097,false,0,f2d1bf7-dirty
flashinfer,1,151936,20,0.9,bfloat16,hot,n/a,83.996,83.957,84.077,84.009,0.056,5,1352,135,303872,0.550,0.006551,false,0,f2d1bf7-dirty
flashinfer_from_probs,1,151936,20,0.9,bfloat16,hot,n/a,72.736,72.571,72.837,72.721,0.117,5,1537,153,607744,1.101,0.015131,false,0,f2d1bf7-dirty
compile,1,151936,20,0.9,bfloat16,hot,n/a,161.891,161.503,162.126,161.867,0.279,5,712,71,303872,0.550,0.003399,false,0,f2d1bf7-dirty
graph_eager,1,151936,20,0.9,bfloat16,hot,n/a,81.499,81.451,81.510,81.488,0.027,5,1489,148,303872,0.550,0.006752,false,0,f2d1bf7-dirty
graph_compile,1,151936,20,0.9,bfloat16,hot,n/a,81.491,81.290,81.519,81.451,0.118,5,1476,147,303872,0.550,0.006753,false,0,f2d1bf7-dirty
hf_eager,32,151936,20,0.9,bfloat16,hot,n/a,2178.758,2166.689,2180.492,2175.872,6.665,5,55,10,9723904,17.609,0.008082,false,0,f2d1bf7-dirty
ref_eager_fullsort,32,151936,20,0.9,bfloat16,hot,n/a,1533.283,1533.028,1533.565,1533.269,0.245,5,78,10,9723904,17.609,0.011484,false,0,f2d1bf7-dirty
tight_eager,32,151936,20,0.9,bfloat16,hot,n/a,217.114,216.992,218.329,217.417,0.663,5,541,54,9723904,17.609,0.081105,false,0,f2d1bf7-dirty
flashinfer,32,151936,20,0.9,bfloat16,hot,n/a,175.185,171.756,175.487,174.255,1.813,5,706,70,9723904,17.609,0.100516,false,0,f2d1bf7-dirty
flashinfer_from_probs,32,151936,20,0.9,bfloat16,hot,n/a,102.795,102.773,102.833,102.802,0.026,5,1153,115,19447808,35.218,0.342604,false,0,f2d1bf7-dirty
compile,32,151936,20,0.9,bfloat16,hot,n/a,216.953,216.772,216.998,216.904,0.110,5,547,54,9723904,17.609,0.081165,false,0,f2d1bf7-dirty
graph_eager,32,151936,20,0.9,bfloat16,hot,n/a,165.340,162.984,165.541,164.740,1.270,5,749,74,9723904,17.609,0.106501,false,0,f2d1bf7-dirty
graph_compile,32,151936,20,0.9,bfloat16,hot,n/a,165.622,165.122,165.750,165.541,0.307,5,729,72,9723904,17.609,0.106320,false,0,f2d1bf7-dirty
hf_eager,1,151936,20,0.95,bfloat16,hot,n/a,323.058,322.794,323.632,323.119,0.385,5,371,37,303872,0.550,0.001703,false,0,f2d1bf7-dirty
ref_eager_fullsort,1,151936,20,0.95,bfloat16,hot,n/a,138.752,138.516,138.873,138.708,0.161,5,830,83,303872,0.550,0.003966,false,0,f2d1bf7-dirty
tight_eager,1,151936,20,0.95,bfloat16,hot,n/a,135.920,135.766,136.176,135.949,0.178,5,862,86,303872,0.550,0.004049,false,0,f2d1bf7-dirty
flashinfer,1,151936,20,0.95,bfloat16,hot,n/a,83.958,83.875,83.974,83.934,0.046,5,1387,138,303872,0.550,0.006554,false,0,f2d1bf7-dirty
flashinfer_from_probs,1,151936,20,0.95,bfloat16,hot,n/a,72.737,72.643,72.852,72.739,0.091,5,1512,151,607744,1.101,0.015131,false,0,f2d1bf7-dirty
compile,1,151936,20,0.95,bfloat16,hot,n/a,163.247,162.737,163.410,163.168,0.317,5,709,70,303872,0.550,0.003371,false,0,f2d1bf7-dirty
graph_eager,1,151936,20,0.95,bfloat16,hot,n/a,81.507,81.502,81.567,81.522,0.033,5,1486,148,303872,0.550,0.006751,false,0,f2d1bf7-dirty
graph_compile,1,151936,20,0.95,bfloat16,hot,n/a,81.513,81.300,81.516,81.460,0.119,5,1487,148,303872,0.550,0.006751,false,0,f2d1bf7-dirty
hf_eager,32,151936,20,0.95,bfloat16,hot,n/a,2179.865,2167.133,2181.340,2176.724,6.946,5,55,10,9723904,17.609,0.008078,false,0,f2d1bf7-dirty
ref_eager_fullsort,32,151936,20,0.95,bfloat16,hot,n/a,1533.743,1533.511,1534.477,1533.961,0.462,5,78,10,9723904,17.609,0.011481,false,0,f2d1bf7-dirty
tight_eager,32,151936,20,0.95,bfloat16,hot,n/a,216.465,216.330,217.906,216.858,0.763,5,546,54,9723904,17.609,0.081348,false,0,f2d1bf7-dirty
flashinfer,32,151936,20,0.95,bfloat16,hot,n/a,175.519,172.227,175.584,174.586,1.703,5,708,70,9723904,17.609,0.100325,false,0,f2d1bf7-dirty
flashinfer_from_probs,32,151936,20,0.95,bfloat16,hot,n/a,101.973,101.914,102.012,101.966,0.042,5,1165,116,19447808,35.218,0.345363,false,0,f2d1bf7-dirty
compile,32,151936,20,0.95,bfloat16,hot,n/a,216.103,215.660,216.334,216.051,0.302,5,549,54,9723904,17.609,0.081484,false,0,f2d1bf7-dirty
graph_eager,32,151936,20,0.95,bfloat16,hot,n/a,165.645,163.381,165.830,165.077,1.227,5,749,74,9723904,17.609,0.106305,false,0,f2d1bf7-dirty
graph_compile,32,151936,20,0.95,bfloat16,hot,n/a,165.809,165.381,165.852,165.708,0.240,5,723,72,9723904,17.609,0.106200,false,0,f2d1bf7-dirty
hf_eager,1,151936,50,0.95,bfloat16,hot,n/a,325.052,324.869,325.725,325.254,0.419,5,368,36,303872,0.550,0.001693,false,0,f2d1bf7-dirty
ref_eager_fullsort,1,151936,50,0.95,bfloat16,hot,n/a,138.711,138.257,138.783,138.608,0.255,5,835,83,303872,0.550,0.003967,false,0,f2d1bf7-dirty
tight_eager,1,151936,50,0.95,bfloat16,hot,n/a,135.991,134.245,136.581,135.531,1.089,5,858,85,303872,0.550,0.004046,false,0,f2d1bf7-dirty
flashinfer,1,151936,50,0.95,bfloat16,hot,n/a,83.846,83.832,83.870,83.849,0.017,5,1360,136,303872,0.550,0.006563,false,0,f2d1bf7-dirty
flashinfer_from_probs,1,151936,50,0.95,bfloat16,hot,n/a,72.937,72.688,73.189,72.945,0.216,5,1501,150,607744,1.101,0.015089,false,0,f2d1bf7-dirty
compile,1,151936,50,0.95,bfloat16,hot,n/a,161.225,161.090,161.631,161.286,0.256,5,713,71,303872,0.550,0.003413,false,0,f2d1bf7-dirty
graph_eager,1,151936,50,0.95,bfloat16,hot,n/a,81.546,81.527,81.581,81.549,0.025,5,1473,147,303872,0.550,0.006748,false,0,f2d1bf7-dirty
graph_compile,1,151936,50,0.95,bfloat16,hot,n/a,81.634,81.598,81.649,81.627,0.022,5,1467,146,303872,0.550,0.006741,false,0,f2d1bf7-dirty
hf_eager,32,151936,50,0.95,bfloat16,hot,n/a,2185.748,2173.606,2186.832,2182.606,6.512,5,55,10,9723904,17.609,0.008056,false,0,f2d1bf7-dirty
ref_eager_fullsort,32,151936,50,0.95,bfloat16,hot,n/a,1534.340,1533.781,1534.389,1534.199,0.302,5,78,10,9723904,17.609,0.011477,false,0,f2d1bf7-dirty
tight_eager,32,151936,50,0.95,bfloat16,hot,n/a,218.368,218.241,219.225,218.594,0.464,5,544,54,9723904,17.609,0.080639,false,0,f2d1bf7-dirty
flashinfer,32,151936,50,0.95,bfloat16,hot,n/a,175.789,172.514,175.815,174.848,1.685,5,710,71,9723904,17.609,0.100171,false,0,f2d1bf7-dirty
flashinfer_from_probs,32,151936,50,0.95,bfloat16,hot,n/a,100.693,100.637,100.729,100.685,0.040,5,1185,118,19447808,35.218,0.349754,false,0,f2d1bf7-dirty
compile,32,151936,50,0.95,bfloat16,hot,n/a,218.097,216.989,218.371,217.889,0.660,5,546,54,9723904,17.609,0.080739,false,0,f2d1bf7-dirty
graph_eager,32,151936,50,0.95,bfloat16,hot,n/a,167.352,165.013,167.560,166.766,1.268,5,738,73,9723904,17.609,0.105221,false,0,f2d1bf7-dirty
graph_compile,32,151936,50,0.95,bfloat16,hot,n/a,167.518,166.884,167.573,167.367,0.354,5,716,71,9723904,17.609,0.105117,false,0,f2d1bf7-dirty
hf_eager,1,151936,100,0.9,bfloat16,hot,n/a,326.947,326.634,327.018,326.854,0.194,5,365,36,303872,0.550,0.001683,false,0,f2d1bf7-dirty
ref_eager_fullsort,1,151936,100,0.9,bfloat16,hot,n/a,138.756,138.642,138.810,138.729,0.076,5,842,84,303872,0.550,0.003966,false,0,f2d1bf7-dirty
tight_eager,1,151936,100,0.9,bfloat16,hot,n/a,136.798,136.433,136.940,136.732,0.228,5,858,85,303872,0.550,0.004023,false,0,f2d1bf7-dirty
flashinfer,1,151936,100,0.9,bfloat16,hot,n/a,84.441,84.388,84.704,84.489,0.158,5,1350,135,303872,0.550,0.006517,false,0,f2d1bf7-dirty
flashinfer_from_probs,1,151936,100,0.9,bfloat16,hot,n/a,72.790,72.609,72.935,72.762,0.144,5,1516,151,607744,1.101,0.015120,false,0,f2d1bf7-dirty
compile,1,151936,100,0.9,bfloat16,hot,n/a,160.036,159.600,160.465,160.030,0.371,5,717,71,303872,0.550,0.003438,false,0,f2d1bf7-dirty
graph_eager,1,151936,100,0.9,bfloat16,hot,n/a,81.879,81.828,81.926,81.881,0.045,5,1468,146,303872,0.550,0.006721,false,0,f2d1bf7-dirty
graph_compile,1,151936,100,0.9,bfloat16,hot,n/a,88.115,87.924,88.127,88.067,0.103,5,1398,139,303872,0.550,0.006245,false,0,f2d1bf7-dirty
hf_eager,32,151936,100,0.9,bfloat16,hot,n/a,2208.489,2195.178,2214.527,2206.706,8.736,5,54,10,9723904,17.609,0.007973,false,0,f2d1bf7-dirty
ref_eager_fullsort,32,151936,100,0.9,bfloat16,hot,n/a,1534.660,1533.809,1535.246,1534.582,0.622,5,78,10,9723904,17.609,0.011474,false,0,f2d1bf7-dirty
tight_eager,32,151936,100,0.9,bfloat16,hot,n/a,218.252,217.781,220.393,218.778,1.210,5,539,53,9723904,17.609,0.080682,false,0,f2d1bf7-dirty
flashinfer,32,151936,100,0.9,bfloat16,hot,n/a,177.554,174.328,177.629,176.680,1.705,5,705,70,9723904,17.609,0.099175,false,0,f2d1bf7-dirty
flashinfer_from_probs,32,151936,100,0.9,bfloat16,hot,n/a,102.985,102.949,103.011,102.982,0.027,5,1141,114,19447808,35.218,0.341972,false,0,f2d1bf7-dirty
compile,32,151936,100,0.9,bfloat16,hot,n/a,216.554,215.293,217.178,216.339,0.846,5,552,55,9723904,17.609,0.081314,false,0,f2d1bf7-dirty
graph_eager,32,151936,100,0.9,bfloat16,hot,n/a,167.923,165.830,167.966,167.355,1.106,5,733,73,9723904,17.609,0.104863,false,0,f2d1bf7-dirty
graph_compile,32,151936,100,0.9,bfloat16,hot,n/a,168.002,167.527,168.030,167.887,0.264,5,711,71,9723904,17.609,0.104814,false,0,f2d1bf7-dirty
hf_eager,1,151936,100,0.95,bfloat16,hot,n/a,327.092,326.782,327.440,327.098,0.284,5,366,36,303872,0.550,0.001682,false,0,f2d1bf7-dirty
ref_eager_fullsort,1,151936,100,0.95,bfloat16,hot,n/a,138.624,138.420,138.962,138.682,0.242,5,841,84,303872,0.550,0.003970,false,0,f2d1bf7-dirty
tight_eager,1,151936,100,0.95,bfloat16,hot,n/a,137.038,136.787,137.107,136.964,0.150,5,866,86,303872,0.550,0.004016,false,0,f2d1bf7-dirty
flashinfer,1,151936,100,0.95,bfloat16,hot,n/a,84.288,84.188,84.342,84.276,0.068,5,1366,136,303872,0.550,0.006529,false,0,f2d1bf7-dirty
flashinfer_from_probs,1,151936,100,0.95,bfloat16,hot,n/a,72.891,72.843,72.946,72.890,0.046,5,1517,151,607744,1.101,0.015099,false,0,f2d1bf7-dirty
compile,1,151936,100,0.95,bfloat16,hot,n/a,160.042,159.682,160.333,160.015,0.283,5,726,72,303872,0.550,0.003438,false,0,f2d1bf7-dirty
graph_eager,1,151936,100,0.95,bfloat16,hot,n/a,81.802,81.736,81.893,81.807,0.070,5,1462,146,303872,0.550,0.006727,false,0,f2d1bf7-dirty
graph_compile,1,151936,100,0.95,bfloat16,hot,n/a,82.068,81.903,82.109,82.034,0.096,5,1463,146,303872,0.550,0.006705,false,0,f2d1bf7-dirty
hf_eager,32,151936,100,0.95,bfloat16,hot,n/a,2183.739,2171.164,2185.269,2180.768,6.960,5,55,10,9723904,17.609,0.008064,false,0,f2d1bf7-dirty
ref_eager_fullsort,32,151936,100,0.95,bfloat16,hot,n/a,1534.815,1534.262,1535.773,1534.933,0.658,5,78,10,9723904,17.609,0.011473,false,0,f2d1bf7-dirty
tight_eager,32,151936,100,0.95,bfloat16,hot,n/a,217.730,217.375,219.542,218.168,1.012,5,538,53,9723904,17.609,0.080875,false,0,f2d1bf7-dirty
flashinfer,32,151936,100,0.95,bfloat16,hot,n/a,177.176,174.185,177.196,176.375,1.597,5,706,70,9723904,17.609,0.099386,false,0,f2d1bf7-dirty
flashinfer_from_probs,32,151936,100,0.95,bfloat16,hot,n/a,102.309,102.289,102.369,102.325,0.037,5,1161,116,19447808,35.218,0.344232,false,0,f2d1bf7-dirty
compile,32,151936,100,0.95,bfloat16,hot,n/a,218.705,216.701,219.177,218.264,1.165,5,543,54,9723904,17.609,0.080514,false,0,f2d1bf7-dirty
graph_eager,32,151936,100,0.95,bfloat16,hot,n/a,167.931,165.802,168.160,167.437,1.187,5,736,73,9723904,17.609,0.104858,false,0,f2d1bf7-dirty
graph_compile,32,151936,100,0.95,bfloat16,hot,n/a,172.455,168.953,172.861,171.645,1.952,5,691,69,9723904,17.609,0.102107,false,0,f2d1bf7-dirty
ref_eager_fullsort,1,151936,50,0.9,float16,hot,n/a,141.842,141.333,141.906,141.666,0.292,5,834,83,303872,0.550,0.003880,false,1,f2d1bf7-dirty
tight_eager,1,151936,50,0.9,float16,hot,n/a,136.510,134.754,146.004,138.384,5.614,5,863,86,303872,0.550,0.004031,false,1,f2d1bf7-dirty
flashinfer,1,151936,50,0.9,float16,hot,n/a,83.971,83.898,84.014,83.958,0.051,5,1330,133,303872,0.550,0.006553,false,1,f2d1bf7-dirty
flashinfer_from_probs,1,151936,50,0.9,float16,hot,n/a,72.720,72.445,73.008,72.701,0.247,5,1464,146,607744,1.101,0.015134,false,1,f2d1bf7-dirty
compile,1,151936,50,0.9,float16,hot,n/a,157.279,157.144,157.735,157.368,0.272,5,729,72,303872,0.550,0.003499,false,1,f2d1bf7-dirty
graph_eager,1,151936,50,0.9,float16,hot,n/a,81.541,81.160,81.551,81.443,0.207,5,1468,146,303872,0.550,0.006748,false,1,f2d1bf7-dirty
graph_compile,1,151936,50,0.9,float16,hot,n/a,71.742,71.696,71.831,71.761,0.059,5,1665,166,303872,0.550,0.007670,false,1,f2d1bf7-dirty
hf_eager,1,151936,50,0.9,float16,hot,n/a,325.156,324.691,325.536,325.123,0.384,5,366,36,303872,0.550,0.001692,false,1,f2d1bf7-dirty
ref_eager_fullsort,4,151936,50,0.9,float16,hot,n/a,236.799,235.545,236.946,236.499,0.690,5,505,50,1215488,2.201,0.009295,false,1,f2d1bf7-dirty
tight_eager,4,151936,50,0.9,float16,hot,n/a,163.612,163.274,163.739,163.573,0.222,5,727,72,1215488,2.201,0.013453,false,1,f2d1bf7-dirty
flashinfer,4,151936,50,0.9,float16,hot,n/a,85.331,85.255,85.356,85.320,0.048,5,1340,134,1215488,2.201,0.025795,false,1,f2d1bf7-dirty
flashinfer_from_probs,4,151936,50,0.9,float16,hot,n/a,73.143,72.971,73.452,73.204,0.230,5,1506,150,2430976,4.402,0.060187,false,1,f2d1bf7-dirty
compile,4,151936,50,0.9,float16,hot,n/a,150.728,150.590,150.935,150.742,0.155,5,748,74,1215488,2.201,0.014603,false,1,f2d1bf7-dirty
graph_eager,4,151936,50,0.9,float16,hot,n/a,104.728,104.415,104.804,104.666,0.185,5,1158,115,1215488,2.201,0.021017,false,1,f2d1bf7-dirty
graph_compile,4,151936,50,0.9,float16,hot,n/a,95.052,94.987,95.075,95.043,0.042,5,1264,126,1215488,2.201,0.023157,false,1,f2d1bf7-dirty
hf_eager,4,151936,50,0.9,float16,hot,n/a,596.535,596.095,596.655,596.413,0.261,5,199,19,1215488,2.201,0.003690,false,1,f2d1bf7-dirty
ref_eager_fullsort,8,151936,50,0.9,float16,hot,n/a,354.377,346.996,355.159,352.646,4.099,5,349,34,2430976,4.402,0.012422,false,1,f2d1bf7-dirty
tight_eager,8,151936,50,0.9,float16,hot,n/a,166.303,166.264,166.879,166.473,0.296,5,711,71,2430976,4.402,0.026471,false,1,f2d1bf7-dirty
flashinfer,8,151936,50,0.9,float16,hot,n/a,90.556,90.527,90.627,90.571,0.046,5,1291,129,2430976,4.402,0.048614,false,1,f2d1bf7-dirty
flashinfer_from_probs,8,151936,50,0.9,float16,hot,n/a,73.878,73.821,74.149,73.964,0.164,5,1510,151,4861952,8.804,0.119176,false,1,f2d1bf7-dirty
compile,8,151936,50,0.9,float16,hot,n/a,152.110,151.567,152.462,152.052,0.390,5,739,73,2430976,4.402,0.028941,false,1,f2d1bf7-dirty
graph_eager,8,151936,50,0.9,float16,hot,n/a,107.962,107.818,108.107,107.981,0.132,5,1117,111,2430976,4.402,0.040776,false,1,f2d1bf7-dirty
graph_compile,8,151936,50,0.9,float16,hot,n/a,102.779,102.752,102.792,102.775,0.017,5,1174,117,2430976,4.402,0.042832,false,1,f2d1bf7-dirty
hf_eager,8,151936,50,0.9,float16,hot,n/a,704.098,701.262,719.905,707.292,9.242,5,163,16,2430976,4.402,0.006252,false,1,f2d1bf7-dirty
ref_eager_fullsort,16,151936,50,0.9,float16,hot,n/a,696.792,683.171,698.146,693.280,7.325,5,180,18,4861952,8.804,0.012636,false,1,f2d1bf7-dirty
tight_eager,16,151936,50,0.9,float16,hot,n/a,182.001,181.863,182.711,182.140,0.417,5,650,65,4861952,8.804,0.048376,false,1,f2d1bf7-dirty
flashinfer,16,151936,50,0.9,float16,hot,n/a,115.040,115.032,115.068,115.048,0.017,5,1046,104,4861952,8.804,0.076534,false,1,f2d1bf7-dirty
flashinfer_from_probs,16,151936,50,0.9,float16,hot,n/a,74.182,74.119,74.479,74.265,0.167,5,1516,151,9723904,17.609,0.237375,false,1,f2d1bf7-dirty
compile,16,151936,50,0.9,float16,hot,n/a,157.637,157.550,157.932,157.710,0.171,5,733,73,4861952,8.804,0.055853,false,1,f2d1bf7-dirty
graph_eager,16,151936,50,0.9,float16,hot,n/a,122.249,121.770,122.278,122.128,0.260,5,991,99,4861952,8.804,0.072021,false,1,f2d1bf7-dirty
graph_compile,16,151936,50,0.9,float16,hot,n/a,109.688,109.601,109.698,109.663,0.046,5,1086,108,4861952,8.804,0.080268,false,1,f2d1bf7-dirty
hf_eager,16,151936,50,0.9,float16,hot,n/a,1185.836,1185.710,1188.317,1186.528,1.292,5,100,10,4861952,8.804,0.007425,false,1,f2d1bf7-dirty
ref_eager_fullsort,32,151936,50,0.9,float16,hot,n/a,1538.942,1537.574,1539.891,1538.845,1.006,5,78,10,9723904,17.609,0.011442,false,1,f2d1bf7-dirty
tight_eager,32,151936,50,0.9,float16,hot,n/a,219.024,218.940,219.590,219.151,0.319,5,542,54,9723904,17.609,0.080397,false,1,f2d1bf7-dirty
flashinfer,32,151936,50,0.9,float16,hot,n/a,176.320,173.994,176.628,175.776,1.293,5,697,69,9723904,17.609,0.099869,false,1,f2d1bf7-dirty
flashinfer_from_probs,32,151936,50,0.9,float16,hot,n/a,101.222,101.203,101.254,101.227,0.022,5,1170,117,19447808,35.218,0.347928,false,1,f2d1bf7-dirty
compile,32,151936,50,0.9,float16,hot,n/a,191.105,189.196,191.705,190.756,1.156,5,622,62,9723904,17.609,0.092143,false,1,f2d1bf7-dirty
graph_eager,32,151936,50,0.9,float16,hot,n/a,166.877,166.482,166.958,166.795,0.228,5,724,72,9723904,17.609,0.105521,false,1,f2d1bf7-dirty
graph_compile,32,151936,50,0.9,float16,hot,n/a,151.076,150.731,151.130,151.001,0.198,5,791,79,9723904,17.609,0.116557,false,1,f2d1bf7-dirty
hf_eager,32,151936,50,0.9,float16,hot,n/a,2193.579,2193.264,2193.726,2193.513,0.202,5,54,10,9723904,17.609,0.008027,false,1,f2d1bf7-dirty
ref_eager_fullsort,1,151936,50,0.9,float16,cold,rotate,141.605,141.376,141.675,141.538,0.138,5,821,82,303872,0.550,0.003886,false,1,f2d1bf7-dirty
tight_eager,1,151936,50,0.9,float16,cold,rotate,137.916,137.586,138.210,137.910,0.278,5,842,84,303872,0.550,0.003990,false,1,f2d1bf7-dirty
flashinfer,1,151936,50,0.9,float16,cold,rotate,84.295,84.187,84.315,84.265,0.058,5,1321,132,303872,0.550,0.006528,false,1,f2d1bf7-dirty
flashinfer_from_probs,1,151936,50,0.9,float16,cold,rotate,74.409,74.356,74.570,74.454,0.102,5,1467,146,607744,1.101,0.014791,false,1,f2d1bf7-dirty
compile,1,151936,50,0.9,float16,cold,rotate,161.888,161.649,162.710,162.043,0.499,5,704,70,303872,0.550,0.003399,false,1,f2d1bf7-dirty
graph_eager,1,151936,50,0.9,float16,cold,rotate_into_static,82.911,82.894,82.981,82.924,0.042,5,1428,142,303872,0.550,0.006637,false,1,f2d1bf7-dirty
graph_compile,1,151936,50,0.9,float16,cold,rotate_into_static,73.442,73.422,74.349,73.668,0.504,5,1519,151,303872,0.550,0.007493,false,1,f2d1bf7-dirty
hf_eager,1,151936,50,0.9,float16,cold,rotate,325.642,325.076,325.771,325.523,0.328,5,365,36,303872,0.550,0.001690,false,1,f2d1bf7-dirty
ref_eager_fullsort,4,151936,50,0.9,float16,cold,rotate,239.098,237.740,239.337,238.796,0.769,5,498,49,1215488,2.201,0.009206,false,1,f2d1bf7-dirty
tight_eager,4,151936,50,0.9,float16,cold,rotate,165.776,165.757,165.871,165.793,0.057,5,719,71,1215488,2.201,0.013278,false,1,f2d1bf7-dirty
flashinfer,4,151936,50,0.9,float16,cold,rotate,87.379,87.324,87.388,87.364,0.030,5,1343,134,1215488,2.201,0.025191,false,1,f2d1bf7-dirty
flashinfer_from_probs,4,151936,50,0.9,float16,cold,rotate,74.233,73.968,74.414,74.217,0.198,5,1463,146,2430976,4.402,0.059303,false,1,f2d1bf7-dirty
compile,4,151936,50,0.9,float16,cold,rotate,152.682,152.225,152.923,152.607,0.305,5,745,74,1215488,2.201,0.014416,false,1,f2d1bf7-dirty
graph_eager,4,151936,50,0.9,float16,cold,rotate_into_static,109.460,109.311,109.516,109.443,0.099,5,1102,110,1215488,2.201,0.020109,false,1,f2d1bf7-dirty
graph_compile,4,151936,50,0.9,float16,cold,rotate_into_static,100.955,100.941,100.984,100.960,0.019,5,1178,117,1215488,2.201,0.021803,false,1,f2d1bf7-dirty
hf_eager,4,151936,50,0.9,float16,cold,rotate,598.401,598.176,598.495,598.370,0.144,5,198,19,1215488,2.201,0.003678,false,1,f2d1bf7-dirty
ref_eager_fullsort,8,151936,50,0.9,float16,cold,rotate,354.527,347.644,355.141,352.882,3.808,5,349,34,2430976,4.402,0.012417,false,1,f2d1bf7-dirty
tight_eager,8,151936,50,0.9,float16,cold,rotate,169.474,169.268,169.595,169.452,0.146,5,700,70,2430976,4.402,0.025976,false,1,f2d1bf7-dirty
flashinfer,8,151936,50,0.9,float16,cold,rotate,92.840,92.779,92.869,92.827,0.039,5,1247,124,2430976,4.402,0.047417,false,1,f2d1bf7-dirty
flashinfer_from_probs,8,151936,50,0.9,float16,cold,rotate,74.708,74.461,74.854,74.685,0.174,5,1476,147,4861952,8.804,0.117852,false,1,f2d1bf7-dirty
compile,8,151936,50,0.9,float16,cold,rotate,153.460,153.224,153.721,153.471,0.216,5,713,71,2430976,4.402,0.028687,false,1,f2d1bf7-dirty
graph_eager,8,151936,50,0.9,float16,cold,rotate_into_static,115.237,114.973,115.367,115.207,0.178,5,1036,103,2430976,4.402,0.038202,false,1,f2d1bf7-dirty
graph_compile,8,151936,50,0.9,float16,cold,rotate_into_static,105.763,105.704,105.840,105.773,0.063,5,1121,112,2430976,4.402,0.041623,false,1,f2d1bf7-dirty
hf_eager,8,151936,50,0.9,float16,cold,rotate,704.142,702.112,710.481,705.443,3.766,5,167,16,2430976,4.402,0.006252,false,1,f2d1bf7-dirty
ref_eager_fullsort,16,151936,50,0.9,float16,cold,rotate,696.872,682.702,697.931,693.169,7.566,5,181,18,4861952,8.804,0.012634,false,1,f2d1bf7-dirty
tight_eager,16,151936,50,0.9,float16,cold,rotate,186.889,186.687,187.142,186.889,0.206,5,635,63,4861952,8.804,0.047111,false,1,f2d1bf7-dirty
flashinfer,16,151936,50,0.9,float16,cold,rotate,119.179,119.128,119.210,119.170,0.038,5,1010,101,4861952,8.804,0.073876,false,1,f2d1bf7-dirty
flashinfer_from_probs,16,151936,50,0.9,float16,cold,rotate,78.336,78.294,78.358,78.328,0.028,5,1472,147,9723904,17.609,0.224787,false,1,f2d1bf7-dirty
compile,16,151936,50,0.9,float16,cold,rotate,159.864,159.492,159.975,159.802,0.230,5,718,71,4861952,8.804,0.055075,false,1,f2d1bf7-dirty
graph_eager,16,151936,50,0.9,float16,cold,rotate_into_static,132.174,131.787,132.242,132.092,0.227,5,907,90,4861952,8.804,0.066613,false,1,f2d1bf7-dirty
graph_compile,16,151936,50,0.9,float16,cold,rotate_into_static,119.374,119.318,119.409,119.368,0.040,5,996,99,4861952,8.804,0.073755,false,1,f2d1bf7-dirty
hf_eager,16,151936,50,0.9,float16,cold,rotate,1153.736,1153.428,1155.061,1154.039,0.761,5,103,10,4861952,8.804,0.007631,false,1,f2d1bf7-dirty
ref_eager_fullsort,32,151936,50,0.9,float16,cold,rotate,1542.016,1541.595,1542.581,1542.059,0.462,5,78,10,9723904,17.609,0.011419,false,1,f2d1bf7-dirty
tight_eager,32,151936,50,0.9,float16,cold,rotate,229.064,229.026,229.991,229.318,0.486,5,517,51,9723904,17.609,0.076873,false,1,f2d1bf7-dirty
flashinfer,32,151936,50,0.9,float16,cold,rotate,193.470,192.407,193.558,193.213,0.587,5,633,63,9723904,17.609,0.091016,false,1,f2d1bf7-dirty
flashinfer_from_probs,32,151936,50,0.9,float16,cold,rotate,127.677,127.658,127.720,127.686,0.028,5,924,92,19447808,35.218,0.275835,false,1,f2d1bf7-dirty
compile,32,151936,50,0.9,float16,cold,rotate,196.270,193.508,196.534,195.547,1.476,5,610,61,9723904,17.609,0.089718,false,1,f2d1bf7-dirty
graph_eager,32,151936,50,0.9,float16,cold,rotate_into_static,191.559,191.162,191.592,191.462,0.218,5,628,62,9723904,17.609,0.091924,false,1,f2d1bf7-dirty
graph_compile,32,151936,50,0.9,float16,cold,rotate_into_static,174.447,174.243,174.467,174.403,0.118,5,691,69,9723904,17.609,0.100942,false,1,f2d1bf7-dirty
hf_eager,32,151936,50,0.9,float16,cold,rotate,2189.912,2188.982,2190.428,2189.726,0.632,5,54,10,9723904,17.609,0.008041,false,1,f2d1bf7-dirty
ref_eager_fullsort,1,151936,50,0.9,bfloat16,hot,n/a,138.781,138.308,138.827,138.609,0.264,5,841,84,303872,0.550,0.003965,false,1,f2d1bf7-dirty
tight_eager,1,151936,50,0.9,bfloat16,hot,n/a,136.830,136.461,137.035,136.785,0.257,5,862,86,303872,0.550,0.004022,false,1,f2d1bf7-dirty
flashinfer,1,151936,50,0.9,bfloat16,hot,n/a,84.094,83.959,84.130,84.063,0.077,5,1352,135,303872,0.550,0.006544,false,1,f2d1bf7-dirty
flashinfer_from_probs,1,151936,50,0.9,bfloat16,hot,n/a,72.611,72.546,72.812,72.645,0.124,5,1540,154,607744,1.101,0.015157,false,1,f2d1bf7-dirty
compile,1,151936,50,0.9,bfloat16,hot,n/a,157.621,157.381,158.250,157.720,0.395,5,719,71,303872,0.550,0.003491,false,1,f2d1bf7-dirty
graph_eager,1,151936,50,0.9,bfloat16,hot,n/a,81.723,81.412,81.845,81.664,0.192,5,1474,147,303872,0.550,0.006733,false,1,f2d1bf7-dirty
graph_compile,1,151936,50,0.9,bfloat16,hot,n/a,72.274,72.244,72.338,72.283,0.043,5,1666,166,303872,0.550,0.007614,false,1,f2d1bf7-dirty
hf_eager,1,151936,50,0.9,bfloat16,hot,n/a,325.064,324.889,325.609,325.208,0.361,5,367,36,303872,0.550,0.001693,false,1,f2d1bf7-dirty
ref_eager_fullsort,4,151936,50,0.9,bfloat16,hot,n/a,231.145,230.815,231.176,231.069,0.187,5,514,51,1215488,2.201,0.009523,false,1,f2d1bf7-dirty
tight_eager,4,151936,50,0.9,bfloat16,hot,n/a,164.323,164.250,164.460,164.343,0.096,5,725,72,1215488,2.201,0.013395,false,1,f2d1bf7-dirty
flashinfer,4,151936,50,0.9,bfloat16,hot,n/a,85.504,85.480,85.639,85.540,0.075,5,1331,133,1215488,2.201,0.025743,false,1,f2d1bf7-dirty
flashinfer_from_probs,4,151936,50,0.9,bfloat16,hot,n/a,72.715,72.621,72.844,72.724,0.097,5,1523,152,2430976,4.402,0.060541,false,1,f2d1bf7-dirty
compile,4,151936,50,0.9,bfloat16,hot,n/a,151.088,150.837,151.292,151.054,0.211,5,743,74,1215488,2.201,0.014568,false,1,f2d1bf7-dirty
graph_eager,4,151936,50,0.9,bfloat16,hot,n/a,105.621,105.152,105.651,105.503,0.255,5,1145,114,1215488,2.201,0.020840,false,1,f2d1bf7-dirty
graph_compile,4,151936,50,0.9,bfloat16,hot,n/a,95.081,95.045,95.085,95.070,0.019,5,1264,126,1215488,2.201,0.023150,false,1,f2d1bf7-dirty
hf_eager,4,151936,50,0.9,bfloat16,hot,n/a,598.093,597.914,598.564,598.180,0.298,5,199,19,1215488,2.201,0.003680,false,1,f2d1bf7-dirty
ref_eager_fullsort,8,151936,50,0.9,bfloat16,hot,n/a,346.278,336.937,347.360,343.976,5.098,5,358,35,2430976,4.402,0.012713,false,1,f2d1bf7-dirty
tight_eager,8,151936,50,0.9,bfloat16,hot,n/a,168.230,168.054,168.514,168.253,0.205,5,698,69,2430976,4.402,0.026168,false,1,f2d1bf7-dirty
flashinfer,8,151936,50,0.9,bfloat16,hot,n/a,90.996,90.971,91.071,91.018,0.047,5,1317,131,2430976,4.402,0.048378,false,1,f2d1bf7-dirty
flashinfer_from_probs,8,151936,50,0.9,bfloat16,hot,n/a,73.772,73.691,73.900,73.789,0.102,5,1496,149,4861952,8.804,0.119346,false,1,f2d1bf7-dirty
compile,8,151936,50,0.9,bfloat16,hot,n/a,151.613,151.409,151.763,151.596,0.153,5,743,74,2430976,4.402,0.029036,false,1,f2d1bf7-dirty
graph_eager,8,151936,50,0.9,bfloat16,hot,n/a,108.264,107.893,108.342,108.180,0.210,5,1119,111,2430976,4.402,0.040662,false,1,f2d1bf7-dirty
graph_compile,8,151936,50,0.9,bfloat16,hot,n/a,102.746,102.714,102.762,102.743,0.022,5,1181,118,2430976,4.402,0.042846,false,1,f2d1bf7-dirty
hf_eager,8,151936,50,0.9,bfloat16,hot,n/a,722.096,718.607,728.189,722.894,4.165,5,163,16,2430976,4.402,0.006096,false,1,f2d1bf7-dirty
ref_eager_fullsort,16,151936,50,0.9,bfloat16,hot,n/a,707.314,694.966,707.724,703.876,6.432,5,176,17,4861952,8.804,0.012448,false,1,f2d1bf7-dirty
tight_eager,16,151936,50,0.9,bfloat16,hot,n/a,182.370,181.978,182.671,182.356,0.301,5,656,65,4861952,8.804,0.048278,false,1,f2d1bf7-dirty
flashinfer,16,151936,50,0.9,bfloat16,hot,n/a,114.949,114.900,115.248,115.011,0.174,5,1046,104,4861952,8.804,0.076594,false,1,f2d1bf7-dirty
flashinfer_from_probs,16,151936,50,0.9,bfloat16,hot,n/a,73.499,73.238,73.592,73.454,0.164,5,1486,148,9723904,17.609,0.239580,false,1,f2d1bf7-dirty
compile,16,151936,50,0.9,bfloat16,hot,n/a,182.800,181.705,183.409,182.727,0.776,5,661,66,4861952,8.804,0.048164,false,1,f2d1bf7-dirty
graph_eager,16,151936,50,0.9,bfloat16,hot,n/a,122.172,121.600,122.212,122.019,0.303,5,991,99,4861952,8.804,0.072066,false,1,f2d1bf7-dirty
graph_compile,16,151936,50,0.9,bfloat16,hot,n/a,122.210,122.103,122.268,122.206,0.078,5,977,97,4861952,8.804,0.072044,false,1,f2d1bf7-dirty
hf_eager,16,151936,50,0.9,bfloat16,hot,n/a,1187.756,1187.275,1190.142,1188.311,1.339,5,100,10,4861952,8.804,0.007413,false,1,f2d1bf7-dirty
ref_eager_fullsort,32,151936,50,0.9,bfloat16,hot,n/a,1538.043,1537.038,1538.423,1537.838,0.613,5,78,10,9723904,17.609,0.011449,false,1,f2d1bf7-dirty
tight_eager,32,151936,50,0.9,bfloat16,hot,n/a,220.468,219.750,220.925,220.348,0.543,5,536,53,9723904,17.609,0.079871,false,1,f2d1bf7-dirty
flashinfer,32,151936,50,0.9,bfloat16,hot,n/a,177.312,175.538,177.358,176.847,0.952,5,696,69,9723904,17.609,0.099310,false,1,f2d1bf7-dirty
flashinfer_from_probs,32,151936,50,0.9,bfloat16,hot,n/a,101.238,101.226,101.327,101.257,0.052,5,1171,117,19447808,35.218,0.347873,false,1,f2d1bf7-dirty
compile,32,151936,50,0.9,bfloat16,hot,n/a,220.605,217.816,220.840,219.865,1.483,5,548,54,9723904,17.609,0.079821,false,1,f2d1bf7-dirty
graph_eager,32,151936,50,0.9,bfloat16,hot,n/a,168.059,165.704,168.100,167.421,1.245,5,733,73,9723904,17.609,0.104778,false,1,f2d1bf7-dirty
graph_compile,32,151936,50,0.9,bfloat16,hot,n/a,168.089,167.855,168.109,168.037,0.134,5,714,71,9723904,17.609,0.104760,false,1,f2d1bf7-dirty
hf_eager,32,151936,50,0.9,bfloat16,hot,n/a,2193.403,2192.920,2193.731,2193.365,0.356,5,54,10,9723904,17.609,0.008028,false,1,f2d1bf7-dirty
ref_eager_fullsort,1,151936,50,0.9,bfloat16,cold,rotate,139.482,139.335,139.849,139.527,0.239,5,829,82,303872,0.550,0.003945,false,1,f2d1bf7-dirty
tight_eager,1,151936,50,0.9,bfloat16,cold,rotate,136.376,135.921,136.592,136.285,0.295,5,857,85,303872,0.550,0.004035,false,1,f2d1bf7-dirty
flashinfer,1,151936,50,0.9,bfloat16,cold,rotate,83.816,83.634,84.120,83.880,0.228,5,1332,133,303872,0.550,0.006565,false,1,f2d1bf7-dirty
flashinfer_from_probs,1,151936,50,0.9,bfloat16,cold,rotate,74.155,73.988,74.217,74.107,0.108,5,1462,146,607744,1.101,0.014841,false,1,f2d1bf7-dirty
compile,1,151936,50,0.9,bfloat16,cold,rotate,160.901,160.512,161.309,160.899,0.369,5,712,71,303872,0.550,0.003420,false,1,f2d1bf7-dirty
graph_eager,1,151936,50,0.9,bfloat16,cold,rotate_into_static,83.029,83.005,83.052,83.030,0.021,5,1419,141,303872,0.550,0.006628,false,1,f2d1bf7-dirty
graph_compile,1,151936,50,0.9,bfloat16,cold,rotate_into_static,78.177,74.222,78.204,77.154,2.155,5,1505,150,303872,0.550,0.007039,false,1,f2d1bf7-dirty
hf_eager,1,151936,50,0.9,bfloat16,cold,rotate,325.505,325.135,325.879,325.500,0.343,5,367,36,303872,0.550,0.001691,false,1,f2d1bf7-dirty
ref_eager_fullsort,4,151936,50,0.9,bfloat16,cold,rotate,232.794,232.347,233.010,232.730,0.293,5,513,51,1215488,2.201,0.009455,false,1,f2d1bf7-dirty
tight_eager,4,151936,50,0.9,bfloat16,cold,rotate,165.688,165.676,165.773,165.716,0.049,5,725,72,1215488,2.201,0.013285,false,1,f2d1bf7-dirty
flashinfer,4,151936,50,0.9,bfloat16,cold,rotate,87.339,87.276,87.358,87.326,0.037,5,1338,133,1215488,2.201,0.025202,false,1,f2d1bf7-dirty
flashinfer_from_probs,4,151936,50,0.9,bfloat16,cold,rotate,73.679,73.418,74.046,73.687,0.279,5,1510,151,2430976,4.402,0.059748,false,1,f2d1bf7-dirty
compile,4,151936,50,0.9,bfloat16,cold,rotate,151.299,151.112,151.742,151.368,0.283,5,750,75,1215488,2.201,0.014548,false,1,f2d1bf7-dirty
graph_eager,4,151936,50,0.9,bfloat16,cold,rotate_into_static,110.997,110.397,111.083,110.861,0.336,5,1094,109,1215488,2.201,0.019830,false,1,f2d1bf7-dirty
graph_compile,4,151936,50,0.9,bfloat16,cold,rotate_into_static,100.984,100.939,100.998,100.971,0.028,5,1182,118,1215488,2.201,0.021797,false,1,f2d1bf7-dirty
hf_eager,4,151936,50,0.9,bfloat16,cold,rotate,598.775,598.648,599.070,598.803,0.199,5,198,19,1215488,2.201,0.003676,false,1,f2d1bf7-dirty
ref_eager_fullsort,8,151936,50,0.9,bfloat16,cold,rotate,344.946,336.172,346.202,342.801,4.827,5,362,36,2430976,4.402,0.012762,false,1,f2d1bf7-dirty
tight_eager,8,151936,50,0.9,bfloat16,cold,rotate,169.738,169.592,169.756,169.701,0.079,5,703,70,2430976,4.402,0.025935,false,1,f2d1bf7-dirty
flashinfer,8,151936,50,0.9,bfloat16,cold,rotate,93.004,92.957,93.070,93.005,0.051,5,1276,127,2430976,4.402,0.047334,false,1,f2d1bf7-dirty
flashinfer_from_probs,8,151936,50,0.9,bfloat16,cold,rotate,74.232,73.971,74.532,74.242,0.249,5,1486,148,4861952,8.804,0.118607,false,1,f2d1bf7-dirty
compile,8,151936,50,0.9,bfloat16,cold,rotate,152.682,152.567,152.909,152.723,0.149,5,739,73,2430976,4.402,0.028833,false,1,f2d1bf7-dirty
graph_eager,8,151936,50,0.9,bfloat16,cold,rotate_into_static,116.180,115.937,116.267,116.128,0.147,5,1025,102,2430976,4.402,0.037892,false,1,f2d1bf7-dirty
graph_compile,8,151936,50,0.9,bfloat16,cold,rotate_into_static,106.039,105.942,106.121,106.037,0.078,5,1102,110,2430976,4.402,0.041515,false,1,f2d1bf7-dirty
hf_eager,8,151936,50,0.9,bfloat16,cold,rotate,705.043,703.436,711.604,706.406,3.809,5,166,16,2430976,4.402,0.006244,false,1,f2d1bf7-dirty
ref_eager_fullsort,16,151936,50,0.9,bfloat16,cold,rotate,704.259,691.593,705.025,700.956,6.769,5,177,17,4861952,8.804,0.012502,false,1,f2d1bf7-dirty
tight_eager,16,151936,50,0.9,bfloat16,cold,rotate,187.529,187.292,187.856,187.555,0.255,5,633,63,4861952,8.804,0.046950,false,1,f2d1bf7-dirty
flashinfer,16,151936,50,0.9,bfloat16,cold,rotate,119.097,119.072,119.667,119.238,0.315,5,987,98,4861952,8.804,0.073927,false,1,f2d1bf7-dirty
flashinfer_from_probs,16,151936,50,0.9,bfloat16,cold,rotate,78.329,78.285,78.349,78.319,0.028,5,1470,147,9723904,17.609,0.224808,false,1,f2d1bf7-dirty
compile,16,151936,50,0.9,bfloat16,cold,rotate,187.239,185.825,187.363,186.910,0.795,5,640,64,4861952,8.804,0.047023,false,1,f2d1bf7-dirty
graph_eager,16,151936,50,0.9,bfloat16,cold,rotate_into_static,132.264,131.741,132.505,132.187,0.340,5,910,91,4861952,8.804,0.066567,false,1,f2d1bf7-dirty
graph_compile,16,151936,50,0.9,bfloat16,cold,rotate_into_static,132.342,132.204,132.387,132.321,0.087,5,900,90,4861952,8.804,0.066528,false,1,f2d1bf7-dirty
hf_eager,16,151936,50,0.9,bfloat16,cold,rotate,1153.992,1153.647,1155.848,1154.406,1.051,5,103,10,4861952,8.804,0.007630,false,1,f2d1bf7-dirty
ref_eager_fullsort,32,151936,50,0.9,bfloat16,cold,rotate,1537.129,1536.847,1537.349,1537.075,0.229,5,78,10,9723904,17.609,0.011456,false,1,f2d1bf7-dirty
tight_eager,32,151936,50,0.9,bfloat16,cold,rotate,229.954,229.630,231.123,230.164,0.705,5,511,51,9723904,17.609,0.076576,false,1,f2d1bf7-dirty
flashinfer,32,151936,50,0.9,bfloat16,cold,rotate,193.696,192.354,193.733,193.312,0.692,5,632,63,9723904,17.609,0.090910,false,1,f2d1bf7-dirty
flashinfer_from_probs,32,151936,50,0.9,bfloat16,cold,rotate,127.705,127.658,127.727,127.696,0.033,5,921,92,19447808,35.218,0.275776,false,1,f2d1bf7-dirty
compile,32,151936,50,0.9,bfloat16,cold,rotate,229.745,227.388,230.145,229.244,1.351,5,526,52,9723904,17.609,0.076646,false,1,f2d1bf7-dirty
graph_eager,32,151936,50,0.9,bfloat16,cold,rotate_into_static,192.176,189.983,192.309,191.630,1.196,5,644,64,9723904,17.609,0.091629,false,1,f2d1bf7-dirty
graph_compile,32,151936,50,0.9,bfloat16,cold,rotate_into_static,192.064,191.699,192.178,191.999,0.225,5,624,62,9723904,17.609,0.091682,false,1,f2d1bf7-dirty
hf_eager,32,151936,50,0.9,bfloat16,cold,rotate,2190.767,2190.474,2191.545,2190.912,0.479,5,54,10,9723904,17.609,0.008038,false,1,f2d1bf7-dirty
ref_eager_fullsort,1,128256,20,0.9,bfloat16,hot,n/a,135.756,135.599,136.149,135.842,0.241,5,852,85,256512,0.465,0.003422,false,1,f2d1bf7-dirty
tight_eager,1,128256,20,0.9,bfloat16,hot,n/a,134.138,133.759,134.257,134.052,0.222,5,875,87,256512,0.465,0.003463,false,1,f2d1bf7-dirty
flashinfer,1,128256,20,0.9,bfloat16,hot,n/a,82.001,81.941,82.176,82.035,0.107,5,1363,136,256512,0.465,0.005665,false,1,f2d1bf7-dirty
flashinfer_from_probs,1,128256,20,0.9,bfloat16,hot,n/a,73.123,73.090,73.222,73.144,0.059,5,1525,152,513024,0.929,0.012705,false,1,f2d1bf7-dirty
compile,1,128256,20,0.9,bfloat16,hot,n/a,161.321,160.765,161.572,161.173,0.385,5,724,72,256512,0.465,0.002879,false,1,f2d1bf7-dirty
graph_eager,1,128256,20,0.9,bfloat16,hot,n/a,76.987,76.951,77.023,76.982,0.033,5,1550,155,256512,0.465,0.006034,false,1,f2d1bf7-dirty
graph_compile,1,128256,20,0.9,bfloat16,hot,n/a,77.161,77.142,77.215,77.172,0.032,5,1542,154,256512,0.465,0.006020,false,1,f2d1bf7-dirty
hf_eager,1,128256,20,0.9,bfloat16,hot,n/a,338.217,338.043,338.273,338.166,0.114,5,354,35,256512,0.465,0.001373,false,1,f2d1bf7-dirty
ref_eager_fullsort,32,128256,20,0.9,bfloat16,hot,n/a,1280.194,1264.602,1281.043,1275.948,8.196,5,95,10,8208384,14.864,0.011611,false,1,f2d1bf7-dirty
tight_eager,32,128256,20,0.9,bfloat16,hot,n/a,202.170,202.120,202.810,202.329,0.351,5,585,58,8208384,14.864,0.073525,false,1,f2d1bf7-dirty
flashinfer,32,128256,20,0.9,bfloat16,hot,n/a,141.687,140.582,141.739,141.419,0.616,5,858,85,8208384,14.864,0.104910,false,1,f2d1bf7-dirty
flashinfer_from_probs,32,128256,20,0.9,bfloat16,hot,n/a,84.300,84.277,84.390,84.328,0.055,5,1385,138,16416768,29.729,0.352657,false,1,f2d1bf7-dirty
compile,32,128256,20,0.9,bfloat16,hot,n/a,203.255,202.210,203.428,203.015,0.588,5,586,58,8208384,14.864,0.073132,false,1,f2d1bf7-dirty
graph_eager,32,128256,20,0.9,bfloat16,hot,n/a,150.430,149.297,150.529,150.146,0.614,5,814,81,8208384,14.864,0.098813,false,1,f2d1bf7-dirty
graph_compile,32,128256,20,0.9,bfloat16,hot,n/a,150.631,150.358,150.682,150.578,0.163,5,793,79,8208384,14.864,0.098681,false,1,f2d1bf7-dirty
hf_eager,32,128256,20,0.9,bfloat16,hot,n/a,1836.942,1836.186,1837.061,1836.796,0.449,5,65,10,8208384,14.864,0.008092,false,1,f2d1bf7-dirty
ref_eager_fullsort,1,128256,20,0.95,bfloat16,hot,n/a,136.550,136.232,136.721,136.491,0.244,5,851,85,256512,0.465,0.003402,false,1,f2d1bf7-dirty
tight_eager,1,128256,20,0.95,bfloat16,hot,n/a,133.230,132.972,133.658,133.296,0.296,5,864,86,256512,0.465,0.003487,false,1,f2d1bf7-dirty
flashinfer,1,128256,20,0.95,bfloat16,hot,n/a,81.988,81.793,82.148,81.978,0.154,5,1366,136,256512,0.465,0.005666,false,1,f2d1bf7-dirty
flashinfer_from_probs,1,128256,20,0.95,bfloat16,hot,n/a,72.906,72.774,73.049,72.924,0.123,5,1557,155,513024,0.929,0.012743,false,1,f2d1bf7-dirty
compile,1,128256,20,0.95,bfloat16,hot,n/a,160.850,160.570,161.061,160.801,0.218,5,718,71,256512,0.465,0.002888,false,1,f2d1bf7-dirty
graph_eager,1,128256,20,0.95,bfloat16,hot,n/a,76.932,76.914,76.966,76.936,0.023,5,1538,153,256512,0.465,0.006038,false,1,f2d1bf7-dirty
graph_compile,1,128256,20,0.95,bfloat16,hot,n/a,83.742,83.739,83.766,83.747,0.014,5,1449,144,256512,0.465,0.005547,false,1,f2d1bf7-dirty
hf_eager,1,128256,20,0.95,bfloat16,hot,n/a,347.666,347.563,347.728,347.643,0.077,5,342,34,256512,0.465,0.001336,false,1,f2d1bf7-dirty
ref_eager_fullsort,32,128256,20,0.95,bfloat16,hot,n/a,1280.208,1277.835,1287.381,1281.328,4.516,5,94,10,8208384,14.864,0.011611,false,1,f2d1bf7-dirty
tight_eager,32,128256,20,0.95,bfloat16,hot,n/a,202.076,201.991,202.551,202.186,0.267,5,591,59,8208384,14.864,0.073559,false,1,f2d1bf7-dirty
flashinfer,32,128256,20,0.95,bfloat16,hot,n/a,141.116,139.756,141.128,140.774,0.754,5,869,86,8208384,14.864,0.105335,false,1,f2d1bf7-dirty
flashinfer_from_probs,32,128256,20,0.95,bfloat16,hot,n/a,83.528,83.410,83.553,83.495,0.066,5,1396,139,16416768,29.729,0.355917,false,1,f2d1bf7-dirty
compile,32,128256,20,0.95,bfloat16,hot,n/a,202.890,201.977,203.009,202.685,0.519,5,586,58,8208384,14.864,0.073264,false,1,f2d1bf7-dirty
graph_eager,32,128256,20,0.95,bfloat16,hot,n/a,150.198,149.027,150.304,149.911,0.643,5,813,81,8208384,14.864,0.098966,false,1,f2d1bf7-dirty
graph_compile,32,128256,20,0.95,bfloat16,hot,n/a,150.378,150.211,150.384,150.333,0.089,5,793,79,8208384,14.864,0.098847,false,1,f2d1bf7-dirty
hf_eager,32,128256,20,0.95,bfloat16,hot,n/a,1835.618,1834.857,1836.096,1835.497,0.552,5,65,10,8208384,14.864,0.008098,false,1,f2d1bf7-dirty
ref_eager_fullsort,1,128256,50,0.9,bfloat16,hot,n/a,136.934,136.440,137.002,136.804,0.266,5,843,84,256512,0.465,0.003392,false,1,f2d1bf7-dirty
tight_eager,1,128256,50,0.9,bfloat16,hot,n/a,136.061,135.684,136.414,136.079,0.338,5,882,88,256512,0.465,0.003414,false,1,f2d1bf7-dirty
flashinfer,1,128256,50,0.9,bfloat16,hot,n/a,82.109,82.102,82.426,82.188,0.177,5,1345,134,256512,0.465,0.005657,false,1,f2d1bf7-dirty
flashinfer_from_probs,1,128256,50,0.9,bfloat16,hot,n/a,73.198,72.982,73.238,73.156,0.128,5,1555,155,513024,0.929,0.012692,false,1,f2d1bf7-dirty
compile,1,128256,50,0.9,bfloat16,hot,n/a,158.824,158.786,159.089,158.918,0.153,5,732,73,256512,0.465,0.002925,false,1,f2d1bf7-dirty
graph_eager,1,128256,50,0.9,bfloat16,hot,n/a,77.793,77.751,77.820,77.787,0.031,5,1539,153,256512,0.465,0.005971,false,1,f2d1bf7-dirty
graph_compile,1,128256,50,0.9,bfloat16,hot,n/a,77.739,77.722,77.788,77.751,0.031,5,1533,153,256512,0.465,0.005975,false,1,f2d1bf7-dirty
hf_eager,1,128256,50,0.9,bfloat16,hot,n/a,339.932,339.793,340.142,339.959,0.156,5,351,35,256512,0.465,0.001366,false,1,f2d1bf7-dirty
ref_eager_fullsort,32,128256,50,0.9,bfloat16,hot,n/a,1278.747,1263.342,1279.227,1274.203,7.869,5,95,10,8208384,14.864,0.011624,false,1,f2d1bf7-dirty
tight_eager,32,128256,50,0.9,bfloat16,hot,n/a,202.671,202.580,203.128,202.781,0.256,5,587,58,8208384,14.864,0.073343,false,1,f2d1bf7-dirty
flashinfer,32,128256,50,0.9,bfloat16,hot,n/a,141.782,140.431,141.837,141.456,0.759,5,863,86,8208384,14.864,0.104841,false,1,f2d1bf7-dirty
flashinfer_from_probs,32,128256,50,0.9,bfloat16,hot,n/a,82.728,82.692,82.784,82.736,0.040,5,1405,140,16416768,29.729,0.359357,false,1,f2d1bf7-dirty
compile,32,128256,50,0.9,bfloat16,hot,n/a,202.283,202.231,202.358,202.282,0.059,5,583,58,8208384,14.864,0.073484,false,1,f2d1bf7-dirty
graph_eager,32,128256,50,0.9,bfloat16,hot,n/a,150.301,149.020,150.390,149.971,0.689,5,812,81,8208384,14.864,0.098898,false,1,f2d1bf7-dirty
graph_compile,32,128256,50,0.9,bfloat16,hot,n/a,155.365,155.161,155.385,155.310,0.108,5,771,77,8208384,14.864,0.095675,false,1,f2d1bf7-dirty
hf_eager,32,128256,50,0.9,bfloat16,hot,n/a,1838.169,1837.738,1861.632,1846.378,11.956,5,64,10,8208384,14.864,0.008087,false,1,f2d1bf7-dirty
ref_eager_fullsort,1,128256,50,0.95,bfloat16,hot,n/a,136.733,135.753,136.848,136.407,0.531,5,849,84,256512,0.465,0.003397,false,1,f2d1bf7-dirty
tight_eager,1,128256,50,0.95,bfloat16,hot,n/a,135.601,135.228,136.317,135.739,0.473,5,869,86,256512,0.465,0.003426,false,1,f2d1bf7-dirty
flashinfer,1,128256,50,0.95,bfloat16,hot,n/a,81.722,81.489,81.865,81.711,0.170,5,1372,137,256512,0.465,0.005684,false,1,f2d1bf7-dirty
flashinfer_from_probs,1,128256,50,0.95,bfloat16,hot,n/a,72.946,72.838,73.257,73.004,0.191,5,1563,156,513024,0.929,0.012736,false,1,f2d1bf7-dirty
compile,1,128256,50,0.95,bfloat16,hot,n/a,158.983,158.687,159.495,159.022,0.363,5,727,72,256512,0.465,0.002922,false,1,f2d1bf7-dirty
graph_eager,1,128256,50,0.95,bfloat16,hot,n/a,77.720,77.706,77.739,77.721,0.015,5,1536,153,256512,0.465,0.005977,false,1,f2d1bf7-dirty
graph_compile,1,128256,50,0.95,bfloat16,hot,n/a,77.744,77.724,77.752,77.740,0.012,5,1540,154,256512,0.465,0.005975,false,1,f2d1bf7-dirty
hf_eager,1,128256,50,0.95,bfloat16,hot,n/a,340.013,339.804,340.080,339.968,0.123,5,352,35,256512,0.465,0.001366,false,1,f2d1bf7-dirty
ref_eager_fullsort,32,128256,50,0.95,bfloat16,hot,n/a,1278.017,1262.544,1279.668,1273.983,8.289,5,95,10,8208384,14.864,0.011631,false,1,f2d1bf7-dirty
tight_eager,32,128256,50,0.95,bfloat16,hot,n/a,201.309,201.198,202.672,201.691,0.717,5,589,58,8208384,14.864,0.073839,false,1,f2d1bf7-dirty
flashinfer,32,128256,50,0.95,bfloat16,hot,n/a,141.220,139.882,141.338,140.915,0.766,5,870,87,8208384,14.864,0.105258,false,1,f2d1bf7-dirty
flashinfer_from_probs,32,128256,50,0.95,bfloat16,hot,n/a,82.265,82.198,82.287,82.254,0.042,5,1424,142,16416768,29.729,0.361379,false,1,f2d1bf7-dirty
compile,32,128256,50,0.95,bfloat16,hot,n/a,200.820,199.866,201.109,200.614,0.577,5,593,59,8208384,14.864,0.074019,false,1,f2d1bf7-dirty
graph_eager,32,128256,50,0.95,bfloat16,hot,n/a,150.080,148.866,150.184,149.779,0.664,5,812,81,8208384,14.864,0.099044,false,1,f2d1bf7-dirty
graph_compile,32,128256,50,0.95,bfloat16,hot,n/a,150.210,150.111,150.268,150.196,0.068,5,793,79,8208384,14.864,0.098958,false,1,f2d1bf7-dirty
hf_eager,32,128256,50,0.95,bfloat16,hot,n/a,1837.270,1836.784,1837.480,1837.198,0.311,5,65,10,8208384,14.864,0.008091,false,1,f2d1bf7-dirty
ref_eager_fullsort,1,128256,100,0.9,bfloat16,hot,n/a,136.691,136.509,136.843,136.672,0.150,5,850,85,256512,0.465,0.003398,false,1,f2d1bf7-dirty
tight_eager,1,128256,100,0.9,bfloat16,hot,n/a,136.324,136.109,136.503,136.296,0.172,5,876,87,256512,0.465,0.003407,false,1,f2d1bf7-dirty
flashinfer,1,128256,100,0.9,bfloat16,hot,n/a,81.611,81.356,81.971,81.644,0.267,5,1337,133,256512,0.465,0.005692,false,1,f2d1bf7-dirty
flashinfer_from_probs,1,128256,100,0.9,bfloat16,hot,n/a,72.888,72.694,72.951,72.850,0.117,5,1542,154,513024,0.929,0.012746,false,1,f2d1bf7-dirty
compile,1,128256,100,0.9,bfloat16,hot,n/a,158.581,158.408,159.099,158.710,0.323,5,724,72,256512,0.465,0.002929,false,1,f2d1bf7-dirty
graph_eager,1,128256,100,0.9,bfloat16,hot,n/a,78.244,78.230,78.262,78.247,0.015,5,1524,152,256512,0.465,0.005937,false,1,f2d1bf7-dirty
graph_compile,1,128256,100,0.9,bfloat16,hot,n/a,82.581,78.220,84.190,81.475,3.039,5,1420,142,256512,0.465,0.005625,false,1,f2d1bf7-dirty
hf_eager,1,128256,100,0.9,bfloat16,hot,n/a,341.344,341.268,341.512,341.370,0.108,5,350,35,256512,0.465,0.001361,false,1,f2d1bf7-dirty
ref_eager_fullsort,32,128256,100,0.9,bfloat16,hot,n/a,1276.009,1261.916,1278.099,1272.734,7.849,5,95,10,8208384,14.864,0.011649,false,1,f2d1bf7-dirty
tight_eager,32,128256,100,0.9,bfloat16,hot,n/a,201.907,201.798,203.492,202.344,0.831,5,582,58,8208384,14.864,0.073621,false,1,f2d1bf7-dirty
flashinfer,32,128256,100,0.9,bfloat16,hot,n/a,141.847,140.558,141.884,141.526,0.714,5,854,85,8208384,14.864,0.104793,false,1,f2d1bf7-dirty
flashinfer_from_probs,32,128256,100,0.9,bfloat16,hot,n/a,84.515,84.487,84.548,84.515,0.026,5,1308,130,16416768,29.729,0.351761,false,1,f2d1bf7-dirty
compile,32,128256,100,0.9,bfloat16,hot,n/a,201.840,201.751,201.945,201.833,0.088,5,587,58,8208384,14.864,0.073645,false,1,f2d1bf7-dirty
graph_eager,32,128256,100,0.9,bfloat16,hot,n/a,151.583,149.966,151.695,151.172,0.873,5,809,80,8208384,14.864,0.098062,false,1,f2d1bf7-dirty
graph_compile,32,128256,100,0.9,bfloat16,hot,n/a,151.775,151.579,151.785,151.721,0.102,5,790,79,8208384,14.864,0.097938,false,1,f2d1bf7-dirty
hf_eager,32,128256,100,0.9,bfloat16,hot,n/a,1834.668,1834.103,1835.429,1834.807,0.608,5,65,10,8208384,14.864,0.008102,false,1,f2d1bf7-dirty
ref_eager_fullsort,1,128256,100,0.95,bfloat16,hot,n/a,136.911,136.619,137.026,136.857,0.189,5,843,84,256512,0.465,0.003393,false,1,f2d1bf7-dirty
tight_eager,1,128256,100,0.95,bfloat16,hot,n/a,133.080,132.918,133.658,133.200,0.339,5,882,88,256512,0.465,0.003490,false,1,f2d1bf7-dirty
flashinfer,1,128256,100,0.95,bfloat16,hot,n/a,82.173,81.968,82.274,82.137,0.146,5,1364,136,256512,0.465,0.005653,false,1,f2d1bf7-dirty
flashinfer_from_probs,1,128256,100,0.95,bfloat16,hot,n/a,73.124,73.026,73.210,73.119,0.079,5,1541,154,513024,0.929,0.012705,false,1,f2d1bf7-dirty
compile,1,128256,100,0.95,bfloat16,hot,n/a,158.329,158.113,159.003,158.524,0.433,5,731,73,256512,0.465,0.002934,false,1,f2d1bf7-dirty
graph_eager,1,128256,100,0.95,bfloat16,hot,n/a,78.250,78.237,78.268,78.251,0.013,5,1532,153,256512,0.465,0.005936,false,1,f2d1bf7-dirty
graph_compile,1,128256,100,0.95,bfloat16,hot,n/a,78.236,78.219,78.244,78.234,0.011,5,1521,152,256512,0.465,0.005937,false,1,f2d1bf7-dirty
hf_eager,1,128256,100,0.95,bfloat16,hot,n/a,341.474,341.291,341.589,341.450,0.131,5,349,34,256512,0.465,0.001360,false,1,f2d1bf7-dirty
ref_eager_fullsort,32,128256,100,0.95,bfloat16,hot,n/a,1276.276,1262.023,1276.753,1272.158,7.330,5,95,10,8208384,14.864,0.011647,false,1,f2d1bf7-dirty
tight_eager,32,128256,100,0.95,bfloat16,hot,n/a,202.314,202.106,203.945,202.790,0.861,5,585,58,8208384,14.864,0.073472,false,1,f2d1bf7-dirty
flashinfer,32,128256,100,0.95,bfloat16,hot,n/a,141.250,140.075,141.291,140.970,0.664,5,867,86,8208384,14.864,0.105235,false,1,f2d1bf7-dirty
flashinfer_from_probs,32,128256,100,0.95,bfloat16,hot,n/a,83.759,83.674,83.811,83.752,0.060,5,1397,139,16416768,29.729,0.354935,false,1,f2d1bf7-dirty
compile,32,128256,100,0.95,bfloat16,hot,n/a,201.489,201.214,201.635,201.454,0.185,5,595,59,8208384,14.864,0.073773,false,1,f2d1bf7-dirty
graph_eager,32,128256,100,0.95,bfloat16,hot,n/a,151.454,149.738,151.849,151.105,1.000,5,809,80,8208384,14.864,0.098145,false,1,f2d1bf7-dirty
graph_compile,32,128256,100,0.95,bfloat16,hot,n/a,151.669,151.484,151.699,151.629,0.106,5,791,79,8208384,14.864,0.098006,false,1,f2d1bf7-dirty
hf_eager,32,128256,100,0.95,bfloat16,hot,n/a,1833.731,1833.668,1834.284,1833.870,0.300,5,65,10,8208384,14.864,0.008106,false,1,f2d1bf7-dirty
ref_eager_fullsort,1,151936,20,0.9,bfloat16,hot,n/a,138.899,138.496,138.971,138.802,0.224,5,839,83,303872,0.550,0.003962,false,1,f2d1bf7-dirty
tight_eager,1,151936,20,0.9,bfloat16,hot,n/a,135.526,135.379,135.638,135.504,0.115,5,850,85,303872,0.550,0.004060,false,1,f2d1bf7-dirty
flashinfer,1,151936,20,0.9,bfloat16,hot,n/a,84.022,83.979,84.077,84.027,0.045,5,1342,134,303872,0.550,0.006549,false,1,f2d1bf7-dirty
flashinfer_from_probs,1,151936,20,0.9,bfloat16,hot,n/a,73.010,72.939,73.173,73.041,0.103,5,1525,152,607744,1.101,0.015074,false,1,f2d1bf7-dirty
compile,1,151936,20,0.9,bfloat16,hot,n/a,163.012,162.830,163.227,163.036,0.188,5,710,71,303872,0.550,0.003376,false,1,f2d1bf7-dirty
graph_eager,1,151936,20,0.9,bfloat16,hot,n/a,81.509,81.488,81.513,81.504,0.012,5,1468,146,303872,0.550,0.006751,false,1,f2d1bf7-dirty
graph_compile,1,151936,20,0.9,bfloat16,hot,n/a,81.516,81.489,81.523,81.511,0.016,5,1498,149,303872,0.550,0.006751,false,1,f2d1bf7-dirty
hf_eager,1,151936,20,0.9,bfloat16,hot,n/a,323.117,322.863,323.280,323.089,0.182,5,371,37,303872,0.550,0.001703,false,1,f2d1bf7-dirty
ref_eager_fullsort,32,151936,20,0.9,bfloat16,hot,n/a,1533.160,1519.463,1534.888,1529.821,7.509,5,79,10,9723904,17.609,0.011485,false,1,f2d1bf7-dirty
tight_eager,32,151936,20,0.9,bfloat16,hot,n/a,218.811,218.548,219.557,218.963,0.456,5,539,53,9723904,17.609,0.080476,false,1,f2d1bf7-dirty
flashinfer,32,151936,20,0.9,bfloat16,hot,n/a,176.207,172.581,176.468,175.202,1.897,5,709,70,9723904,17.609,0.099933,false,1,f2d1bf7-dirty
flashinfer_from_probs,32,151936,20,0.9,bfloat16,hot,n/a,102.819,102.811,102.851,102.826,0.018,5,1149,114,19447808,35.218,0.342525,false,1,f2d1bf7-dirty
compile,32,151936,20,0.9,bfloat16,hot,n/a,217.331,216.263,217.723,217.124,0.654,5,543,54,9723904,17.609,0.081024,false,1,f2d1bf7-dirty
graph_eager,32,151936,20,0.9,bfloat16,hot,n/a,166.179,164.057,166.312,165.626,1.134,5,741,74,9723904,17.609,0.105964,false,1,f2d1bf7-dirty
graph_compile,32,151936,20,0.9,bfloat16,hot,n/a,166.326,166.050,166.359,166.259,0.153,5,716,71,9723904,17.609,0.105870,false,1,f2d1bf7-dirty
hf_eager,32,151936,20,0.9,bfloat16,hot,n/a,2186.728,2185.298,2187.384,2186.440,0.930,5,54,10,9723904,17.609,0.008053,false,1,f2d1bf7-dirty
ref_eager_fullsort,1,151936,20,0.95,bfloat16,hot,n/a,138.682,138.213,138.812,138.595,0.285,5,842,84,303872,0.550,0.003968,false,1,f2d1bf7-dirty
tight_eager,1,151936,20,0.95,bfloat16,hot,n/a,135.007,133.309,135.825,134.562,1.187,5,847,84,303872,0.550,0.004076,false,1,f2d1bf7-dirty
flashinfer,1,151936,20,0.95,bfloat16,hot,n/a,83.886,83.835,83.977,83.893,0.064,5,1387,138,303872,0.550,0.006560,false,1,f2d1bf7-dirty
flashinfer_from_probs,1,151936,20,0.95,bfloat16,hot,n/a,72.432,72.133,72.636,72.411,0.227,5,1534,153,607744,1.101,0.015194,false,1,f2d1bf7-dirty
compile,1,151936,20,0.95,bfloat16,hot,n/a,162.229,162.010,162.589,162.270,0.253,5,714,71,303872,0.550,0.003392,false,1,f2d1bf7-dirty
graph_eager,1,151936,20,0.95,bfloat16,hot,n/a,81.509,81.500,81.514,81.507,0.006,5,1474,147,303872,0.550,0.006751,false,1,f2d1bf7-dirty
graph_compile,1,151936,20,0.95,bfloat16,hot,n/a,81.511,81.473,81.522,81.502,0.022,5,1487,148,303872,0.550,0.006751,false,1,f2d1bf7-dirty
hf_eager,1,151936,20,0.95,bfloat16,hot,n/a,322.858,322.711,323.099,322.896,0.181,5,370,37,303872,0.550,0.001704,false,1,f2d1bf7-dirty
ref_eager_fullsort,32,151936,20,0.95,bfloat16,hot,n/a,1533.986,1519.128,1534.987,1529.914,7.802,5,79,10,9723904,17.609,0.011479,false,1,f2d1bf7-dirty
tight_eager,32,151936,20,0.95,bfloat16,hot,n/a,217.837,217.490,218.543,217.953,0.469,5,543,54,9723904,17.609,0.080835,false,1,f2d1bf7-dirty
flashinfer,32,151936,20,0.95,bfloat16,hot,n/a,175.806,172.348,176.008,174.872,1.824,5,708,70,9723904,17.609,0.100161,false,1,f2d1bf7-dirty
flashinfer_from_probs,32,151936,20,0.95,bfloat16,hot,n/a,101.964,101.918,102.034,101.970,0.051,5,1153,115,19447808,35.218,0.345397,false,1,f2d1bf7-dirty
compile,32,151936,20,0.95,bfloat16,hot,n/a,217.452,216.291,218.009,217.285,0.764,5,548,54,9723904,17.609,0.080978,false,1,f2d1bf7-dirty
graph_eager,32,151936,20,0.95,bfloat16,hot,n/a,166.195,164.137,166.368,165.689,1.125,5,742,74,9723904,17.609,0.105953,false,1,f2d1bf7-dirty
graph_compile,32,151936,20,0.95,bfloat16,hot,n/a,171.353,170.895,171.468,171.275,0.279,5,696,69,9723904,17.609,0.102764,false,1,f2d1bf7-dirty
hf_eager,32,151936,20,0.95,bfloat16,hot,n/a,2217.734,2217.138,2218.055,2217.696,0.422,5,53,10,9723904,17.609,0.007940,false,1,f2d1bf7-dirty
ref_eager_fullsort,1,151936,50,0.95,bfloat16,hot,n/a,138.741,138.320,139.754,138.920,0.639,5,808,80,303872,0.550,0.003966,false,1,f2d1bf7-dirty
tight_eager,1,151936,50,0.95,bfloat16,hot,n/a,134.099,133.742,134.713,134.155,0.429,5,863,86,303872,0.550,0.004104,false,1,f2d1bf7-dirty
flashinfer,1,151936,50,0.95,bfloat16,hot,n/a,83.951,83.933,83.987,83.959,0.024,5,1371,137,303872,0.550,0.006555,false,1,f2d1bf7-dirty
flashinfer_from_probs,1,151936,50,0.95,bfloat16,hot,n/a,73.068,72.637,73.511,73.050,0.378,5,1520,152,607744,1.101,0.015062,false,1,f2d1bf7-dirty
compile,1,151936,50,0.95,bfloat16,hot,n/a,161.941,161.846,162.359,162.032,0.240,5,714,71,303872,0.550,0.003398,false,1,f2d1bf7-dirty
graph_eager,1,151936,50,0.95,bfloat16,hot,n/a,81.580,81.577,81.613,81.589,0.018,5,1472,147,303872,0.550,0.006745,false,1,f2d1bf7-dirty
graph_compile,1,151936,50,0.95,bfloat16,hot,n/a,81.643,81.463,81.721,81.623,0.120,5,1466,146,303872,0.550,0.006740,false,1,f2d1bf7-dirty
hf_eager,1,151936,50,0.95,bfloat16,hot,n/a,325.251,325.022,325.533,325.261,0.234,5,367,36,303872,0.550,0.001692,false,1,f2d1bf7-dirty
ref_eager_fullsort,32,151936,50,0.95,bfloat16,hot,n/a,1534.624,1520.362,1535.491,1530.757,7.511,5,79,10,9723904,17.609,0.011474,false,1,f2d1bf7-dirty
tight_eager,32,151936,50,0.95,bfloat16,hot,n/a,218.853,218.676,219.086,218.849,0.185,5,543,54,9723904,17.609,0.080460,false,1,f2d1bf7-dirty
flashinfer,32,151936,50,0.95,bfloat16,hot,n/a,176.082,173.386,176.166,175.388,1.458,5,705,70,9723904,17.609,0.100004,false,1,f2d1bf7-dirty
flashinfer_from_probs,32,151936,50,0.95,bfloat16,hot,n/a,100.732,100.713,100.840,100.757,0.061,5,1173,117,19447808,35.218,0.349621,false,1,f2d1bf7-dirty
compile,32,151936,50,0.95,bfloat16,hot,n/a,217.719,215.477,218.444,217.308,1.368,5,552,55,9723904,17.609,0.080879,false,1,f2d1bf7-dirty
graph_eager,32,151936,50,0.95,bfloat16,hot,n/a,166.610,164.489,166.916,166.110,1.179,5,740,74,9723904,17.609,0.105689,false,1,f2d1bf7-dirty
graph_compile,32,151936,50,0.95,bfloat16,hot,n/a,167.057,166.614,167.121,166.963,0.257,5,716,71,9723904,17.609,0.105406,false,1,f2d1bf7-dirty
hf_eager,32,151936,50,0.95,bfloat16,hot,n/a,2190.082,2189.036,2190.652,2189.931,0.728,5,54,10,9723904,17.609,0.008040,false,1,f2d1bf7-dirty
ref_eager_fullsort,1,151936,100,0.9,bfloat16,hot,n/a,138.276,138.226,138.740,138.390,0.254,5,841,84,303872,0.550,0.003980,false,1,f2d1bf7-dirty
tight_eager,1,151936,100,0.9,bfloat16,hot,n/a,134.184,134.104,135.673,134.560,0.809,5,856,85,303872,0.550,0.004101,false,1,f2d1bf7-dirty
flashinfer,1,151936,100,0.9,bfloat16,hot,n/a,84.214,84.173,84.287,84.225,0.051,5,1390,139,303872,0.550,0.006534,false,1,f2d1bf7-dirty
flashinfer_from_probs,1,151936,100,0.9,bfloat16,hot,n/a,72.812,72.739,73.021,72.860,0.134,5,1512,151,607744,1.101,0.015115,false,1,f2d1bf7-dirty
compile,1,151936,100,0.9,bfloat16,hot,n/a,161.047,160.976,161.259,161.079,0.133,5,718,71,303872,0.550,0.003417,false,1,f2d1bf7-dirty
graph_eager,1,151936,100,0.9,bfloat16,hot,n/a,82.094,82.067,82.147,82.098,0.037,5,1459,145,303872,0.550,0.006703,false,1,f2d1bf7-dirty
graph_compile,1,151936,100,0.9,bfloat16,hot,n/a,88.116,88.095,88.170,88.126,0.033,5,1389,138,303872,0.550,0.006245,false,1,f2d1bf7-dirty
hf_eager,1,151936,100,0.9,bfloat16,hot,n/a,326.906,326.423,332.587,328.173,3.265,5,356,35,303872,0.550,0.001683,false,1,f2d1bf7-dirty
ref_eager_fullsort,32,151936,100,0.9,bfloat16,hot,n/a,1535.480,1520.663,1536.702,1531.434,7.816,5,79,10,9723904,17.609,0.011468,false,1,f2d1bf7-dirty
tight_eager,32,151936,100,0.9,bfloat16,hot,n/a,219.329,218.841,220.267,219.442,0.638,5,540,54,9723904,17.609,0.080285,false,1,f2d1bf7-dirty
flashinfer,32,151936,100,0.9,bfloat16,hot,n/a,177.743,175.138,177.815,177.080,1.423,5,697,69,9723904,17.609,0.099070,false,1,f2d1bf7-dirty
flashinfer_from_probs,32,151936,100,0.9,bfloat16,hot,n/a,103.021,102.991,103.056,103.025,0.028,5,1145,114,19447808,35.218,0.341852,false,1,f2d1bf7-dirty
compile,32,151936,100,0.9,bfloat16,hot,n/a,219.374,217.314,220.052,219.028,1.269,5,548,54,9723904,17.609,0.080269,false,1,f2d1bf7-dirty
graph_eager,32,151936,100,0.9,bfloat16,hot,n/a,168.285,166.236,168.351,167.733,1.082,5,732,73,9723904,17.609,0.104637,false,1,f2d1bf7-dirty
graph_compile,32,151936,100,0.9,bfloat16,hot,n/a,168.416,168.081,168.498,168.351,0.199,5,712,71,9723904,17.609,0.104556,false,1,f2d1bf7-dirty
hf_eager,32,151936,100,0.9,bfloat16,hot,n/a,2189.106,2188.474,2189.928,2189.134,0.632,5,54,10,9723904,17.609,0.008044,false,1,f2d1bf7-dirty
ref_eager_fullsort,1,151936,100,0.95,bfloat16,hot,n/a,138.481,138.247,138.539,138.412,0.147,5,845,84,303872,0.550,0.003974,false,1,f2d1bf7-dirty
tight_eager,1,151936,100,0.95,bfloat16,hot,n/a,136.647,136.632,136.724,136.663,0.045,5,869,86,303872,0.550,0.004027,false,1,f2d1bf7-dirty
flashinfer,1,151936,100,0.95,bfloat16,hot,n/a,84.135,84.076,84.164,84.124,0.043,5,1343,134,303872,0.550,0.006540,false,1,f2d1bf7-dirty
flashinfer_from_probs,1,151936,100,0.95,bfloat16,hot,n/a,72.819,72.600,73.137,72.865,0.232,5,1527,152,607744,1.101,0.015114,false,1,f2d1bf7-dirty
compile,1,151936,100,0.95,bfloat16,hot,n/a,161.376,161.202,161.660,161.392,0.206,5,721,72,303872,0.550,0.003410,false,1,f2d1bf7-dirty
graph_eager,1,151936,100,0.95,bfloat16,hot,n/a,82.097,82.005,82.137,82.084,0.060,5,1462,146,303872,0.550,0.006703,false,1,f2d1bf7-dirty
graph_compile,1,151936,100,0.95,bfloat16,hot,n/a,82.333,82.062,82.378,82.248,0.154,5,1469,146,303872,0.550,0.006684,false,1,f2d1bf7-dirty
hf_eager,1,151936,100,0.95,bfloat16,hot,n/a,326.510,326.446,327.039,326.695,0.305,5,365,36,303872,0.550,0.001685,false,1,f2d1bf7-dirty
ref_eager_fullsort,32,151936,100,0.95,bfloat16,hot,n/a,1535.469,1520.158,1536.453,1531.284,8.045,5,79,10,9723904,17.609,0.011468,false,1,f2d1bf7-dirty
tight_eager,32,151936,100,0.95,bfloat16,hot,n/a,220.188,219.644,221.148,220.225,0.699,5,540,54,9723904,17.609,0.079972,false,1,f2d1bf7-dirty
flashinfer,32,151936,100,0.95,bfloat16,hot,n/a,177.179,174.504,177.214,176.498,1.470,5,703,70,9723904,17.609,0.099385,false,1,f2d1bf7-dirty
flashinfer_from_probs,32,151936,100,0.95,bfloat16,hot,n/a,102.288,102.281,102.362,102.312,0.039,5,1151,115,19447808,35.218,0.344300,false,1,f2d1bf7-dirty
compile,32,151936,100,0.95,bfloat16,hot,n/a,218.580,216.500,219.243,218.176,1.246,5,549,54,9723904,17.609,0.080561,false,1,f2d1bf7-dirty
graph_eager,32,151936,100,0.95,bfloat16,hot,n/a,168.224,166.250,168.391,167.743,1.085,5,730,73,9723904,17.609,0.104675,false,1,f2d1bf7-dirty
graph_compile,32,151936,100,0.95,bfloat16,hot,n/a,168.443,168.402,169.127,168.605,0.383,5,689,68,9723904,17.609,0.104539,false,1,f2d1bf7-dirty
hf_eager,32,151936,100,0.95,bfloat16,hot,n/a,2189.336,2189.063,2189.966,2189.469,0.410,5,54,10,9723904,17.609,0.008043,false,1,f2d1bf7-dirty
tight_eager,1,151936,50,0.9,float16,hot,n/a,136.771,136.326,137.121,136.746,0.347,5,868,86,303872,0.550,0.004023,false,2,f2d1bf7-dirty
flashinfer,1,151936,50,0.9,float16,hot,n/a,84.059,84.023,84.074,84.055,0.024,5,1360,136,303872,0.550,0.006546,false,2,f2d1bf7-dirty
flashinfer_from_probs,1,151936,50,0.9,float16,hot,n/a,73.135,72.989,73.270,73.125,0.127,5,1500,150,607744,1.101,0.015048,false,2,f2d1bf7-dirty
compile,1,151936,50,0.9,float16,hot,n/a,157.268,157.086,157.633,157.323,0.240,5,724,72,303872,0.550,0.003499,false,2,f2d1bf7-dirty
graph_eager,1,151936,50,0.9,float16,hot,n/a,81.621,81.553,81.648,81.611,0.043,5,1467,146,303872,0.550,0.006742,false,2,f2d1bf7-dirty
graph_compile,1,151936,50,0.9,float16,hot,n/a,71.805,71.762,71.845,71.807,0.038,5,1674,167,303872,0.550,0.007664,false,2,f2d1bf7-dirty
hf_eager,1,151936,50,0.9,float16,hot,n/a,325.063,324.985,325.314,325.123,0.156,5,368,36,303872,0.550,0.001693,false,2,f2d1bf7-dirty
ref_eager_fullsort,1,151936,50,0.9,float16,hot,n/a,141.918,141.470,141.966,141.814,0.250,5,823,82,303872,0.550,0.003877,false,2,f2d1bf7-dirty
tight_eager,4,151936,50,0.9,float16,hot,n/a,163.399,163.083,163.521,163.335,0.193,5,740,74,1215488,2.201,0.013471,false,2,f2d1bf7-dirty
flashinfer,4,151936,50,0.9,float16,hot,n/a,85.299,85.287,85.405,85.334,0.058,5,1350,135,1215488,2.201,0.025805,false,2,f2d1bf7-dirty
flashinfer_from_probs,4,151936,50,0.9,float16,hot,n/a,73.334,73.220,73.611,73.368,0.182,5,1499,149,2430976,4.402,0.060030,false,2,f2d1bf7-dirty
compile,4,151936,50,0.9,float16,hot,n/a,151.335,150.798,151.963,151.332,0.507,5,747,74,1215488,2.201,0.014545,false,2,f2d1bf7-dirty
graph_eager,4,151936,50,0.9,float16,hot,n/a,104.790,104.448,104.877,104.713,0.196,5,1163,116,1215488,2.201,0.021005,false,2,f2d1bf7-dirty
graph_compile,4,151936,50,0.9,float16,hot,n/a,95.036,95.005,95.069,95.033,0.029,5,1265,126,1215488,2.201,0.023161,false,2,f2d1bf7-dirty
hf_eager,4,151936,50,0.9,float16,hot,n/a,597.350,597.257,597.844,597.461,0.279,5,198,19,1215488,2.201,0.003685,false,2,f2d1bf7-dirty
ref_eager_fullsort,4,151936,50,0.9,float16,hot,n/a,236.276,235.074,236.451,235.985,0.664,5,506,50,1215488,2.201,0.009316,false,2,f2d1bf7-dirty
tight_eager,8,151936,50,0.9,float16,hot,n/a,167.346,167.291,167.497,167.374,0.092,5,716,71,2430976,4.402,0.026306,false,2,f2d1bf7-dirty
flashinfer,8,151936,50,0.9,float16,hot,n/a,90.582,90.562,90.669,90.601,0.050,5,1318,131,2430976,4.402,0.048600,false,2,f2d1bf7-dirty
flashinfer_from_probs,8,151936,50,0.9,float16,hot,n/a,73.488,73.256,73.581,73.438,0.157,5,1505,150,4861952,8.804,0.119808,false,2,f2d1bf7-dirty
compile,8,151936,50,0.9,float16,hot,n/a,151.591,151.373,151.825,151.624,0.209,5,745,74,2430976,4.402,0.029040,false,2,f2d1bf7-dirty
graph_eager,8,151936,50,0.9,float16,hot,n/a,108.009,107.804,108.027,107.959,0.113,5,1123,112,2430976,4.402,0.040758,false,2,f2d1bf7-dirty
graph_compile,8,151936,50,0.9,float16,hot,n/a,98.202,98.144,102.723,99.988,2.496,5,1171,117,2430976,4.402,0.044828,false,2,f2d1bf7-dirty
hf_eager,8,151936,50,0.9,float16,hot,n/a,705.627,702.768,711.102,706.321,3.670,5,167,16,2430976,4.402,0.006239,false,2,f2d1bf7-dirty
ref_eager_fullsort,8,151936,50,0.9,float16,hot,n/a,355.264,348.510,355.920,353.577,3.666,5,349,34,2430976,4.402,0.012391,false,2,f2d1bf7-dirty
tight_eager,16,151936,50,0.9,float16,hot,n/a,183.953,183.717,184.697,184.087,0.451,5,645,64,4861952,8.804,0.047863,false,2,f2d1bf7-dirty
flashinfer,16,151936,50,0.9,float16,hot,n/a,115.035,115.030,115.085,115.052,0.027,5,1048,104,4861952,8.804,0.076537,false,2,f2d1bf7-dirty
flashinfer_from_probs,16,151936,50,0.9,float16,hot,n/a,73.788,73.711,73.872,73.786,0.075,5,1496,149,9723904,17.609,0.238642,false,2,f2d1bf7-dirty
compile,16,151936,50,0.9,float16,hot,n/a,158.826,158.588,159.060,158.833,0.204,5,724,72,4861952,8.804,0.055435,false,2,f2d1bf7-dirty
graph_eager,16,151936,50,0.9,float16,hot,n/a,123.270,122.541,123.300,123.084,0.395,5,985,98,4861952,8.804,0.071424,false,2,f2d1bf7-dirty
graph_compile,16,151936,50,0.9,float16,hot,n/a,110.589,110.415,110.641,110.558,0.106,5,1082,108,4861952,8.804,0.079615,false,2,f2d1bf7-dirty
hf_eager,16,151936,50,0.9,float16,hot,n/a,1187.714,1187.433,1190.645,1188.484,1.564,5,100,10,4861952,8.804,0.007413,false,2,f2d1bf7-dirty
ref_eager_fullsort,16,151936,50,0.9,float16,hot,n/a,700.137,697.020,700.349,699.420,1.768,5,173,17,4861952,8.804,0.012575,false,2,f2d1bf7-dirty
tight_eager,32,151936,50,0.9,float16,hot,n/a,220.108,219.803,221.277,220.337,0.690,5,534,53,9723904,17.609,0.080001,false,2,f2d1bf7-dirty
flashinfer,32,151936,50,0.9,float16,hot,n/a,177.236,174.904,177.295,176.633,1.262,5,698,69,9723904,17.609,0.099353,false,2,f2d1bf7-dirty
flashinfer_from_probs,32,151936,50,0.9,float16,hot,n/a,101.224,101.201,101.243,101.222,0.020,5,1172,117,19447808,35.218,0.347920,false,2,f2d1bf7-dirty
compile,32,151936,50,0.9,float16,hot,n/a,191.702,189.358,192.028,191.143,1.296,5,621,62,9723904,17.609,0.091856,false,2,f2d1bf7-dirty
graph_eager,32,151936,50,0.9,float16,hot,n/a,167.477,167.037,167.518,167.378,0.252,5,718,71,9723904,17.609,0.105143,false,2,f2d1bf7-dirty
graph_compile,32,151936,50,0.9,float16,hot,n/a,151.596,151.216,151.644,151.508,0.212,5,789,78,9723904,17.609,0.116157,false,2,f2d1bf7-dirty
hf_eager,32,151936,50,0.9,float16,hot,n/a,2194.737,2194.648,2195.097,2194.833,0.214,5,54,10,9723904,17.609,0.008023,false,2,f2d1bf7-dirty
ref_eager_fullsort,32,151936,50,0.9,float16,hot,n/a,1540.947,1540.351,1540.981,1540.746,0.309,5,77,10,9723904,17.609,0.011427,false,2,f2d1bf7-dirty
tight_eager,1,151936,50,0.9,float16,cold,rotate,136.628,136.501,136.772,136.645,0.126,5,840,84,303872,0.550,0.004028,false,2,f2d1bf7-dirty
flashinfer,1,151936,50,0.9,float16,cold,rotate,84.244,84.069,84.429,84.235,0.166,5,1333,133,303872,0.550,0.006532,false,2,f2d1bf7-dirty
flashinfer_from_probs,1,151936,50,0.9,float16,cold,rotate,74.350,73.985,74.380,74.213,0.208,5,1495,149,607744,1.101,0.014802,false,2,f2d1bf7-dirty
compile,1,151936,50,0.9,float16,cold,rotate,161.085,160.811,162.133,161.283,0.626,5,714,71,303872,0.550,0.003416,false,2,f2d1bf7-dirty
graph_eager,1,151936,50,0.9,float16,cold,rotate_into_static,83.043,83.018,83.185,83.073,0.082,5,1417,141,303872,0.550,0.006626,false,2,f2d1bf7-dirty
graph_compile,1,151936,50,0.9,float16,cold,rotate_into_static,72.817,72.803,73.090,72.887,0.147,5,1608,160,303872,0.550,0.007557,false,2,f2d1bf7-dirty
hf_eager,1,151936,50,0.9,float16,cold,rotate,325.310,324.914,325.700,325.268,0.352,5,368,36,303872,0.550,0.001692,false,2,f2d1bf7-dirty
ref_eager_fullsort,1,151936,50,0.9,float16,cold,rotate,141.577,141.470,143.112,141.934,0.866,5,814,81,303872,0.550,0.003887,false,2,f2d1bf7-dirty
tight_eager,4,151936,50,0.9,float16,cold,rotate,172.844,169.592,177.909,173.346,3.648,5,721,72,1215488,2.201,0.012735,false,2,f2d1bf7-dirty
flashinfer,4,151936,50,0.9,float16,cold,rotate,93.053,92.908,93.437,93.126,0.235,5,1375,137,1215488,2.201,0.023655,false,2,f2d1bf7-dirty
flashinfer_from_probs,4,151936,50,0.9,float16,cold,rotate,75.244,74.784,75.575,75.201,0.341,5,1612,161,2430976,4.402,0.058506,false,2,f2d1bf7-dirty
compile,4,151936,50,0.9,float16,cold,rotate,154.852,154.556,155.796,155.115,0.594,5,832,83,1215488,2.201,0.014214,false,2,f2d1bf7-dirty
graph_eager,4,151936,50,0.9,float16,cold,rotate_into_static,113.032,109.149,118.045,113.395,4.349,5,1099,109,1215488,2.201,0.019473,false,2,f2d1bf7-dirty
graph_compile,4,151936,50,0.9,float16,cold,rotate_into_static,100.855,100.826,100.862,100.846,0.016,5,1182,118,1215488,2.201,0.021825,false,2,f2d1bf7-dirty
hf_eager,4,151936,50,0.9,float16,cold,rotate,599.070,598.802,599.187,599.007,0.186,5,199,19,1215488,2.201,0.003674,false,2,f2d1bf7-dirty
ref_eager_fullsort,4,151936,50,0.9,float16,cold,rotate,238.922,237.455,239.094,238.523,0.781,5,504,50,1215488,2.201,0.009213,false,2,f2d1bf7-dirty
tight_eager,8,151936,50,0.9,float16,cold,rotate,169.842,169.650,169.964,169.823,0.137,5,696,69,2430976,4.402,0.025920,false,2,f2d1bf7-dirty
flashinfer,8,151936,50,0.9,float16,cold,rotate,92.871,92.826,92.921,92.876,0.043,5,1270,127,2430976,4.402,0.047402,false,2,f2d1bf7-dirty
flashinfer_from_probs,8,151936,50,0.9,float16,cold,rotate,74.202,73.923,74.228,74.129,0.149,5,1496,149,4861952,8.804,0.118655,false,2,f2d1bf7-dirty
compile,8,151936,50,0.9,float16,cold,rotate,152.572,151.544,152.827,152.353,0.595,5,734,73,2430976,4.402,0.028853,false,2,f2d1bf7-dirty
graph_eager,8,151936,50,0.9,float16,cold,rotate_into_static,115.369,115.041,115.381,115.275,0.169,5,1035,103,2430976,4.402,0.038158,false,2,f2d1bf7-dirty
graph_compile,8,151936,50,0.9,float16,cold,rotate_into_static,105.833,105.773,105.889,105.829,0.054,5,1118,111,2430976,4.402,0.041596,false,2,f2d1bf7-dirty
hf_eager,8,151936,50,0.9,float16,cold,rotate,704.716,703.659,711.595,706.507,3.723,5,166,16,2430976,4.402,0.006247,false,2,f2d1bf7-dirty
ref_eager_fullsort,8,151936,50,0.9,float16,cold,rotate,355.125,349.565,355.852,353.838,3.102,5,347,34,2430976,4.402,0.012396,false,2,f2d1bf7-dirty
tight_eager,16,151936,50,0.9,float16,cold,rotate,187.373,187.304,187.435,187.372,0.058,5,633,63,4861952,8.804,0.046989,false,2,f2d1bf7-dirty
flashinfer,16,151936,50,0.9,float16,cold,rotate,119.292,119.232,119.325,119.280,0.044,5,995,99,4861952,8.804,0.073806,false,2,f2d1bf7-dirty
flashinfer_from_probs,16,151936,50,0.9,float16,cold,rotate,78.272,78.260,78.305,78.280,0.021,5,1477,147,9723904,17.609,0.224970,false,2,f2d1bf7-dirty
compile,16,151936,50,0.9,float16,cold,rotate,159.913,159.783,160.093,159.941,0.137,5,717,71,4861952,8.804,0.055058,false,2,f2d1bf7-dirty
graph_eager,16,151936,50,0.9,float16,cold,rotate_into_static,132.427,131.927,132.448,132.297,0.270,5,905,90,4861952,8.804,0.066485,false,2,f2d1bf7-dirty
graph_compile,16,151936,50,0.9,float16,cold,rotate_into_static,119.596,119.490,119.635,119.582,0.069,5,995,99,4861952,8.804,0.073619,false,2,f2d1bf7-dirty
hf_eager,16,151936,50,0.9,float16,cold,rotate,1154.014,1153.527,1155.155,1154.170,0.737,5,103,10,4861952,8.804,0.007629,false,2,f2d1bf7-dirty
ref_eager_fullsort,16,151936,50,0.9,float16,cold,rotate,699.855,696.332,700.267,699.064,2.013,5,172,17,4861952,8.804,0.012580,false,2,f2d1bf7-dirty
tight_eager,32,151936,50,0.9,float16,cold,rotate,230.591,230.199,231.401,230.662,0.557,5,516,51,9723904,17.609,0.076365,false,2,f2d1bf7-dirty
flashinfer,32,151936,50,0.9,float16,cold,rotate,193.794,192.707,193.926,193.544,0.607,5,627,62,9723904,17.609,0.090864,false,2,f2d1bf7-dirty
flashinfer_from_probs,32,151936,50,0.9,float16,cold,rotate,127.658,127.602,127.708,127.656,0.045,5,924,92,19447808,35.218,0.275878,false,2,f2d1bf7-dirty
compile,32,151936,50,0.9,float16,cold,rotate,196.299,193.572,196.530,195.610,1.475,5,611,61,9723904,17.609,0.089705,false,2,f2d1bf7-dirty
graph_eager,32,151936,50,0.9,float16,cold,rotate_into_static,191.711,191.313,191.760,191.624,0.231,5,627,62,9723904,17.609,0.091851,false,2,f2d1bf7-dirty
graph_compile,32,151936,50,0.9,float16,cold,rotate_into_static,180.458,180.043,180.532,180.367,0.239,5,666,66,9723904,17.609,0.097579,false,2,f2d1bf7-dirty
hf_eager,32,151936,50,0.9,float16,cold,rotate,2191.257,2190.686,2222.616,2203.339,17.052,5,54,10,9723904,17.609,0.008036,false,2,f2d1bf7-dirty
ref_eager_fullsort,32,151936,50,0.9,float16,cold,rotate,1543.095,1542.678,1543.216,1542.980,0.257,5,77,10,9723904,17.609,0.011411,false,2,f2d1bf7-dirty
tight_eager,1,151936,50,0.9,bfloat16,hot,n/a,136.081,135.823,136.798,136.267,0.442,5,859,85,303872,0.550,0.004044,false,2,f2d1bf7-dirty
flashinfer,1,151936,50,0.9,bfloat16,hot,n/a,84.077,83.990,84.210,84.089,0.098,5,1329,132,303872,0.550,0.006545,false,2,f2d1bf7-dirty
flashinfer_from_probs,1,151936,50,0.9,bfloat16,hot,n/a,73.067,72.880,73.378,73.082,0.226,5,1496,149,607744,1.101,0.015062,false,2,f2d1bf7-dirty
compile,1,151936,50,0.9,bfloat16,hot,n/a,158.095,157.503,158.408,158.055,0.418,5,721,72,303872,0.550,0.003481,false,2,f2d1bf7-dirty
graph_eager,1,151936,50,0.9,bfloat16,hot,n/a,81.799,81.596,81.905,81.779,0.140,5,1475,147,303872,0.550,0.006727,false,2,f2d1bf7-dirty
graph_compile,1,151936,50,0.9,bfloat16,hot,n/a,72.417,72.334,72.476,72.402,0.064,5,1663,166,303872,0.550,0.007599,false,2,f2d1bf7-dirty
hf_eager,1,151936,50,0.9,bfloat16,hot,n/a,324.924,324.511,325.341,324.912,0.385,5,368,36,303872,0.550,0.001694,false,2,f2d1bf7-dirty
ref_eager_fullsort,1,151936,50,0.9,bfloat16,hot,n/a,138.724,138.607,139.042,138.791,0.193,5,843,84,303872,0.550,0.003967,false,2,f2d1bf7-dirty
tight_eager,4,151936,50,0.9,bfloat16,hot,n/a,163.134,163.068,163.792,163.336,0.343,5,731,73,1215488,2.201,0.013493,false,2,f2d1bf7-dirty
flashinfer,4,151936,50,0.9,bfloat16,hot,n/a,85.471,85.407,85.569,85.478,0.074,5,1336,133,1215488,2.201,0.025753,false,2,f2d1bf7-dirty
flashinfer_from_probs,4,151936,50,0.9,bfloat16,hot,n/a,73.772,73.437,74.195,73.801,0.329,5,1491,149,2430976,4.402,0.059673,false,2,f2d1bf7-dirty
compile,4,151936,50,0.9,bfloat16,hot,n/a,151.758,151.659,152.060,151.830,0.190,5,747,74,1215488,2.201,0.014504,false,2,f2d1bf7-dirty
graph_eager,4,151936,50,0.9,bfloat16,hot,n/a,105.721,105.285,105.783,105.636,0.259,5,1147,114,1215488,2.201,0.020820,false,2,f2d1bf7-dirty
graph_compile,4,151936,50,0.9,bfloat16,hot,n/a,95.069,95.033,95.072,95.057,0.019,5,1262,126,1215488,2.201,0.023153,false,2,f2d1bf7-dirty
hf_eager,4,151936,50,0.9,bfloat16,hot,n/a,596.990,596.819,597.587,597.109,0.352,5,198,19,1215488,2.201,0.003687,false,2,f2d1bf7-dirty
ref_eager_fullsort,4,151936,50,0.9,bfloat16,hot,n/a,229.939,229.465,230.008,229.824,0.261,5,519,51,1215488,2.201,0.009573,false,2,f2d1bf7-dirty
tight_eager,8,151936,50,0.9,bfloat16,hot,n/a,167.608,167.344,167.730,167.572,0.177,5,717,71,2430976,4.402,0.026265,false,2,f2d1bf7-dirty
flashinfer,8,151936,50,0.9,bfloat16,hot,n/a,91.029,91.015,91.054,91.032,0.017,5,1317,131,2430976,4.402,0.048361,false,2,f2d1bf7-dirty
flashinfer_from_probs,8,151936,50,0.9,bfloat16,hot,n/a,73.873,73.826,74.263,73.977,0.207,5,1518,151,4861952,8.804,0.119183,false,2,f2d1bf7-dirty
compile,8,151936,50,0.9,bfloat16,hot,n/a,152.252,152.181,152.357,152.263,0.077,5,739,73,2430976,4.402,0.028914,false,2,f2d1bf7-dirty
graph_eager,8,151936,50,0.9,bfloat16,hot,n/a,108.464,108.013,108.592,108.396,0.283,5,1115,111,2430976,4.402,0.040587,false,2,f2d1bf7-dirty
graph_compile,8,151936,50,0.9,bfloat16,hot,n/a,102.810,98.971,102.836,101.674,1.952,5,1174,117,2430976,4.402,0.042819,false,2,f2d1bf7-dirty
hf_eager,8,151936,50,0.9,bfloat16,hot,n/a,706.606,705.805,712.387,707.922,3.242,5,166,16,2430976,4.402,0.006230,false,2,f2d1bf7-dirty
ref_eager_fullsort,8,151936,50,0.9,bfloat16,hot,n/a,346.372,338.375,347.468,344.488,4.432,5,360,36,2430976,4.402,0.012710,false,2,f2d1bf7-dirty
tight_eager,16,151936,50,0.9,bfloat16,hot,n/a,182.854,182.775,183.023,182.883,0.112,5,655,65,4861952,8.804,0.048150,false,2,f2d1bf7-dirty
flashinfer,16,151936,50,0.9,bfloat16,hot,n/a,116.222,115.349,116.259,116.009,0.488,5,1036,103,4861952,8.804,0.075756,false,2,f2d1bf7-dirty
flashinfer_from_probs,16,151936,50,0.9,bfloat16,hot,n/a,74.349,74.096,74.434,74.289,0.163,5,1484,148,9723904,17.609,0.236842,false,2,f2d1bf7-dirty
compile,16,151936,50,0.9,bfloat16,hot,n/a,182.802,181.959,182.935,182.611,0.473,5,658,65,4861952,8.804,0.048164,false,2,f2d1bf7-dirty
graph_eager,16,151936,50,0.9,bfloat16,hot,n/a,122.606,121.891,122.686,122.419,0.383,5,989,98,4861952,8.804,0.071811,false,2,f2d1bf7-dirty
graph_compile,16,151936,50,0.9,bfloat16,hot,n/a,122.736,122.413,122.765,122.657,0.179,5,974,97,4861952,8.804,0.071735,false,2,f2d1bf7-dirty
hf_eager,16,151936,50,0.9,bfloat16,hot,n/a,1189.285,1188.712,1191.792,1189.826,1.439,5,100,10,4861952,8.804,0.007403,false,2,f2d1bf7-dirty
ref_eager_fullsort,16,151936,50,0.9,bfloat16,hot,n/a,708.852,706.580,708.956,708.227,1.190,5,170,17,4861952,8.804,0.012421,false,2,f2d1bf7-dirty
tight_eager,32,151936,50,0.9,bfloat16,hot,n/a,219.201,219.095,219.833,219.320,0.377,5,540,54,9723904,17.609,0.080332,false,2,f2d1bf7-dirty
flashinfer,32,151936,50,0.9,bfloat16,hot,n/a,177.413,176.013,177.506,177.060,0.758,5,696,69,9723904,17.609,0.099254,false,2,f2d1bf7-dirty
flashinfer_from_probs,32,151936,50,0.9,bfloat16,hot,n/a,101.210,101.198,101.224,101.209,0.012,5,1172,117,19447808,35.218,0.347969,false,2,f2d1bf7-dirty
compile,32,151936,50,0.9,bfloat16,hot,n/a,219.116,217.056,219.385,218.691,1.202,5,555,55,9723904,17.609,0.080364,false,2,f2d1bf7-dirty
graph_eager,32,151936,50,0.9,bfloat16,hot,n/a,168.256,166.306,168.293,167.755,1.060,5,731,73,9723904,17.609,0.104656,false,2,f2d1bf7-dirty
graph_compile,32,151936,50,0.9,bfloat16,hot,n/a,168.313,168.059,168.370,168.266,0.152,5,712,71,9723904,17.609,0.104620,false,2,f2d1bf7-dirty
hf_eager,32,151936,50,0.9,bfloat16,hot,n/a,2194.872,2194.449,2195.998,2195.021,0.725,5,54,10,9723904,17.609,0.008023,false,2,f2d1bf7-dirty
ref_eager_fullsort,32,151936,50,0.9,bfloat16,hot,n/a,1538.733,1538.508,1538.905,1538.703,0.172,5,77,10,9723904,17.609,0.011444,false,2,f2d1bf7-dirty
tight_eager,1,151936,50,0.9,bfloat16,cold,rotate,137.407,137.211,137.829,137.442,0.290,5,845,84,303872,0.550,0.004005,false,2,f2d1bf7-dirty
flashinfer,1,151936,50,0.9,bfloat16,cold,rotate,84.025,83.773,84.109,83.988,0.159,5,1331,133,303872,0.550,0.006549,false,2,f2d1bf7-dirty
flashinfer_from_probs,1,151936,50,0.9,bfloat16,cold,rotate,74.795,74.606,74.880,74.748,0.123,5,1472,147,607744,1.101,0.014714,false,2,f2d1bf7-dirty
compile,1,151936,50,0.9,bfloat16,cold,rotate,161.485,161.192,162.390,161.649,0.548,5,702,70,303872,0.550,0.003408,false,2,f2d1bf7-dirty
graph_eager,1,151936,50,0.9,bfloat16,cold,rotate_into_static,83.041,83.030,83.118,83.067,0.044,5,1418,141,303872,0.550,0.006627,false,2,f2d1bf7-dirty
graph_compile,1,151936,50,0.9,bfloat16,cold,rotate_into_static,73.238,72.887,73.655,73.260,0.368,5,1616,161,303872,0.550,0.007514,false,2,f2d1bf7-dirty
hf_eager,1,151936,50,0.9,bfloat16,cold,rotate,325.547,325.038,325.922,325.484,0.402,5,363,36,303872,0.550,0.001690,false,2,f2d1bf7-dirty
ref_eager_fullsort,1,151936,50,0.9,bfloat16,cold,rotate,140.221,140.071,140.523,140.251,0.207,5,829,82,303872,0.550,0.003924,false,2,f2d1bf7-dirty
tight_eager,4,151936,50,0.9,bfloat16,cold,rotate,165.840,164.098,166.350,165.500,1.047,5,730,73,1215488,2.201,0.013273,false,2,f2d1bf7-dirty
flashinfer,4,151936,50,0.9,bfloat16,cold,rotate,87.354,87.309,87.408,87.357,0.044,5,1337,133,1215488,2.201,0.025198,false,2,f2d1bf7-dirty
flashinfer_from_probs,4,151936,50,0.9,bfloat16,cold,rotate,73.689,73.620,74.141,73.823,0.248,5,1510,151,2430976,4.402,0.059741,false,2,f2d1bf7-dirty
compile,4,151936,50,0.9,bfloat16,cold,rotate,152.466,151.973,152.871,152.481,0.413,5,743,74,1215488,2.201,0.014437,false,2,f2d1bf7-dirty
graph_eager,4,151936,50,0.9,bfloat16,cold,rotate_into_static,110.978,110.438,111.019,110.842,0.294,5,1090,109,1215488,2.201,0.019834,false,2,f2d1bf7-dirty
graph_compile,4,151936,50,0.9,bfloat16,cold,rotate_into_static,100.966,100.917,101.029,100.970,0.049,5,1176,117,1215488,2.201,0.021801,false,2,f2d1bf7-dirty
hf_eager,4,151936,50,0.9,bfloat16,cold,rotate,597.687,597.420,597.854,597.660,0.200,5,200,20,1215488,2.201,0.003683,false,2,f2d1bf7-dirty
ref_eager_fullsort,4,151936,50,0.9,bfloat16,cold,rotate,233.416,232.529,233.493,233.215,0.504,5,512,51,1215488,2.201,0.009430,false,2,f2d1bf7-dirty
tight_eager,8,151936,50,0.9,bfloat16,cold,rotate,170.903,170.670,171.313,170.936,0.287,5,698,69,2430976,4.402,0.025759,false,2,f2d1bf7-dirty
flashinfer,8,151936,50,0.9,bfloat16,cold,rotate,92.999,92.985,93.044,93.011,0.026,5,1266,126,2430976,4.402,0.047336,false,2,f2d1bf7-dirty
flashinfer_from_probs,8,151936,50,0.9,bfloat16,cold,rotate,73.964,73.829,74.110,73.973,0.133,5,1490,149,4861952,8.804,0.119037,false,2,f2d1bf7-dirty
compile,8,151936,50,0.9,bfloat16,cold,rotate,152.615,152.414,152.960,152.663,0.237,5,737,73,2430976,4.402,0.028845,false,2,f2d1bf7-dirty
graph_eager,8,151936,50,0.9,bfloat16,cold,rotate_into_static,115.868,115.641,115.883,115.804,0.119,5,1035,103,2430976,4.402,0.037994,false,2,f2d1bf7-dirty
graph_compile,8,151936,50,0.9,bfloat16,cold,rotate_into_static,105.914,105.878,105.956,105.919,0.037,5,1113,111,2430976,4.402,0.041564,false,2,f2d1bf7-dirty
hf_eager,8,151936,50,0.9,bfloat16,cold,rotate,705.303,704.524,711.784,706.894,3.542,5,165,16,2430976,4.402,0.006242,false,2,f2d1bf7-dirty
ref_eager_fullsort,8,151936,50,0.9,bfloat16,cold,rotate,346.201,338.385,346.788,344.133,4.157,5,359,35,2430976,4.402,0.012716,false,2,f2d1bf7-dirty
tight_eager,16,151936,50,0.9,bfloat16,cold,rotate,187.221,187.080,187.388,187.241,0.134,5,634,63,4861952,8.804,0.047027,false,2,f2d1bf7-dirty
flashinfer,16,151936,50,0.9,bfloat16,cold,rotate,119.241,119.233,119.270,119.248,0.017,5,995,99,4861952,8.804,0.073838,false,2,f2d1bf7-dirty
flashinfer_from_probs,16,151936,50,0.9,bfloat16,cold,rotate,78.294,78.276,78.327,78.299,0.022,5,1462,146,9723904,17.609,0.224908,false,2,f2d1bf7-dirty
compile,16,151936,50,0.9,bfloat16,cold,rotate,187.055,186.622,187.191,186.967,0.262,5,634,63,4861952,8.804,0.047069,false,2,f2d1bf7-dirty
graph_eager,16,151936,50,0.9,bfloat16,cold,rotate_into_static,132.328,131.675,132.342,132.146,0.340,5,916,91,4861952,8.804,0.066535,false,2,f2d1bf7-dirty
graph_compile,16,151936,50,0.9,bfloat16,cold,rotate_into_static,132.367,132.206,132.414,132.340,0.100,5,900,90,4861952,8.804,0.066516,false,2,f2d1bf7-dirty
hf_eager,16,151936,50,0.9,bfloat16,cold,rotate,1154.726,1154.327,1156.429,1155.047,1.014,5,103,10,4861952,8.804,0.007625,false,2,f2d1bf7-dirty
ref_eager_fullsort,16,151936,50,0.9,bfloat16,cold,rotate,705.486,703.708,705.932,705.162,1.064,5,171,17,4861952,8.804,0.012480,false,2,f2d1bf7-dirty
tight_eager,32,151936,50,0.9,bfloat16,cold,rotate,229.901,229.715,230.233,229.940,0.228,5,517,51,9723904,17.609,0.076594,false,2,f2d1bf7-dirty
flashinfer,32,151936,50,0.9,bfloat16,cold,rotate,193.683,192.721,193.905,193.489,0.561,5,627,62,9723904,17.609,0.090916,false,2,f2d1bf7-dirty
flashinfer_from_probs,32,151936,50,0.9,bfloat16,cold,rotate,127.634,127.619,127.682,127.644,0.029,5,921,92,19447808,35.218,0.275929,false,2,f2d1bf7-dirty
compile,32,151936,50,0.9,bfloat16,cold,rotate,230.672,228.156,230.939,230.070,1.387,5,528,52,9723904,17.609,0.076337,false,2,f2d1bf7-dirty
graph_eager,32,151936,50,0.9,bfloat16,cold,rotate_into_static,192.352,189.856,192.410,191.689,1.331,5,643,64,9723904,17.609,0.091545,false,2,f2d1bf7-dirty
graph_compile,32,151936,50,0.9,bfloat16,cold,rotate_into_static,198.871,198.387,198.957,198.778,0.286,5,601,60,9723904,17.609,0.088545,false,2,f2d1bf7-dirty
hf_eager,32,151936,50,0.9,bfloat16,cold,rotate,2223.701,2214.848,2224.396,2221.615,4.987,5,54,10,9723904,17.609,0.007919,false,2,f2d1bf7-dirty
ref_eager_fullsort,32,151936,50,0.9,bfloat16,cold,rotate,1537.599,1537.535,1537.877,1537.655,0.162,5,78,10,9723904,17.609,0.011452,false,2,f2d1bf7-dirty
tight_eager,1,128256,20,0.9,bfloat16,hot,n/a,134.539,134.512,135.530,134.790,0.542,5,859,85,256512,0.465,0.003453,false,2,f2d1bf7-dirty
flashinfer,1,128256,20,0.9,bfloat16,hot,n/a,81.908,81.785,82.263,81.974,0.216,5,1370,137,256512,0.465,0.005671,false,2,f2d1bf7-dirty
flashinfer_from_probs,1,128256,20,0.9,bfloat16,hot,n/a,72.999,72.913,73.334,73.065,0.198,5,1532,153,513024,0.929,0.012727,false,2,f2d1bf7-dirty
compile,1,128256,20,0.9,bfloat16,hot,n/a,161.698,161.402,163.025,161.942,0.801,5,724,72,256512,0.465,0.002873,false,2,f2d1bf7-dirty
graph_eager,1,128256,20,0.9,bfloat16,hot,n/a,76.721,76.700,76.751,76.726,0.023,5,1546,154,256512,0.465,0.006055,false,2,f2d1bf7-dirty
graph_compile,1,128256,20,0.9,bfloat16,hot,n/a,76.721,76.677,76.781,76.725,0.045,5,1540,154,256512,0.465,0.006055,false,2,f2d1bf7-dirty
hf_eager,1,128256,20,0.9,bfloat16,hot,n/a,338.594,338.419,338.617,338.556,0.100,5,352,35,256512,0.465,0.001372,false,2,f2d1bf7-dirty
ref_eager_fullsort,1,128256,20,0.9,bfloat16,hot,n/a,136.390,136.208,138.335,136.857,1.074,5,843,84,256512,0.465,0.003406,false,2,f2d1bf7-dirty
tight_eager,32,128256,20,0.9,bfloat16,hot,n/a,201.930,200.853,202.011,201.678,0.607,5,597,59,8208384,14.864,0.073612,false,2,f2d1bf7-dirty
flashinfer,32,128256,20,0.9,bfloat16,hot,n/a,141.719,140.483,141.780,141.429,0.700,5,869,86,8208384,14.864,0.104887,false,2,f2d1bf7-dirty
flashinfer_from_probs,32,128256,20,0.9,bfloat16,hot,n/a,84.340,84.290,84.418,84.345,0.057,5,1385,138,16416768,29.729,0.352491,false,2,f2d1bf7-dirty
compile,32,128256,20,0.9,bfloat16,hot,n/a,202.977,202.290,203.096,202.841,0.406,5,587,58,8208384,14.864,0.073232,false,2,f2d1bf7-dirty
graph_eager,32,128256,20,0.9,bfloat16,hot,n/a,150.157,148.648,150.199,149.762,0.811,5,813,81,8208384,14.864,0.098993,false,2,f2d1bf7-dirty
graph_compile,32,128256,20,0.9,bfloat16,hot,n/a,150.131,150.078,150.195,150.143,0.054,5,793,79,8208384,14.864,0.099010,false,2,f2d1bf7-dirty
hf_eager,32,128256,20,0.9,bfloat16,hot,n/a,1837.188,1837.041,1837.786,1837.352,0.344,5,65,10,8208384,14.864,0.008091,false,2,f2d1bf7-dirty
ref_eager_fullsort,32,128256,20,0.9,bfloat16,hot,n/a,1283.027,1282.981,1283.150,1283.055,0.082,5,93,10,8208384,14.864,0.011585,false,2,f2d1bf7-dirty
tight_eager,1,128256,20,0.95,bfloat16,hot,n/a,134.050,133.862,135.220,134.302,0.671,5,863,86,256512,0.465,0.003465,false,2,f2d1bf7-dirty
flashinfer,1,128256,20,0.95,bfloat16,hot,n/a,82.037,81.703,82.391,82.031,0.297,5,1356,135,256512,0.465,0.005662,false,2,f2d1bf7-dirty
flashinfer_from_probs,1,128256,20,0.95,bfloat16,hot,n/a,73.202,73.159,73.410,73.251,0.117,5,1513,151,513024,0.929,0.012691,false,2,f2d1bf7-dirty
compile,1,128256,20,0.95,bfloat16,hot,n/a,161.568,161.557,163.031,161.943,0.802,5,718,71,256512,0.465,0.002875,false,2,f2d1bf7-dirty
graph_eager,1,128256,20,0.95,bfloat16,hot,n/a,76.750,76.731,76.818,76.770,0.042,5,1539,153,256512,0.465,0.006052,false,2,f2d1bf7-dirty
graph_compile,1,128256,20,0.95,bfloat16,hot,n/a,83.730,83.725,83.733,83.729,0.004,5,1454,145,256512,0.465,0.005548,false,2,f2d1bf7-dirty
hf_eager,1,128256,20,0.95,bfloat16,hot,n/a,338.385,338.356,341.906,339.265,1.961,5,342,34,256512,0.465,0.001373,false,2,f2d1bf7-dirty
ref_eager_fullsort,1,128256,20,0.95,bfloat16,hot,n/a,137.652,137.533,138.401,137.819,0.426,5,840,84,256512,0.465,0.003375,false,2,f2d1bf7-dirty
tight_eager,32,128256,20,0.95,bfloat16,hot,n/a,202.017,201.535,202.137,201.938,0.297,5,591,59,8208384,14.864,0.073580,false,2,f2d1bf7-dirty
flashinfer,32,128256,20,0.95,bfloat16,hot,n/a,141.147,139.879,141.168,140.835,0.711,5,872,87,8208384,14.864,0.105312,false,2,f2d1bf7-dirty
flashinfer_from_probs,32,128256,20,0.95,bfloat16,hot,n/a,83.512,83.456,83.567,83.511,0.048,5,1393,139,16416768,29.729,0.355985,false,2,f2d1bf7-dirty
compile,32,128256,20,0.95,bfloat16,hot,n/a,202.800,202.111,202.830,202.630,0.381,5,589,58,8208384,14.864,0.073296,false,2,f2d1bf7-dirty
graph_eager,32,128256,20,0.95,bfloat16,hot,n/a,149.990,148.466,150.046,149.606,0.836,5,814,81,8208384,14.864,0.099103,false,2,f2d1bf7-dirty
graph_compile,32,128256,20,0.95,bfloat16,hot,n/a,150.034,149.979,150.057,150.027,0.036,5,799,79,8208384,14.864,0.099074,false,2,f2d1bf7-dirty
hf_eager,32,128256,20,0.95,bfloat16,hot,n/a,1835.785,1835.481,1836.546,1835.939,0.475,5,65,10,8208384,14.864,0.008097,false,2,f2d1bf7-dirty
ref_eager_fullsort,32,128256,20,0.95,bfloat16,hot,n/a,1282.498,1282.024,1283.043,1282.575,0.469,5,93,10,8208384,14.864,0.011590,false,2,f2d1bf7-dirty
tight_eager,1,128256,50,0.9,bfloat16,hot,n/a,134.115,133.972,135.340,134.396,0.686,5,867,86,256512,0.465,0.003464,false,2,f2d1bf7-dirty
flashinfer,1,128256,50,0.9,bfloat16,hot,n/a,82.422,82.317,82.730,82.491,0.190,5,1355,135,256512,0.465,0.005636,false,2,f2d1bf7-dirty
flashinfer_from_probs,1,128256,50,0.9,bfloat16,hot,n/a,73.237,73.097,73.403,73.256,0.133,5,1523,152,513024,0.929,0.012685,false,2,f2d1bf7-dirty
compile,1,128256,50,0.9,bfloat16,hot,n/a,160.774,160.681,161.737,161.011,0.527,5,720,72,256512,0.465,0.002889,false,2,f2d1bf7-dirty
graph_eager,1,128256,50,0.9,bfloat16,hot,n/a,77.788,77.759,77.812,77.789,0.024,5,1541,154,256512,0.465,0.005972,false,2,f2d1bf7-dirty
graph_compile,1,128256,50,0.9,bfloat16,hot,n/a,77.959,77.951,77.969,77.960,0.008,5,1543,154,256512,0.465,0.005958,false,2,f2d1bf7-dirty
hf_eager,1,128256,50,0.9,bfloat16,hot,n/a,340.235,340.072,340.345,340.217,0.131,5,350,35,256512,0.465,0.001365,false,2,f2d1bf7-dirty
ref_eager_fullsort,1,128256,50,0.9,bfloat16,hot,n/a,137.479,137.089,138.145,137.544,0.470,5,836,83,256512,0.465,0.003379,false,2,f2d1bf7-dirty
tight_eager,32,128256,50,0.9,bfloat16,hot,n/a,200.753,200.444,201.023,200.730,0.253,5,597,59,8208384,14.864,0.074044,false,2,f2d1bf7-dirty
flashinfer,32,128256,50,0.9,bfloat16,hot,n/a,141.803,140.390,141.842,141.452,0.785,5,872,87,8208384,14.864,0.104825,false,2,f2d1bf7-dirty
flashinfer_from_probs,32,128256,50,0.9,bfloat16,hot,n/a,82.747,82.699,82.763,82.739,0.029,5,1421,142,16416768,29.729,0.359274,false,2,f2d1bf7-dirty
compile,32,128256,50,0.9,bfloat16,hot,n/a,202.391,201.726,202.502,202.262,0.395,5,590,59,8208384,14.864,0.073445,false,2,f2d1bf7-dirty
graph_eager,32,128256,50,0.9,bfloat16,hot,n/a,150.110,148.763,150.221,149.791,0.747,5,812,81,8208384,14.864,0.099024,false,2,f2d1bf7-dirty
graph_compile,32,128256,50,0.9,bfloat16,hot,n/a,150.282,150.262,153.281,151.028,1.675,5,771,77,8208384,14.864,0.098911,false,2,f2d1bf7-dirty
hf_eager,32,128256,50,0.9,bfloat16,hot,n/a,1838.737,1838.173,1839.400,1838.751,0.534,5,65,10,8208384,14.864,0.008084,false,2,f2d1bf7-dirty
ref_eager_fullsort,32,128256,50,0.9,bfloat16,hot,n/a,1282.279,1281.922,1282.345,1282.208,0.211,5,93,10,8208384,14.864,0.011592,false,2,f2d1bf7-dirty
tight_eager,1,128256,50,0.95,bfloat16,hot,n/a,134.581,134.055,135.202,134.582,0.498,5,856,85,256512,0.465,0.003452,false,2,f2d1bf7-dirty
flashinfer,1,128256,50,0.95,bfloat16,hot,n/a,82.549,82.326,82.947,82.645,0.284,5,1370,137,256512,0.465,0.005627,false,2,f2d1bf7-dirty
flashinfer_from_probs,1,128256,50,0.95,bfloat16,hot,n/a,73.576,73.496,73.968,73.651,0.234,5,1551,155,513024,0.929,0.012627,false,2,f2d1bf7-dirty
compile,1,128256,50,0.95,bfloat16,hot,n/a,161.056,160.854,162.412,161.365,0.762,5,717,71,256512,0.465,0.002884,false,2,f2d1bf7-dirty
graph_eager,1,128256,50,0.95,bfloat16,hot,n/a,78.059,78.024,78.068,78.052,0.021,5,1539,153,256512,0.465,0.005951,false,2,f2d1bf7-dirty
graph_compile,1,128256,50,0.95,bfloat16,hot,n/a,78.049,78.031,78.071,78.051,0.017,5,1537,153,256512,0.465,0.005952,false,2,f2d1bf7-dirty
hf_eager,1,128256,50,0.95,bfloat16,hot,n/a,340.276,340.195,340.321,340.258,0.060,5,351,35,256512,0.465,0.001365,false,2,f2d1bf7-dirty
ref_eager_fullsort,1,128256,50,0.95,bfloat16,hot,n/a,138.516,138.403,138.935,138.600,0.246,5,831,83,256512,0.465,0.003354,false,2,f2d1bf7-dirty
tight_eager,32,128256,50,0.95,bfloat16,hot,n/a,201.020,200.550,201.248,200.991,0.331,5,599,59,8208384,14.864,0.073945,false,2,f2d1bf7-dirty
flashinfer,32,128256,50,0.95,bfloat16,hot,n/a,141.244,139.570,141.293,140.835,0.937,5,879,87,8208384,14.864,0.105240,false,2,f2d1bf7-dirty
flashinfer_from_probs,32,128256,50,0.95,bfloat16,hot,n/a,82.265,82.241,82.281,82.261,0.019,5,1419,141,16416768,29.729,0.361382,false,2,f2d1bf7-dirty
compile,32,128256,50,0.95,bfloat16,hot,n/a,202.378,201.492,202.544,202.174,0.497,5,591,59,8208384,14.864,0.073449,false,2,f2d1bf7-dirty
graph_eager,32,128256,50,0.95,bfloat16,hot,n/a,150.054,148.657,150.118,149.705,0.764,5,814,81,8208384,14.864,0.099061,false,2,f2d1bf7-dirty
graph_compile,32,128256,50,0.95,bfloat16,hot,n/a,150.169,150.009,150.179,150.128,0.086,5,794,79,8208384,14.864,0.098985,false,2,f2d1bf7-dirty
hf_eager,32,128256,50,0.95,bfloat16,hot,n/a,1837.707,1837.167,1838.109,1837.678,0.417,5,65,10,8208384,14.864,0.008089,false,2,f2d1bf7-dirty
ref_eager_fullsort,32,128256,50,0.95,bfloat16,hot,n/a,1281.646,1281.325,1282.155,1281.747,0.382,5,93,10,8208384,14.864,0.011598,false,2,f2d1bf7-dirty
tight_eager,1,128256,100,0.9,bfloat16,hot,n/a,134.065,133.869,135.190,134.357,0.629,5,862,86,256512,0.465,0.003465,false,2,f2d1bf7-dirty
flashinfer,1,128256,100,0.9,bfloat16,hot,n/a,82.341,82.173,82.619,82.397,0.198,5,1368,136,256512,0.465,0.005641,false,2,f2d1bf7-dirty
flashinfer_from_probs,1,128256,100,0.9,bfloat16,hot,n/a,73.584,73.477,74.149,73.715,0.320,5,1529,152,513024,0.929,0.012625,false,2,f2d1bf7-dirty
compile,1,128256,100,0.9,bfloat16,hot,n/a,160.948,160.762,161.744,161.106,0.467,5,724,72,256512,0.465,0.002886,false,2,f2d1bf7-dirty
graph_eager,1,128256,100,0.9,bfloat16,hot,n/a,78.242,78.235,78.325,78.266,0.043,5,1505,150,256512,0.465,0.005937,false,2,f2d1bf7-dirty
graph_compile,1,128256,100,0.9,bfloat16,hot,n/a,78.261,78.258,78.266,78.262,0.004,5,1523,152,256512,0.465,0.005935,false,2,f2d1bf7-dirty
hf_eager,1,128256,100,0.9,bfloat16,hot,n/a,340.306,340.286,340.364,340.319,0.035,5,350,35,256512,0.465,0.001365,false,2,f2d1bf7-dirty
ref_eager_fullsort,1,128256,100,0.9,bfloat16,hot,n/a,137.861,137.682,138.547,137.998,0.408,5,836,83,256512,0.465,0.003369,false,2,f2d1bf7-dirty
tight_eager,32,128256,100,0.9,bfloat16,hot,n/a,201.175,200.940,201.333,201.170,0.177,5,593,59,8208384,14.864,0.073888,false,2,f2d1bf7-dirty
flashinfer,32,128256,100,0.9,bfloat16,hot,n/a,141.823,140.482,141.856,141.496,0.752,5,866,86,8208384,14.864,0.104810,false,2,f2d1bf7-dirty
flashinfer_from_probs,32,128256,100,0.9,bfloat16,hot,n/a,84.471,84.445,84.499,84.471,0.024,5,1377,137,16416768,29.729,0.351943,false,2,f2d1bf7-dirty
compile,32,128256,100,0.9,bfloat16,hot,n/a,201.528,201.322,201.689,201.527,0.164,5,588,58,8208384,14.864,0.073759,false,2,f2d1bf7-dirty
graph_eager,32,128256,100,0.9,bfloat16,hot,n/a,151.756,150.191,151.804,151.355,0.850,5,804,80,8208384,14.864,0.097950,false,2,f2d1bf7-dirty
graph_compile,32,128256,100,0.9,bfloat16,hot,n/a,151.815,151.672,151.853,151.786,0.084,5,790,79,8208384,14.864,0.097912,false,2,f2d1bf7-dirty
hf_eager,32,128256,100,0.9,bfloat16,hot,n/a,1833.647,1833.558,1834.642,1833.946,0.516,5,65,10,8208384,14.864,0.008107,false,2,f2d1bf7-dirty
ref_eager_fullsort,32,128256,100,0.9,bfloat16,hot,n/a,1281.262,1281.035,1282.587,1281.560,0.754,5,93,10,8208384,14.864,0.011601,false,2,f2d1bf7-dirty
tight_eager,1,128256,100,0.95,bfloat16,hot,n/a,133.939,133.796,134.447,134.027,0.309,5,862,86,256512,0.465,0.003468,false,2,f2d1bf7-dirty
flashinfer,1,128256,100,0.95,bfloat16,hot,n/a,82.151,82.126,82.706,82.315,0.284,5,1350,135,256512,0.465,0.005654,false,2,f2d1bf7-dirty
flashinfer_from_probs,1,128256,100,0.95,bfloat16,hot,n/a,73.280,73.155,73.700,73.365,0.251,5,1545,154,513024,0.929,0.012678,false,2,f2d1bf7-dirty
compile,1,128256,100,0.95,bfloat16,hot,n/a,160.839,160.688,161.272,160.905,0.274,5,725,72,256512,0.465,0.002888,false,2,f2d1bf7-dirty
graph_eager,1,128256,100,0.95,bfloat16,hot,n/a,78.257,78.237,78.280,78.256,0.020,5,1508,150,256512,0.465,0.005936,false,2,f2d1bf7-dirty
graph_compile,1,128256,100,0.95,bfloat16,hot,n/a,78.248,78.237,78.270,78.250,0.015,5,1518,151,256512,0.465,0.005936,false,2,f2d1bf7-dirty
hf_eager,1,128256,100,0.95,bfloat16,hot,n/a,340.267,340.194,340.446,340.298,0.112,5,351,35,256512,0.465,0.001365,false,2,f2d1bf7-dirty
ref_eager_fullsort,1,128256,100,0.95,bfloat16,hot,n/a,137.905,137.621,138.491,138.003,0.387,5,835,83,256512,0.465,0.003368,false,2,f2d1bf7-dirty
tight_eager,32,128256,100,0.95,bfloat16,hot,n/a,200.124,199.963,200.398,200.151,0.200,5,594,59,8208384,14.864,0.074276,false,2,f2d1bf7-dirty
flashinfer,32,128256,100,0.95,bfloat16,hot,n/a,141.240,139.891,141.318,140.930,0.769,5,869,86,8208384,14.864,0.105243,false,2,f2d1bf7-dirty
flashinfer_from_probs,32,128256,100,0.95,bfloat16,hot,n/a,83.709,83.670,83.725,83.705,0.026,5,1393,139,16416768,29.729,0.355147,false,2,f2d1bf7-dirty
compile,32,128256,100,0.95,bfloat16,hot,n/a,201.625,201.381,201.780,201.605,0.175,5,586,58,8208384,14.864,0.073724,false,2,f2d1bf7-dirty
graph_eager,32,128256,100,0.95,bfloat16,hot,n/a,151.743,150.067,151.782,151.291,0.888,5,805,80,8208384,14.864,0.097958,false,2,f2d1bf7-dirty
graph_compile,32,128256,100,0.95,bfloat16,hot,n/a,151.791,151.628,151.794,151.743,0.083,5,791,79,8208384,14.864,0.097928,false,2,f2d1bf7-dirty
hf_eager,32,128256,100,0.95,bfloat16,hot,n/a,1833.657,1833.157,1833.852,1833.563,0.318,5,65,10,8208384,14.864,0.008106,false,2,f2d1bf7-dirty
ref_eager_fullsort,32,128256,100,0.95,bfloat16,hot,n/a,1280.603,1280.002,1281.024,1280.571,0.453,5,93,10,8208384,14.864,0.011607,false,2,f2d1bf7-dirty
tight_eager,1,151936,20,0.9,bfloat16,hot,n/a,136.210,135.879,136.589,136.209,0.310,5,846,84,303872,0.550,0.004040,false,2,f2d1bf7-dirty
flashinfer,1,151936,20,0.9,bfloat16,hot,n/a,84.408,84.337,84.755,84.480,0.201,5,1336,133,303872,0.550,0.006519,false,2,f2d1bf7-dirty
flashinfer_from_probs,1,151936,20,0.9,bfloat16,hot,n/a,72.908,72.568,73.253,72.875,0.306,5,1515,151,607744,1.101,0.015095,false,2,f2d1bf7-dirty
compile,1,151936,20,0.9,bfloat16,hot,n/a,163.921,163.781,164.796,164.125,0.488,5,714,71,303872,0.550,0.003357,false,2,f2d1bf7-dirty
graph_eager,1,151936,20,0.9,bfloat16,hot,n/a,81.503,81.502,81.511,81.506,0.005,5,1471,147,303872,0.550,0.006752,false,2,f2d1bf7-dirty
graph_compile,1,151936,20,0.9,bfloat16,hot,n/a,87.047,86.664,87.180,86.984,0.237,5,1396,139,303872,0.550,0.006322,false,2,f2d1bf7-dirty
hf_eager,1,151936,20,0.9,bfloat16,hot,n/a,329.329,328.566,329.517,329.163,0.441,5,364,36,303872,0.550,0.001671,false,2,f2d1bf7-dirty
ref_eager_fullsort,1,151936,20,0.9,bfloat16,hot,n/a,138.767,138.378,138.852,138.678,0.222,5,842,84,303872,0.550,0.003965,false,2,f2d1bf7-dirty
tight_eager,32,151936,20,0.9,bfloat16,hot,n/a,216.512,216.049,217.149,216.639,0.506,5,550,55,9723904,17.609,0.081330,false,2,f2d1bf7-dirty
flashinfer,32,151936,20,0.9,bfloat16,hot,n/a,175.805,172.315,175.900,174.845,1.829,5,711,71,9723904,17.609,0.100162,false,2,f2d1bf7-dirty
flashinfer_from_probs,32,151936,20,0.9,bfloat16,hot,n/a,102.839,102.798,102.844,102.827,0.022,5,1151,115,19447808,35.218,0.342457,false,2,f2d1bf7-dirty
compile,32,151936,20,0.9,bfloat16,hot,n/a,216.381,215.697,217.023,216.424,0.590,5,548,54,9723904,17.609,0.081379,false,2,f2d1bf7-dirty
graph_eager,32,151936,20,0.9,bfloat16,hot,n/a,165.880,163.713,166.008,165.331,1.173,5,742,74,9723904,17.609,0.106155,false,2,f2d1bf7-dirty
graph_compile,32,151936,20,0.9,bfloat16,hot,n/a,166.101,165.626,166.121,165.984,0.262,5,721,72,9723904,17.609,0.106013,false,2,f2d1bf7-dirty
hf_eager,32,151936,20,0.9,bfloat16,hot,n/a,2186.152,2185.329,2186.771,2186.182,0.662,5,54,10,9723904,17.609,0.008055,false,2,f2d1bf7-dirty
ref_eager_fullsort,32,151936,20,0.9,bfloat16,hot,n/a,1535.447,1535.139,1536.054,1535.541,0.425,5,78,10,9723904,17.609,0.011468,false,2,f2d1bf7-dirty
tight_eager,1,151936,20,0.95,bfloat16,hot,n/a,135.512,135.039,136.119,135.544,0.466,5,851,85,303872,0.550,0.004061,false,2,f2d1bf7-dirty
flashinfer,1,151936,20,0.95,bfloat16,hot,n/a,84.229,84.166,84.428,84.263,0.122,5,1339,133,303872,0.550,0.006533,false,2,f2d1bf7-dirty
flashinfer_from_probs,1,151936,20,0.95,bfloat16,hot,n/a,72.843,72.686,73.067,72.863,0.174,5,1507,150,607744,1.101,0.015109,false,2,f2d1bf7-dirty
compile,1,151936,20,0.95,bfloat16,hot,n/a,162.992,162.868,163.472,163.071,0.296,5,712,71,303872,0.550,0.003376,false,2,f2d1bf7-dirty
graph_eager,1,151936,20,0.95,bfloat16,hot,n/a,81.509,81.501,81.513,81.508,0.005,5,1473,147,303872,0.550,0.006751,false,2,f2d1bf7-dirty
graph_compile,1,151936,20,0.95,bfloat16,hot,n/a,81.520,81.510,81.531,81.521,0.009,5,1477,147,303872,0.550,0.006750,false,2,f2d1bf7-dirty
hf_eager,1,151936,20,0.95,bfloat16,hot,n/a,322.800,322.575,323.293,322.853,0.331,5,372,37,303872,0.550,0.001705,false,2,f2d1bf7-dirty
ref_eager_fullsort,1,151936,20,0.95,bfloat16,hot,n/a,138.950,138.665,139.069,138.912,0.186,5,836,83,303872,0.550,0.003960,false,2,f2d1bf7-dirty
tight_eager,32,151936,20,0.95,bfloat16,hot,n/a,217.045,215.942,217.556,216.918,0.732,5,557,55,9723904,17.609,0.081130,false,2,f2d1bf7-dirty
flashinfer,32,151936,20,0.95,bfloat16,hot,n/a,175.335,171.805,175.499,174.380,1.860,5,711,71,9723904,17.609,0.100430,false,2,f2d1bf7-dirty
flashinfer_from_probs,32,151936,20,0.95,bfloat16,hot,n/a,102.124,102.091,102.140,102.121,0.022,5,1155,115,19447808,35.218,0.344855,false,2,f2d1bf7-dirty
compile,32,151936,20,0.95,bfloat16,hot,n/a,217.135,216.196,217.658,217.046,0.652,5,548,54,9723904,17.609,0.081097,false,2,f2d1bf7-dirty
graph_eager,32,151936,20,0.95,bfloat16,hot,n/a,165.934,163.907,166.137,165.458,1.125,5,742,74,9723904,17.609,0.106120,false,2,f2d1bf7-dirty
graph_compile,32,151936,20,0.95,bfloat16,hot,n/a,170.966,169.175,171.013,170.459,0.927,5,697,69,9723904,17.609,0.102997,false,2,f2d1bf7-dirty
hf_eager,32,151936,20,0.95,bfloat16,hot,n/a,2186.717,2185.846,2186.796,2186.509,0.483,5,54,10,9723904,17.609,0.008053,false,2,f2d1bf7-dirty
ref_eager_fullsort,32,151936,20,0.95,bfloat16,hot,n/a,1535.740,1535.588,1536.258,1535.849,0.306,5,78,10,9723904,17.609,0.011466,false,2,f2d1bf7-dirty
tight_eager,1,151936,50,0.95,bfloat16,hot,n/a,134.585,134.555,135.059,134.736,0.244,5,856,85,303872,0.550,0.004089,false,2,f2d1bf7-dirty
flashinfer,1,151936,50,0.95,bfloat16,hot,n/a,83.934,83.852,84.228,83.981,0.183,5,1374,137,303872,0.550,0.006556,false,2,f2d1bf7-dirty
flashinfer_from_probs,1,151936,50,0.95,bfloat16,hot,n/a,73.366,73.176,73.597,73.371,0.182,5,1511,151,607744,1.101,0.015001,false,2,f2d1bf7-dirty
compile,1,151936,50,0.95,bfloat16,hot,n/a,162.261,162.104,162.640,162.310,0.246,5,716,71,303872,0.550,0.003391,false,2,f2d1bf7-dirty
graph_eager,1,151936,50,0.95,bfloat16,hot,n/a,81.585,81.552,81.608,81.584,0.025,5,1466,146,303872,0.550,0.006745,false,2,f2d1bf7-dirty
graph_compile,1,151936,50,0.95,bfloat16,hot,n/a,81.639,81.550,81.684,81.627,0.060,5,1470,147,303872,0.550,0.006740,false,2,f2d1bf7-dirty
hf_eager,1,151936,50,0.95,bfloat16,hot,n/a,324.787,324.546,325.202,324.829,0.288,5,366,36,303872,0.550,0.001694,false,2,f2d1bf7-dirty
ref_eager_fullsort,1,151936,50,0.95,bfloat16,hot,n/a,138.685,138.349,138.879,138.653,0.245,5,837,83,303872,0.550,0.003968,false,2,f2d1bf7-dirty
tight_eager,32,151936,50,0.95,bfloat16,hot,n/a,217.987,215.504,218.576,217.487,1.450,5,557,55,9723904,17.609,0.080780,false,2,f2d1bf7-dirty
flashinfer,32,151936,50,0.95,bfloat16,hot,n/a,176.101,172.994,176.251,175.263,1.642,5,713,71,9723904,17.609,0.099994,false,2,f2d1bf7-dirty
flashinfer_from_probs,32,151936,50,0.95,bfloat16,hot,n/a,100.753,100.715,100.878,100.774,0.076,5,1174,117,19447808,35.218,0.349548,false,2,f2d1bf7-dirty
compile,32,151936,50,0.95,bfloat16,hot,n/a,218.382,216.099,218.899,217.888,1.312,5,552,55,9723904,17.609,0.080633,false,2,f2d1bf7-dirty
graph_eager,32,151936,50,0.95,bfloat16,hot,n/a,167.095,164.719,167.396,166.496,1.289,5,739,73,9723904,17.609,0.105383,false,2,f2d1bf7-dirty
graph_compile,32,151936,50,0.95,bfloat16,hot,n/a,167.325,166.605,167.343,167.150,0.403,5,717,71,9723904,17.609,0.105238,false,2,f2d1bf7-dirty
hf_eager,32,151936,50,0.95,bfloat16,hot,n/a,2189.717,2189.559,2190.288,2189.879,0.371,5,54,10,9723904,17.609,0.008042,false,2,f2d1bf7-dirty
ref_eager_fullsort,32,151936,50,0.95,bfloat16,hot,n/a,1536.206,1536.074,1536.334,1536.218,0.118,5,78,10,9723904,17.609,0.011463,false,2,f2d1bf7-dirty
tight_eager,1,151936,100,0.9,bfloat16,hot,n/a,135.114,134.640,135.611,135.108,0.417,5,861,86,303872,0.550,0.004073,false,2,f2d1bf7-dirty
flashinfer,1,151936,100,0.9,bfloat16,hot,n/a,84.588,84.489,84.873,84.639,0.174,5,1372,137,303872,0.550,0.006505,false,2,f2d1bf7-dirty
flashinfer_from_probs,1,151936,100,0.9,bfloat16,hot,n/a,73.334,72.953,73.380,73.196,0.219,5,1496,149,607744,1.101,0.015007,false,2,f2d1bf7-dirty
compile,1,151936,100,0.9,bfloat16,hot,n/a,162.137,162.038,162.807,162.281,0.384,5,709,70,303872,0.550,0.003394,false,2,f2d1bf7-dirty
graph_eager,1,151936,100,0.9,bfloat16,hot,n/a,82.089,81.885,82.101,82.029,0.105,5,1464,146,303872,0.550,0.006703,false,2,f2d1bf7-dirty
graph_compile,1,151936,100,0.9,bfloat16,hot,n/a,82.300,82.165,82.368,82.281,0.089,5,1460,146,303872,0.550,0.006686,false,2,f2d1bf7-dirty
hf_eager,1,151936,100,0.9,bfloat16,hot,n/a,324.822,324.558,325.321,324.918,0.349,5,367,36,303872,0.550,0.001694,false,2,f2d1bf7-dirty
ref_eager_fullsort,1,151936,100,0.9,bfloat16,hot,n/a,138.789,138.720,139.048,138.851,0.152,5,829,82,303872,0.550,0.003965,false,2,f2d1bf7-dirty
tight_eager,32,151936,100,0.9,bfloat16,hot,n/a,217.490,215.709,218.248,217.220,1.143,5,553,55,9723904,17.609,0.080965,false,2,f2d1bf7-dirty
flashinfer,32,151936,100,0.9,bfloat16,hot,n/a,177.743,174.787,177.835,176.993,1.612,5,709,70,9723904,17.609,0.099070,false,2,f2d1bf7-dirty
flashinfer_from_probs,32,151936,100,0.9,bfloat16,hot,n/a,103.000,102.979,103.366,103.093,0.199,5,1144,114,19447808,35.218,0.341922,false,2,f2d1bf7-dirty
compile,32,151936,100,0.9,bfloat16,hot,n/a,218.025,216.058,218.703,217.663,1.214,5,547,54,9723904,17.609,0.080766,false,2,f2d1bf7-dirty
graph_eager,32,151936,100,0.9,bfloat16,hot,n/a,168.135,166.141,168.286,167.622,1.071,5,732,73,9723904,17.609,0.104731,false,2,f2d1bf7-dirty
graph_compile,32,151936,100,0.9,bfloat16,hot,n/a,168.299,167.795,168.361,168.191,0.291,5,709,70,9723904,17.609,0.104629,false,2,f2d1bf7-dirty
hf_eager,32,151936,100,0.9,bfloat16,hot,n/a,2188.136,2187.637,2189.988,2188.633,1.127,5,54,10,9723904,17.609,0.008047,false,2,f2d1bf7-dirty
ref_eager_fullsort,32,151936,100,0.9,bfloat16,hot,n/a,1536.601,1536.466,1537.331,1536.801,0.404,5,78,10,9723904,17.609,0.011460,false,2,f2d1bf7-dirty
tight_eager,1,151936,100,0.95,bfloat16,hot,n/a,134.866,134.393,136.631,135.249,1.022,5,856,85,303872,0.550,0.004080,false,2,f2d1bf7-dirty
flashinfer,1,151936,100,0.95,bfloat16,hot,n/a,84.370,84.338,84.726,84.454,0.198,5,1361,136,303872,0.550,0.006522,false,2,f2d1bf7-dirty
flashinfer_from_probs,1,151936,100,0.95,bfloat16,hot,n/a,73.211,72.888,73.537,73.169,0.298,5,1500,150,607744,1.101,0.015033,false,2,f2d1bf7-dirty
compile,1,151936,100,0.95,bfloat16,hot,n/a,162.753,161.734,163.606,162.585,0.859,5,714,71,303872,0.550,0.003381,false,2,f2d1bf7-dirty
graph_eager,1,151936,100,0.95,bfloat16,hot,n/a,82.186,82.069,82.209,82.151,0.066,5,1461,146,303872,0.550,0.006696,false,2,f2d1bf7-dirty
graph_compile,1,151936,100,0.95,bfloat16,hot,n/a,82.216,82.038,82.327,82.195,0.125,5,1465,146,303872,0.550,0.006693,false,2,f2d1bf7-dirty
hf_eager,1,151936,100,0.95,bfloat16,hot,n/a,325.103,324.965,325.308,325.126,0.148,5,368,36,303872,0.550,0.001693,false,2,f2d1bf7-dirty
ref_eager_fullsort,1,151936,100,0.95,bfloat16,hot,n/a,138.713,138.429,139.222,138.779,0.349,5,835,83,303872,0.550,0.003967,false,2,f2d1bf7-dirty
tight_eager,32,151936,100,0.95,bfloat16,hot,n/a,217.914,215.826,218.875,217.615,1.363,5,554,55,9723904,17.609,0.080807,false,2,f2d1bf7-dirty
flashinfer,32,151936,100,0.95,bfloat16,hot,n/a,177.239,174.418,177.280,176.519,1.546,5,707,70,9723904,17.609,0.099351,false,2,f2d1bf7-dirty
flashinfer_from_probs,32,151936,100,0.95,bfloat16,hot,n/a,102.306,102.261,102.376,102.318,0.050,5,1153,115,19447808,35.218,0.344241,false,2,f2d1bf7-dirty
compile,32,151936,100,0.95,bfloat16,hot,n/a,218.475,216.153,219.253,218.077,1.429,5,549,54,9723904,17.609,0.080599,false,2,f2d1bf7-dirty
graph_eager,32,151936,100,0.95,bfloat16,hot,n/a,168.215,166.179,168.305,167.680,1.086,5,732,73,9723904,17.609,0.104681,false,2,f2d1bf7-dirty
graph_compile,32,151936,100,0.95,bfloat16,hot,n/a,168.469,167.963,168.507,168.350,0.285,5,710,71,9723904,17.609,0.104524,false,2,f2d1bf7-dirty
hf_eager,32,151936,100,0.95,bfloat16,hot,n/a,2189.124,2188.560,2190.000,2189.221,0.636,5,54,10,9723904,17.609,0.008044,false,2,f2d1bf7-dirty
ref_eager_fullsort,32,151936,100,0.95,bfloat16,hot,n/a,1537.029,1536.411,1537.422,1537.004,0.455,5,78,10,9723904,17.609,0.011456,false,2,f2d1bf7-dirty
