impl,batch,vocab,top_k,top_p,dtype,residency,cold_method,median_us,p05_us,p95_us,mean_us,stdev_us,reps,iters,warmup,logits_bytes,dram_floor_us,floor_frac_of_latency,validation_in_timed_region,round,git_commit
hf_eager,1,151936,50,0.9,float16,hot,n/a,324.000,323.700,324.765,324.198,0.510,5,363,36,303872,0.548,0.001692,false,0,6ddf1e0-dirty
ref_eager_fullsort,1,151936,50,0.9,float16,hot,n/a,141.640,141.197,141.707,141.491,0.260,5,826,82,303872,0.548,0.003870,false,0,6ddf1e0-dirty
tight_eager,1,151936,50,0.9,float16,hot,n/a,137.089,136.958,137.168,137.065,0.093,5,860,86,303872,0.548,0.003999,false,0,6ddf1e0-dirty
flashinfer,1,151936,50,0.9,float16,hot,n/a,83.837,83.738,83.959,83.843,0.096,5,1382,138,303872,0.548,0.006539,false,0,6ddf1e0-dirty
flashinfer_from_probs,1,151936,50,0.9,float16,hot,n/a,73.033,72.804,73.263,73.040,0.199,5,1510,151,607744,1.096,0.015013,false,0,6ddf1e0-dirty
fused_kernel,1,151936,50,0.9,float16,hot,n/a,18.989,18.965,18.998,18.982,0.015,5,5000,500,303872,0.548,0.028869,false,0,6ddf1e0-dirty
compile,1,151936,50,0.9,float16,hot,n/a,159.901,159.597,160.169,159.896,0.246,5,713,71,303872,0.548,0.003428,false,0,6ddf1e0-dirty
graph_eager,1,151936,50,0.9,float16,hot,n/a,81.651,81.626,81.732,81.668,0.048,5,1469,146,303872,0.548,0.006714,false,0,6ddf1e0-dirty
graph_compile,1,151936,50,0.9,float16,hot,n/a,72.078,72.020,72.111,72.070,0.040,5,1663,166,303872,0.548,0.007606,false,0,6ddf1e0-dirty
hf_eager,4,151936,50,0.9,float16,hot,n/a,598.777,598.142,599.500,598.852,0.599,5,199,19,1215488,2.193,0.003662,false,0,6ddf1e0-dirty
ref_eager_fullsort,4,151936,50,0.9,float16,hot,n/a,234.709,234.574,234.740,234.675,0.078,5,510,51,1215488,2.193,0.009343,false,0,6ddf1e0-dirty
tight_eager,4,151936,50,0.9,float16,hot,n/a,164.027,163.951,164.193,164.039,0.115,5,728,72,1215488,2.193,0.013369,false,0,6ddf1e0-dirty
flashinfer,4,151936,50,0.9,float16,hot,n/a,85.339,85.290,85.357,85.328,0.032,5,1351,135,1215488,2.193,0.025696,false,0,6ddf1e0-dirty
flashinfer_from_probs,4,151936,50,0.9,float16,hot,n/a,74.074,73.848,74.727,74.227,0.391,5,1494,149,2430976,4.386,0.059206,false,0,6ddf1e0-dirty
fused_kernel,4,151936,50,0.9,float16,hot,n/a,19.928,19.922,19.955,19.937,0.016,5,5000,500,1215488,2.193,0.110039,false,0,6ddf1e0-dirty
compile,4,151936,50,0.9,float16,hot,n/a,152.745,152.375,152.835,152.646,0.211,5,733,73,1215488,2.193,0.014356,false,0,6ddf1e0-dirty
graph_eager,4,151936,50,0.9,float16,hot,n/a,104.586,104.240,104.648,104.507,0.194,5,1175,117,1215488,2.193,0.020967,false,0,6ddf1e0-dirty
graph_compile,4,151936,50,0.9,float16,hot,n/a,95.045,95.002,95.067,95.042,0.030,5,1260,126,1215488,2.193,0.023072,false,0,6ddf1e0-dirty
hf_eager,8,151936,50,0.9,float16,hot,n/a,700.918,700.688,708.158,703.080,3.687,5,167,16,2430976,4.386,0.006257,false,0,6ddf1e0-dirty
ref_eager_fullsort,8,151936,50,0.9,float16,hot,n/a,353.489,346.671,353.674,351.592,3.552,5,348,34,2430976,4.386,0.012407,false,0,6ddf1e0-dirty
tight_eager,8,151936,50,0.9,float16,hot,n/a,166.891,166.805,167.151,166.942,0.156,5,714,71,2430976,4.386,0.026279,false,0,6ddf1e0-dirty
flashinfer,8,151936,50,0.9,float16,hot,n/a,90.588,90.559,90.613,90.585,0.024,5,1282,128,2430976,4.386,0.048413,false,0,6ddf1e0-dirty
flashinfer_from_probs,8,151936,50,0.9,float16,hot,n/a,74.559,74.536,74.632,74.576,0.044,5,1515,151,4861952,8.771,0.117642,false,0,6ddf1e0-dirty
fused_kernel,8,151936,50,0.9,float16,hot,n/a,20.352,20.347,20.370,20.356,0.010,5,5000,500,2430976,4.386,0.215494,false,0,6ddf1e0-dirty
compile,8,151936,50,0.9,float16,hot,n/a,152.719,152.663,153.005,152.808,0.173,5,737,73,2430976,4.386,0.028717,false,0,6ddf1e0-dirty
graph_eager,8,151936,50,0.9,float16,hot,n/a,107.685,107.530,107.743,107.657,0.098,5,1125,112,2430976,4.386,0.040727,false,0,6ddf1e0-dirty
graph_compile,8,151936,50,0.9,float16,hot,n/a,98.002,97.940,98.026,97.993,0.039,5,1229,122,2430976,4.386,0.044751,false,0,6ddf1e0-dirty
hf_eager,16,151936,50,0.9,float16,hot,n/a,1175.172,1174.766,1177.815,1175.823,1.457,5,101,10,4861952,8.771,0.007464,false,0,6ddf1e0-dirty
ref_eager_fullsort,16,151936,50,0.9,float16,hot,n/a,691.771,689.742,691.905,691.286,1.127,5,174,17,4861952,8.771,0.012680,false,0,6ddf1e0-dirty
tight_eager,16,151936,50,0.9,float16,hot,n/a,183.092,183.031,183.275,183.140,0.122,5,649,64,4861952,8.771,0.047907,false,0,6ddf1e0-dirty
flashinfer,16,151936,50,0.9,float16,hot,n/a,115.275,115.216,115.310,115.272,0.043,5,1046,104,4861952,8.771,0.076091,false,0,6ddf1e0-dirty
flashinfer_from_probs,16,151936,50,0.9,float16,hot,n/a,73.950,73.839,74.135,73.979,0.142,5,1490,149,9723904,17.543,0.237223,false,0,6ddf1e0-dirty
fused_kernel,16,151936,50,0.9,float16,hot,n/a,22.523,22.522,22.532,22.525,0.005,5,5000,500,4861952,8.771,0.389446,false,0,6ddf1e0-dirty
compile,16,151936,50,0.9,float16,hot,n/a,158.386,157.670,158.526,158.246,0.421,5,710,71,4861952,8.771,0.055379,false,0,6ddf1e0-dirty
graph_eager,16,151936,50,0.9,float16,hot,n/a,122.138,121.893,122.233,122.105,0.157,5,992,99,4861952,8.771,0.071815,false,0,6ddf1e0-dirty
graph_compile,16,151936,50,0.9,float16,hot,n/a,109.622,109.574,113.514,110.583,2.178,5,1052,105,4861952,8.771,0.080015,false,0,6ddf1e0-dirty
hf_eager,32,151936,50,0.9,float16,hot,n/a,2195.854,2195.369,2196.318,2195.806,0.427,5,54,10,9723904,17.543,0.007989,false,0,6ddf1e0-dirty
ref_eager_fullsort,32,151936,50,0.9,float16,hot,n/a,1537.127,1536.295,1537.181,1536.818,0.472,5,78,10,9723904,17.543,0.011413,false,0,6ddf1e0-dirty
tight_eager,32,151936,50,0.9,float16,hot,n/a,218.948,218.807,219.469,219.041,0.313,5,538,53,9723904,17.543,0.080123,false,0,6ddf1e0-dirty
flashinfer,32,151936,50,0.9,float16,hot,n/a,175.812,172.830,175.855,174.992,1.567,5,709,70,9723904,17.543,0.099781,false,0,6ddf1e0-dirty
flashinfer_from_probs,32,151936,50,0.9,float16,hot,n/a,101.183,101.174,101.207,101.188,0.015,5,1176,117,19447808,35.085,0.346751,false,0,6ddf1e0-dirty
fused_kernel,32,151936,50,0.9,float16,hot,n/a,30.143,29.072,30.297,29.871,0.585,5,4109,410,9723904,17.543,0.581978,false,0,6ddf1e0-dirty
compile,32,151936,50,0.9,float16,hot,n/a,190.877,189.015,191.382,190.491,1.099,5,619,61,9723904,17.543,0.091906,false,0,6ddf1e0-dirty
graph_eager,32,151936,50,0.9,float16,hot,n/a,166.371,165.722,166.421,166.224,0.370,5,723,72,9723904,17.543,0.105443,false,0,6ddf1e0-dirty
graph_compile,32,151936,50,0.9,float16,hot,n/a,150.423,150.234,150.475,150.385,0.111,5,793,79,9723904,17.543,0.116622,false,0,6ddf1e0-dirty
hf_eager,1,151936,50,0.9,float16,cold,rotate,325.384,324.909,325.673,325.332,0.333,5,367,36,303872,0.548,0.001685,false,0,6ddf1e0-dirty
ref_eager_fullsort,1,151936,50,0.9,float16,cold,rotate,141.664,141.061,141.809,141.509,0.346,5,828,82,303872,0.548,0.003870,false,0,6ddf1e0-dirty
tight_eager,1,151936,50,0.9,float16,cold,rotate,136.262,136.105,137.182,136.499,0.512,5,842,84,303872,0.548,0.004023,false,0,6ddf1e0-dirty
flashinfer,1,151936,50,0.9,float16,cold,rotate,84.167,83.920,84.390,84.137,0.214,5,1346,134,303872,0.548,0.006513,false,0,6ddf1e0-dirty
flashinfer_from_probs,1,151936,50,0.9,float16,cold,rotate,74.492,74.305,74.592,74.472,0.128,5,1506,150,607744,1.096,0.014719,false,0,6ddf1e0-dirty
fused_kernel,1,151936,50,0.9,float16,cold,rotate,18.891,18.881,18.914,18.895,0.015,5,5000,500,303872,0.548,0.029019,false,0,6ddf1e0-dirty
compile,1,151936,50,0.9,float16,cold,rotate,161.435,161.284,161.576,161.425,0.137,5,712,71,303872,0.548,0.003396,false,0,6ddf1e0-dirty
graph_eager,1,151936,50,0.9,float16,cold,rotate_into_static,82.886,82.880,82.966,82.906,0.044,5,1424,142,303872,0.548,0.006614,false,0,6ddf1e0-dirty
graph_compile,1,151936,50,0.9,float16,cold,rotate_into_static,73.228,73.163,73.276,73.220,0.049,5,1615,161,303872,0.548,0.007486,false,0,6ddf1e0-dirty
hf_eager,4,151936,50,0.9,float16,cold,rotate,598.812,598.738,599.022,598.865,0.138,5,200,20,1215488,2.193,0.003662,false,0,6ddf1e0-dirty
ref_eager_fullsort,4,151936,50,0.9,float16,cold,rotate,237.019,236.810,237.170,236.984,0.160,5,503,50,1215488,2.193,0.009252,false,0,6ddf1e0-dirty
tight_eager,4,151936,50,0.9,float16,cold,rotate,165.313,165.075,165.367,165.258,0.135,5,718,71,1215488,2.193,0.013265,false,0,6ddf1e0-dirty
flashinfer,4,151936,50,0.9,float16,cold,rotate,87.393,87.370,87.421,87.394,0.024,5,1327,132,1215488,2.193,0.025092,false,0,6ddf1e0-dirty
flashinfer_from_probs,4,151936,50,0.9,float16,cold,rotate,74.158,74.031,74.515,74.235,0.220,5,1474,147,2430976,4.386,0.059139,false,0,6ddf1e0-dirty
fused_kernel,4,151936,50,0.9,float16,cold,rotate,21.195,21.177,21.204,21.191,0.012,5,5000,500,1215488,2.193,0.103459,false,0,6ddf1e0-dirty
compile,4,151936,50,0.9,float16,cold,rotate,153.529,153.267,153.777,153.514,0.220,5,731,73,1215488,2.193,0.014283,false,0,6ddf1e0-dirty
graph_eager,4,151936,50,0.9,float16,cold,rotate_into_static,109.620,109.582,109.740,109.651,0.072,5,1098,109,1215488,2.193,0.020004,false,0,6ddf1e0-dirty
graph_compile,4,151936,50,0.9,float16,cold,rotate_into_static,101.308,101.246,101.339,101.299,0.043,5,1175,117,1215488,2.193,0.021645,false,0,6ddf1e0-dirty
hf_eager,8,151936,50,0.9,float16,cold,rotate,702.700,701.576,708.704,704.013,3.417,5,167,16,2430976,4.386,0.006241,false,0,6ddf1e0-dirty
ref_eager_fullsort,8,151936,50,0.9,float16,cold,rotate,354.265,347.948,354.527,352.634,3.402,5,347,34,2430976,4.386,0.012380,false,0,6ddf1e0-dirty
tight_eager,8,151936,50,0.9,float16,cold,rotate,169.233,169.158,169.485,169.276,0.157,5,691,69,2430976,4.386,0.025915,false,0,6ddf1e0-dirty
flashinfer,8,151936,50,0.9,float16,cold,rotate,92.715,92.712,92.831,92.754,0.059,5,1278,127,2430976,4.386,0.047303,false,0,6ddf1e0-dirty
flashinfer_from_probs,8,151936,50,0.9,float16,cold,rotate,75.063,74.896,75.100,75.031,0.100,5,1501,150,4861952,8.771,0.116853,false,0,6ddf1e0-dirty
fused_kernel,8,151936,50,0.9,float16,cold,rotate,22.558,22.553,22.582,22.563,0.014,5,5000,500,2430976,4.386,0.194421,false,0,6ddf1e0-dirty
compile,8,151936,50,0.9,float16,cold,rotate,153.235,152.899,153.410,153.170,0.226,5,732,73,2430976,4.386,0.028621,false,0,6ddf1e0-dirty
graph_eager,8,151936,50,0.9,float16,cold,rotate_into_static,114.109,113.954,114.137,114.076,0.090,5,1051,105,2430976,4.386,0.038434,false,0,6ddf1e0-dirty
graph_compile,8,151936,50,0.9,float16,cold,rotate_into_static,104.802,104.637,104.815,104.760,0.089,5,1122,112,2430976,4.386,0.041847,false,0,6ddf1e0-dirty
hf_eager,16,151936,50,0.9,float16,cold,rotate,1166.185,1165.567,1168.449,1166.582,1.369,5,102,10,4861952,8.771,0.007521,false,0,6ddf1e0-dirty
ref_eager_fullsort,16,151936,50,0.9,float16,cold,rotate,692.186,689.682,692.745,691.659,1.454,5,174,17,4861952,8.771,0.012672,false,0,6ddf1e0-dirty
tight_eager,16,151936,50,0.9,float16,cold,rotate,187.129,186.984,187.163,187.084,0.091,5,630,63,4861952,8.771,0.046873,false,0,6ddf1e0-dirty
flashinfer,16,151936,50,0.9,float16,cold,rotate,119.313,119.208,119.331,119.285,0.058,5,992,99,4861952,8.771,0.073516,false,0,6ddf1e0-dirty
flashinfer_from_probs,16,151936,50,0.9,float16,cold,rotate,78.322,78.269,78.343,78.317,0.036,5,1453,145,9723904,17.543,0.223981,false,0,6ddf1e0-dirty
fused_kernel,16,151936,50,0.9,float16,cold,rotate,28.617,28.607,28.630,28.619,0.010,5,4106,410,4861952,8.771,0.306507,false,0,6ddf1e0-dirty
compile,16,151936,50,0.9,float16,cold,rotate,159.873,159.641,160.132,159.854,0.223,5,712,71,4861952,8.771,0.054865,false,0,6ddf1e0-dirty
graph_eager,16,151936,50,0.9,float16,cold,rotate_into_static,131.959,131.599,131.963,131.865,0.195,5,912,91,4861952,8.771,0.066470,false,0,6ddf1e0-dirty
graph_compile,16,151936,50,0.9,float16,cold,rotate_into_static,123.192,123.039,123.198,123.155,0.086,5,966,96,4861952,8.771,0.071201,false,0,6ddf1e0-dirty
hf_eager,32,151936,50,0.9,float16,cold,rotate,2187.866,2183.378,2213.708,2196.403,15.860,5,54,10,9723904,17.543,0.008018,false,0,6ddf1e0-dirty
ref_eager_fullsort,32,151936,50,0.9,float16,cold,rotate,1540.399,1539.896,1540.696,1540.346,0.350,5,77,10,9723904,17.543,0.011388,false,0,6ddf1e0-dirty
tight_eager,32,151936,50,0.9,float16,cold,rotate,229.247,229.178,229.935,229.430,0.366,5,516,51,9723904,17.543,0.076523,false,0,6ddf1e0-dirty
flashinfer,32,151936,50,0.9,float16,cold,rotate,193.144,191.053,193.277,192.627,1.144,5,636,63,9723904,17.543,0.090827,false,0,6ddf1e0-dirty
flashinfer_from_probs,32,151936,50,0.9,float16,cold,rotate,127.624,127.616,127.658,127.632,0.020,5,921,92,19447808,35.085,0.274911,false,0,6ddf1e0-dirty
fused_kernel,32,151936,50,0.9,float16,cold,rotate,40.914,39.839,40.928,40.637,0.585,5,2989,298,9723904,17.543,0.428775,false,0,6ddf1e0-dirty
compile,32,151936,50,0.9,float16,cold,rotate,196.097,196.049,196.124,196.091,0.033,5,595,59,9723904,17.543,0.089459,false,0,6ddf1e0-dirty
graph_eager,32,151936,50,0.9,float16,cold,rotate_into_static,190.263,189.840,190.324,190.171,0.244,5,634,63,9723904,17.543,0.092202,false,0,6ddf1e0-dirty
graph_compile,32,151936,50,0.9,float16,cold,rotate_into_static,173.572,173.285,173.606,173.505,0.159,5,693,69,9723904,17.543,0.101068,false,0,6ddf1e0-dirty
hf_eager,1,151936,50,0.9,bfloat16,hot,n/a,325.568,325.186,325.814,325.490,0.285,5,367,36,303872,0.548,0.001684,false,0,6ddf1e0-dirty
ref_eager_fullsort,1,151936,50,0.9,bfloat16,hot,n/a,139.090,138.800,139.185,139.029,0.172,5,843,84,303872,0.548,0.003941,false,0,6ddf1e0-dirty
tight_eager,1,151936,50,0.9,bfloat16,hot,n/a,137.232,137.142,137.277,137.215,0.062,5,860,86,303872,0.548,0.003995,false,0,6ddf1e0-dirty
flashinfer,1,151936,50,0.9,bfloat16,hot,n/a,83.988,83.953,84.034,83.995,0.038,5,1349,134,303872,0.548,0.006527,false,0,6ddf1e0-dirty
flashinfer_from_probs,1,151936,50,0.9,bfloat16,hot,n/a,72.786,72.587,72.811,72.723,0.109,5,1507,150,607744,1.096,0.015064,false,0,6ddf1e0-dirty
fused_kernel,1,151936,50,0.9,bfloat16,hot,n/a,19.156,19.120,19.167,19.148,0.022,5,5000,500,303872,0.548,0.028619,false,0,6ddf1e0-dirty
compile,1,151936,50,0.9,bfloat16,hot,n/a,158.093,157.779,158.483,158.110,0.312,5,700,70,303872,0.548,0.003468,false,0,6ddf1e0-dirty
graph_eager,1,151936,50,0.9,bfloat16,hot,n/a,81.562,81.551,81.622,81.580,0.034,5,1464,146,303872,0.548,0.006721,false,0,6ddf1e0-dirty
graph_compile,1,151936,50,0.9,bfloat16,hot,n/a,71.970,71.917,72.005,71.964,0.040,5,1666,166,303872,0.548,0.007617,false,0,6ddf1e0-dirty
hf_eager,4,151936,50,0.9,bfloat16,hot,n/a,598.456,598.243,598.745,598.484,0.245,5,201,20,1215488,2.193,0.003664,false,0,6ddf1e0-dirty
ref_eager_fullsort,4,151936,50,0.9,bfloat16,hot,n/a,229.961,229.697,230.031,229.895,0.152,5,521,52,1215488,2.193,0.009536,false,0,6ddf1e0-dirty
tight_eager,4,151936,50,0.9,bfloat16,hot,n/a,163.794,163.713,163.896,163.801,0.085,5,731,73,1215488,2.193,0.013388,false,0,6ddf1e0-dirty
flashinfer,4,151936,50,0.9,bfloat16,hot,n/a,85.587,85.519,85.615,85.580,0.045,5,1333,133,1215488,2.193,0.025621,false,0,6ddf1e0-dirty
flashinfer_from_probs,4,151936,50,0.9,bfloat16,hot,n/a,73.957,73.924,74.004,73.962,0.034,5,1517,151,2430976,4.386,0.059300,false,0,6ddf1e0-dirty
fused_kernel,4,151936,50,0.9,bfloat16,hot,n/a,20.184,20.165,20.195,20.180,0.014,5,5000,500,1215488,2.193,0.108640,false,0,6ddf1e0-dirty
compile,4,151936,50,0.9,bfloat16,hot,n/a,152.629,152.556,152.929,152.716,0.175,5,734,73,1215488,2.193,0.014367,false,0,6ddf1e0-dirty
graph_eager,4,151936,50,0.9,bfloat16,hot,n/a,105.376,104.858,105.515,105.288,0.315,5,1159,115,1215488,2.193,0.020810,false,0,6ddf1e0-dirty
graph_compile,4,151936,50,0.9,bfloat16,hot,n/a,95.075,95.062,95.113,95.083,0.023,5,1266,126,1215488,2.193,0.023064,false,0,6ddf1e0-dirty
hf_eager,8,151936,50,0.9,bfloat16,hot,n/a,703.969,701.931,709.934,704.931,3.712,5,167,16,2430976,4.386,0.006230,false,0,6ddf1e0-dirty
ref_eager_fullsort,8,151936,50,0.9,bfloat16,hot,n/a,343.386,335.866,344.403,341.577,4.142,5,360,36,2430976,4.386,0.012772,false,0,6ddf1e0-dirty
tight_eager,8,151936,50,0.9,bfloat16,hot,n/a,167.360,167.304,167.431,167.371,0.056,5,712,71,2430976,4.386,0.026205,false,0,6ddf1e0-dirty
flashinfer,8,151936,50,0.9,bfloat16,hot,n/a,91.037,90.981,91.101,91.041,0.054,5,1314,131,2430976,4.386,0.048174,false,0,6ddf1e0-dirty
flashinfer_from_probs,8,151936,50,0.9,bfloat16,hot,n/a,74.493,74.183,74.714,74.480,0.239,5,1477,147,4861952,8.771,0.117747,false,0,6ddf1e0-dirty
fused_kernel,8,151936,50,0.9,bfloat16,hot,n/a,20.506,20.498,20.509,20.504,0.005,5,5000,500,2430976,4.386,0.213873,false,0,6ddf1e0-dirty
compile,8,151936,50,0.9,bfloat16,hot,n/a,152.128,152.012,152.471,152.190,0.211,5,748,74,2430976,4.386,0.028829,false,0,6ddf1e0-dirty
graph_eager,8,151936,50,0.9,bfloat16,hot,n/a,108.324,108.006,108.392,108.267,0.192,5,1112,111,2430976,4.386,0.040487,false,0,6ddf1e0-dirty
graph_compile,8,151936,50,0.9,bfloat16,hot,n/a,100.637,98.294,102.745,100.544,2.222,5,1170,117,2430976,4.386,0.043579,false,0,6ddf1e0-dirty
hf_eager,16,151936,50,0.9,bfloat16,hot,n/a,1179.140,1178.761,1181.476,1179.727,1.277,5,101,10,4861952,8.771,0.007439,false,0,6ddf1e0-dirty
ref_eager_fullsort,16,151936,50,0.9,bfloat16,hot,n/a,701.439,699.698,702.403,701.338,1.242,5,172,17,4861952,8.771,0.012505,false,0,6ddf1e0-dirty
tight_eager,16,151936,50,0.9,bfloat16,hot,n/a,183.086,182.890,183.624,183.168,0.341,5,651,65,4861952,8.771,0.047908,false,0,6ddf1e0-dirty
flashinfer,16,151936,50,0.9,bfloat16,hot,n/a,115.127,115.096,115.160,115.128,0.028,5,1041,104,4861952,8.771,0.076188,false,0,6ddf1e0-dirty
flashinfer_from_probs,16,151936,50,0.9,bfloat16,hot,n/a,74.467,74.347,74.663,74.498,0.140,5,1493,149,9723904,17.543,0.235576,false,0,6ddf1e0-dirty
fused_kernel,16,151936,50,0.9,bfloat16,hot,n/a,24.561,24.553,24.562,24.559,0.005,5,4786,478,4861952,8.771,0.357123,false,0,6ddf1e0-dirty
compile,16,151936,50,0.9,bfloat16,hot,n/a,183.632,183.269,183.866,183.559,0.268,5,636,63,4861952,8.771,0.047766,false,0,6ddf1e0-dirty
graph_eager,16,151936,50,0.9,bfloat16,hot,n/a,122.464,121.991,122.477,122.330,0.245,5,991,99,4861952,8.771,0.071624,false,0,6ddf1e0-dirty
graph_compile,16,151936,50,0.9,bfloat16,hot,n/a,122.497,122.297,122.548,122.463,0.122,5,972,97,4861952,8.771,0.071604,false,0,6ddf1e0-dirty
hf_eager,32,151936,50,0.9,bfloat16,hot,n/a,2198.447,2198.224,2198.978,2198.545,0.343,5,54,10,9723904,17.543,0.007980,false,0,6ddf1e0-dirty
ref_eager_fullsort,32,151936,50,0.9,bfloat16,hot,n/a,1535.867,1535.333,1538.107,1536.302,1.321,5,78,10,9723904,17.543,0.011422,false,0,6ddf1e0-dirty
tight_eager,32,151936,50,0.9,bfloat16,hot,n/a,219.447,219.374,220.300,219.645,0.484,5,535,53,9723904,17.543,0.079941,false,0,6ddf1e0-dirty
flashinfer,32,151936,50,0.9,bfloat16,hot,n/a,176.664,174.162,176.715,176.018,1.359,5,701,70,9723904,17.543,0.099299,false,0,6ddf1e0-dirty
flashinfer_from_probs,32,151936,50,0.9,bfloat16,hot,n/a,101.187,101.144,101.197,101.176,0.024,5,1171,117,19447808,35.085,0.346737,false,0,6ddf1e0-dirty
fused_kernel,32,151936,50,0.9,bfloat16,hot,n/a,30.725,30.532,30.729,30.678,0.108,5,3977,397,9723904,17.543,0.570951,false,0,6ddf1e0-dirty
compile,32,151936,50,0.9,bfloat16,hot,n/a,219.111,219.040,220.004,219.325,0.497,5,532,53,9723904,17.543,0.080063,false,0,6ddf1e0-dirty
graph_eager,32,151936,50,0.9,bfloat16,hot,n/a,168.000,165.944,168.117,167.470,1.106,5,732,73,9723904,17.543,0.104421,false,0,6ddf1e0-dirty
graph_compile,32,151936,50,0.9,bfloat16,hot,n/a,168.091,167.853,168.151,168.052,0.146,5,713,71,9723904,17.543,0.104364,false,0,6ddf1e0-dirty
hf_eager,1,151936,50,0.9,bfloat16,cold,rotate,325.533,325.099,325.825,325.445,0.330,5,368,36,303872,0.548,0.001684,false,0,6ddf1e0-dirty
ref_eager_fullsort,1,151936,50,0.9,bfloat16,cold,rotate,138.796,138.750,139.100,138.889,0.171,5,832,83,303872,0.548,0.003950,false,0,6ddf1e0-dirty
tight_eager,1,151936,50,0.9,bfloat16,cold,rotate,136.157,135.912,137.461,136.481,0.719,5,853,85,303872,0.548,0.004026,false,0,6ddf1e0-dirty
flashinfer,1,151936,50,0.9,bfloat16,cold,rotate,84.087,83.894,84.251,84.078,0.153,5,1288,128,303872,0.548,0.006520,false,0,6ddf1e0-dirty
flashinfer_from_probs,1,151936,50,0.9,bfloat16,cold,rotate,74.529,74.360,74.763,74.548,0.174,5,1431,143,607744,1.096,0.014711,false,0,6ddf1e0-dirty
fused_kernel,1,151936,50,0.9,bfloat16,cold,rotate,20.951,20.943,20.963,20.952,0.009,5,5000,500,303872,0.548,0.026167,false,0,6ddf1e0-dirty
compile,1,151936,50,0.9,bfloat16,cold,rotate,162.415,162.170,162.726,162.461,0.244,5,700,70,303872,0.548,0.003375,false,0,6ddf1e0-dirty
graph_eager,1,151936,50,0.9,bfloat16,cold,rotate_into_static,83.016,83.007,83.027,83.016,0.009,5,1437,143,303872,0.548,0.006604,false,0,6ddf1e0-dirty
graph_compile,1,151936,50,0.9,bfloat16,cold,rotate_into_static,73.138,73.017,73.371,73.165,0.160,5,1603,160,303872,0.548,0.007496,false,0,6ddf1e0-dirty
hf_eager,4,151936,50,0.9,bfloat16,cold,rotate,598.877,598.620,599.174,598.875,0.246,5,200,20,1215488,2.193,0.003662,false,0,6ddf1e0-dirty
ref_eager_fullsort,4,151936,50,0.9,bfloat16,cold,rotate,231.903,231.593,231.959,231.841,0.181,5,515,51,1215488,2.193,0.009456,false,0,6ddf1e0-dirty
tight_eager,4,151936,50,0.9,bfloat16,cold,rotate,166.241,166.189,166.315,166.250,0.054,5,723,72,1215488,2.193,0.013191,false,0,6ddf1e0-dirty
flashinfer,4,151936,50,0.9,bfloat16,cold,rotate,87.349,87.326,87.407,87.358,0.037,5,1317,131,1215488,2.193,0.025104,false,0,6ddf1e0-dirty
flashinfer_from_probs,4,151936,50,0.9,bfloat16,cold,rotate,74.642,74.591,74.984,74.727,0.187,5,1474,147,2430976,4.386,0.058756,false,0,6ddf1e0-dirty
fused_kernel,4,151936,50,0.9,bfloat16,cold,rotate,21.851,21.840,21.862,21.850,0.010,5,5000,500,1215488,2.193,0.100352,false,0,6ddf1e0-dirty
compile,4,151936,50,0.9,bfloat16,cold,rotate,153.576,153.197,153.645,153.452,0.226,5,729,72,1215488,2.193,0.014278,false,0,6ddf1e0-dirty
graph_eager,4,151936,50,0.9,bfloat16,cold,rotate_into_static,110.733,110.317,110.895,110.665,0.264,5,1100,110,1215488,2.193,0.019803,false,0,6ddf1e0-dirty
graph_compile,4,151936,50,0.9,bfloat16,cold,rotate_into_static,101.492,101.359,101.510,101.460,0.074,5,1172,117,1215488,2.193,0.021606,false,0,6ddf1e0-dirty
hf_eager,8,151936,50,0.9,bfloat16,cold,rotate,704.288,701.562,709.469,704.603,3.689,5,167,16,2430976,4.386,0.006227,false,0,6ddf1e0-dirty
ref_eager_fullsort,8,151936,50,0.9,bfloat16,cold,rotate,344.588,336.754,345.681,342.696,4.312,5,357,35,2430976,4.386,0.012727,false,0,6ddf1e0-dirty
tight_eager,8,151936,50,0.9,bfloat16,cold,rotate,169.198,169.077,169.313,169.200,0.102,5,704,70,2430976,4.386,0.025920,false,0,6ddf1e0-dirty
flashinfer,8,151936,50,0.9,bfloat16,cold,rotate,92.950,92.874,93.026,92.954,0.066,5,1274,127,2430976,4.386,0.047183,false,0,6ddf1e0-dirty
flashinfer_from_probs,8,151936,50,0.9,bfloat16,cold,rotate,74.776,74.696,74.963,74.808,0.122,5,1450,145,4861952,8.771,0.117302,false,0,6ddf1e0-dirty
fused_kernel,8,151936,50,0.9,bfloat16,cold,rotate,24.327,24.316,24.334,24.327,0.008,5,4724,472,2430976,4.386,0.180279,false,0,6ddf1e0-dirty
compile,8,151936,50,0.9,bfloat16,cold,rotate,153.972,153.374,154.191,153.816,0.370,5,727,72,2430976,4.386,0.028484,false,0,6ddf1e0-dirty
graph_eager,8,151936,50,0.9,bfloat16,cold,rotate_into_static,114.688,114.558,114.771,114.671,0.092,5,1044,104,2430976,4.386,0.038240,false,0,6ddf1e0-dirty
graph_compile,8,151936,50,0.9,bfloat16,cold,rotate_into_static,104.955,104.838,105.020,104.934,0.079,5,1119,111,2430976,4.386,0.041786,false,0,6ddf1e0-dirty
hf_eager,16,151936,50,0.9,bfloat16,cold,rotate,1167.493,1167.396,1169.758,1168.133,1.174,5,102,10,4861952,8.771,0.007513,false,0,6ddf1e0-dirty
ref_eager_fullsort,16,151936,50,0.9,bfloat16,cold,rotate,702.045,699.467,702.351,701.489,1.477,5,172,17,4861952,8.771,0.012494,false,0,6ddf1e0-dirty
tight_eager,16,151936,50,0.9,bfloat16,cold,rotate,187.128,186.958,187.494,187.180,0.240,5,629,62,4861952,8.771,0.046873,false,0,6ddf1e0-dirty
flashinfer,16,151936,50,0.9,bfloat16,cold,rotate,119.047,118.973,119.066,119.026,0.044,5,992,99,4861952,8.771,0.073680,false,0,6ddf1e0-dirty
flashinfer_from_probs,16,151936,50,0.9,bfloat16,cold,rotate,78.337,78.274,78.360,78.327,0.040,5,1463,146,9723904,17.543,0.223939,false,0,6ddf1e0-dirty
fused_kernel,16,151936,50,0.9,bfloat16,cold,rotate,28.980,28.803,28.994,28.937,0.097,5,3894,389,4861952,8.771,0.302667,false,0,6ddf1e0-dirty
compile,16,151936,50,0.9,bfloat16,cold,rotate,186.545,186.409,186.805,186.585,0.173,5,628,62,4861952,8.771,0.047020,false,0,6ddf1e0-dirty
graph_eager,16,151936,50,0.9,bfloat16,cold,rotate_into_static,131.951,131.460,131.992,131.827,0.265,5,911,91,4861952,8.771,0.066474,false,0,6ddf1e0-dirty
graph_compile,16,151936,50,0.9,bfloat16,cold,rotate_into_static,132.025,131.925,132.042,132.004,0.059,5,901,90,4861952,8.771,0.066437,false,0,6ddf1e0-dirty
hf_eager,32,151936,50,0.9,bfloat16,cold,rotate,2185.024,2184.860,2185.662,2185.204,0.370,5,54,10,9723904,17.543,0.008029,false,0,6ddf1e0-dirty
ref_eager_fullsort,32,151936,50,0.9,bfloat16,cold,rotate,1536.312,1536.133,1536.608,1536.350,0.222,5,78,10,9723904,17.543,0.011419,false,0,6ddf1e0-dirty
tight_eager,32,151936,50,0.9,bfloat16,cold,rotate,229.550,229.453,230.230,229.703,0.384,5,517,51,9723904,17.543,0.076422,false,0,6ddf1e0-dirty
flashinfer,32,151936,50,0.9,bfloat16,cold,rotate,193.270,191.356,193.381,192.814,1.077,5,633,63,9723904,17.543,0.090768,false,0,6ddf1e0-dirty
flashinfer_from_probs,32,151936,50,0.9,bfloat16,cold,rotate,127.646,127.638,127.690,127.654,0.027,5,917,91,19447808,35.085,0.274864,false,0,6ddf1e0-dirty
fused_kernel,32,151936,50,0.9,bfloat16,cold,rotate,41.587,40.979,41.691,41.436,0.335,5,2807,280,9723904,17.543,0.421827,false,0,6ddf1e0-dirty
compile,32,151936,50,0.9,bfloat16,cold,rotate,230.351,230.303,231.639,230.701,0.679,5,507,50,9723904,17.543,0.076156,false,0,6ddf1e0-dirty
graph_eager,32,151936,50,0.9,bfloat16,cold,rotate_into_static,190.802,188.373,190.943,190.177,1.305,5,648,64,9723904,17.543,0.091942,false,0,6ddf1e0-dirty
graph_compile,32,151936,50,0.9,bfloat16,cold,rotate_into_static,191.001,190.441,191.063,190.873,0.318,5,629,62,9723904,17.543,0.091846,false,0,6ddf1e0-dirty
hf_eager,1,128256,20,0.9,bfloat16,hot,n/a,338.251,338.227,338.361,338.282,0.061,5,350,35,256512,0.463,0.001368,false,0,6ddf1e0-dirty
ref_eager_fullsort,1,128256,20,0.9,bfloat16,hot,n/a,136.108,135.866,136.287,136.093,0.185,5,851,85,256512,0.463,0.003400,false,0,6ddf1e0-dirty
tight_eager,1,128256,20,0.9,bfloat16,hot,n/a,132.868,132.651,132.999,132.857,0.157,5,861,86,256512,0.463,0.003483,false,0,6ddf1e0-dirty
flashinfer,1,128256,20,0.9,bfloat16,hot,n/a,82.388,82.119,82.398,82.313,0.140,5,1357,135,256512,0.463,0.005617,false,0,6ddf1e0-dirty
flashinfer_from_probs,1,128256,20,0.9,bfloat16,hot,n/a,73.365,73.218,73.471,73.345,0.112,5,1565,156,513024,0.926,0.012615,false,0,6ddf1e0-dirty
fused_kernel,1,128256,20,0.9,bfloat16,hot,n/a,16.053,16.045,16.056,16.051,0.005,5,5000,500,256512,0.463,0.028828,false,0,6ddf1e0-dirty
compile,1,128256,20,0.9,bfloat16,hot,n/a,160.048,159.955,160.259,160.070,0.142,5,719,71,256512,0.463,0.002891,false,0,6ddf1e0-dirty
graph_eager,1,128256,20,0.9,bfloat16,hot,n/a,76.745,76.738,76.763,76.750,0.012,5,1542,154,256512,0.463,0.006030,false,0,6ddf1e0-dirty
graph_compile,1,128256,20,0.9,bfloat16,hot,n/a,76.750,76.725,76.782,76.752,0.026,5,1542,154,256512,0.463,0.006030,false,0,6ddf1e0-dirty
hf_eager,32,128256,20,0.9,bfloat16,hot,n/a,1826.923,1809.062,1830.131,1822.700,9.952,5,66,10,8208384,14.809,0.008106,false,0,6ddf1e0-dirty
ref_eager_fullsort,32,128256,20,0.9,bfloat16,hot,n/a,1279.394,1278.351,1279.594,1279.162,0.592,5,93,10,8208384,14.809,0.011575,false,0,6ddf1e0-dirty
tight_eager,32,128256,20,0.9,bfloat16,hot,n/a,202.230,202.163,202.288,202.230,0.054,5,591,59,8208384,14.809,0.073226,false,0,6ddf1e0-dirty
flashinfer,32,128256,20,0.9,bfloat16,hot,n/a,141.651,140.138,141.763,141.297,0.856,5,865,86,8208384,14.809,0.104543,false,0,6ddf1e0-dirty
flashinfer_from_probs,32,128256,20,0.9,bfloat16,hot,n/a,84.342,84.323,84.418,84.357,0.045,5,1391,139,16416768,29.617,0.351154,false,0,6ddf1e0-dirty
fused_kernel,32,128256,20,0.9,bfloat16,hot,n/a,24.286,23.136,24.430,24.000,0.627,5,5000,500,8208384,14.809,0.609756,false,0,6ddf1e0-dirty
compile,32,128256,20,0.9,bfloat16,hot,n/a,201.766,201.411,202.188,201.777,0.337,5,585,58,8208384,14.809,0.073395,false,0,6ddf1e0-dirty
graph_eager,32,128256,20,0.9,bfloat16,hot,n/a,149.758,148.079,149.818,149.335,0.921,5,816,81,8208384,14.809,0.098883,false,0,6ddf1e0-dirty
graph_compile,32,128256,20,0.9,bfloat16,hot,n/a,154.056,150.096,154.169,152.653,2.061,5,775,77,8208384,14.809,0.096124,false,0,6ddf1e0-dirty
hf_eager,1,128256,20,0.95,bfloat16,hot,n/a,338.218,338.077,338.408,338.235,0.160,5,352,35,256512,0.463,0.001368,false,0,6ddf1e0-dirty
ref_eager_fullsort,1,128256,20,0.95,bfloat16,hot,n/a,136.234,136.124,136.500,136.281,0.175,5,851,85,256512,0.463,0.003397,false,0,6ddf1e0-dirty
tight_eager,1,128256,20,0.95,bfloat16,hot,n/a,132.967,132.826,133.306,133.021,0.215,5,868,86,256512,0.463,0.003480,false,0,6ddf1e0-dirty
flashinfer,1,128256,20,0.95,bfloat16,hot,n/a,82.371,82.164,82.493,82.355,0.148,5,1357,135,256512,0.463,0.005618,false,0,6ddf1e0-dirty
flashinfer_from_probs,1,128256,20,0.95,bfloat16,hot,n/a,73.500,73.370,73.704,73.531,0.144,5,1530,153,513024,0.926,0.012592,false,0,6ddf1e0-dirty
fused_kernel,1,128256,20,0.95,bfloat16,hot,n/a,15.789,15.781,15.797,15.790,0.007,5,5000,500,256512,0.463,0.029309,false,0,6ddf1e0-dirty
compile,1,128256,20,0.95,bfloat16,hot,n/a,161.107,161.020,161.236,161.117,0.094,5,717,71,256512,0.463,0.002872,false,0,6ddf1e0-dirty
graph_eager,1,128256,20,0.95,bfloat16,hot,n/a,76.675,76.613,76.696,76.658,0.039,5,1542,154,256512,0.463,0.006035,false,0,6ddf1e0-dirty
graph_compile,1,128256,20,0.95,bfloat16,hot,n/a,76.689,76.641,76.718,76.683,0.034,5,1549,154,256512,0.463,0.006034,false,0,6ddf1e0-dirty
hf_eager,32,128256,20,0.95,bfloat16,hot,n/a,1825.152,1808.340,1828.168,1821.378,9.485,5,66,10,8208384,14.809,0.008114,false,0,6ddf1e0-dirty
ref_eager_fullsort,32,128256,20,0.95,bfloat16,hot,n/a,1278.754,1278.281,1279.205,1278.716,0.413,5,93,10,8208384,14.809,0.011580,false,0,6ddf1e0-dirty
tight_eager,32,128256,20,0.95,bfloat16,hot,n/a,202.105,202.044,202.279,202.139,0.106,5,591,59,8208384,14.809,0.073272,false,0,6ddf1e0-dirty
flashinfer,32,128256,20,0.95,bfloat16,hot,n/a,141.042,139.611,141.113,140.702,0.805,5,873,87,8208384,14.809,0.104994,false,0,6ddf1e0-dirty
flashinfer_from_probs,32,128256,20,0.95,bfloat16,hot,n/a,83.529,83.492,83.581,83.535,0.039,5,1390,139,16416768,29.617,0.354573,false,0,6ddf1e0-dirty
fused_kernel,32,128256,20,0.95,bfloat16,hot,n/a,24.756,23.316,24.904,24.387,0.776,5,5000,500,8208384,14.809,0.598192,false,0,6ddf1e0-dirty
compile,32,128256,20,0.95,bfloat16,hot,n/a,203.043,202.939,203.415,203.123,0.219,5,578,57,8208384,14.809,0.072933,false,0,6ddf1e0-dirty
graph_eager,32,128256,20,0.95,bfloat16,hot,n/a,149.687,147.907,149.791,149.241,0.969,5,818,81,8208384,14.809,0.098930,false,0,6ddf1e0-dirty
graph_compile,32,128256,20,0.95,bfloat16,hot,n/a,149.782,149.671,149.805,149.760,0.065,5,801,80,8208384,14.809,0.098868,false,0,6ddf1e0-dirty
hf_eager,1,128256,50,0.9,bfloat16,hot,n/a,340.124,339.967,340.285,340.141,0.142,5,350,35,256512,0.463,0.001361,false,0,6ddf1e0-dirty
ref_eager_fullsort,1,128256,50,0.9,bfloat16,hot,n/a,136.297,136.046,136.313,136.236,0.140,5,846,84,256512,0.463,0.003395,false,0,6ddf1e0-dirty
tight_eager,1,128256,50,0.9,bfloat16,hot,n/a,136.390,135.948,136.614,136.347,0.303,5,885,88,256512,0.463,0.003393,false,0,6ddf1e0-dirty
flashinfer,1,128256,50,0.9,bfloat16,hot,n/a,82.343,82.047,82.395,82.267,0.163,5,1351,135,256512,0.463,0.005620,false,0,6ddf1e0-dirty
flashinfer_from_probs,1,128256,50,0.9,bfloat16,hot,n/a,73.175,73.023,73.327,73.185,0.132,5,1553,155,513024,0.926,0.012648,false,0,6ddf1e0-dirty
fused_kernel,1,128256,50,0.9,bfloat16,hot,n/a,19.069,19.051,19.098,19.071,0.021,5,5000,500,256512,0.463,0.024268,false,0,6ddf1e0-dirty
compile,1,128256,50,0.9,bfloat16,hot,n/a,158.179,157.934,158.675,158.246,0.328,5,736,73,256512,0.463,0.002926,false,0,6ddf1e0-dirty
graph_eager,1,128256,50,0.9,bfloat16,hot,n/a,77.873,77.826,77.890,77.860,0.030,5,1538,153,256512,0.463,0.005943,false,0,6ddf1e0-dirty
graph_compile,1,128256,50,0.9,bfloat16,hot,n/a,77.830,77.807,77.849,77.831,0.019,5,1532,153,256512,0.463,0.005946,false,0,6ddf1e0-dirty
hf_eager,32,128256,50,0.9,bfloat16,hot,n/a,1826.130,1807.891,1827.481,1821.134,9.598,5,66,10,8208384,14.809,0.008109,false,0,6ddf1e0-dirty
ref_eager_fullsort,32,128256,50,0.9,bfloat16,hot,n/a,1278.602,1277.779,1278.922,1278.511,0.544,5,94,10,8208384,14.809,0.011582,false,0,6ddf1e0-dirty
tight_eager,32,128256,50,0.9,bfloat16,hot,n/a,201.519,201.372,203.033,201.930,0.802,5,585,58,8208384,14.809,0.073485,false,0,6ddf1e0-dirty
flashinfer,32,128256,50,0.9,bfloat16,hot,n/a,141.704,140.297,141.759,141.357,0.780,5,864,86,8208384,14.809,0.104504,false,0,6ddf1e0-dirty
flashinfer_from_probs,32,128256,50,0.9,bfloat16,hot,n/a,82.771,82.737,82.794,82.765,0.025,5,1407,140,16416768,29.617,0.357821,false,0,6ddf1e0-dirty
fused_kernel,32,128256,50,0.9,bfloat16,hot,n/a,27.876,26.935,27.985,27.635,0.509,5,4386,438,8208384,14.809,0.531239,false,0,6ddf1e0-dirty
compile,32,128256,50,0.9,bfloat16,hot,n/a,201.604,201.119,202.583,201.748,0.658,5,580,58,8208384,14.809,0.073454,false,0,6ddf1e0-dirty
graph_eager,32,128256,50,0.9,bfloat16,hot,n/a,150.059,148.745,150.251,149.771,0.750,5,812,81,8208384,14.809,0.098685,false,0,6ddf1e0-dirty
graph_compile,32,128256,50,0.9,bfloat16,hot,n/a,150.085,149.962,150.156,150.080,0.090,5,796,79,8208384,14.809,0.098668,false,0,6ddf1e0-dirty
hf_eager,1,128256,50,0.95,bfloat16,hot,n/a,340.167,340.116,340.262,340.184,0.064,5,349,34,256512,0.463,0.001360,false,0,6ddf1e0-dirty
ref_eager_fullsort,1,128256,50,0.95,bfloat16,hot,n/a,136.401,136.209,136.922,136.505,0.316,5,844,84,256512,0.463,0.003393,false,0,6ddf1e0-dirty
tight_eager,1,128256,50,0.95,bfloat16,hot,n/a,136.058,135.506,136.375,136.022,0.392,5,883,88,256512,0.463,0.003401,false,0,6ddf1e0-dirty
flashinfer,1,128256,50,0.95,bfloat16,hot,n/a,82.572,82.553,82.663,82.600,0.055,5,1341,134,256512,0.463,0.005604,false,0,6ddf1e0-dirty
flashinfer_from_probs,1,128256,50,0.95,bfloat16,hot,n/a,73.936,73.579,74.119,73.883,0.242,5,1523,152,513024,0.926,0.012518,false,0,6ddf1e0-dirty
fused_kernel,1,128256,50,0.95,bfloat16,hot,n/a,19.948,19.927,19.957,19.944,0.013,5,5000,500,256512,0.463,0.023199,false,0,6ddf1e0-dirty
compile,1,128256,50,0.95,bfloat16,hot,n/a,158.083,157.784,158.170,157.991,0.186,5,721,72,256512,0.463,0.002927,false,0,6ddf1e0-dirty
graph_eager,1,128256,50,0.95,bfloat16,hot,n/a,77.949,77.777,77.966,77.911,0.099,5,1537,153,256512,0.463,0.005937,false,0,6ddf1e0-dirty
graph_compile,1,128256,50,0.95,bfloat16,hot,n/a,77.909,77.880,77.964,77.914,0.038,5,1531,153,256512,0.463,0.005940,false,0,6ddf1e0-dirty
hf_eager,32,128256,50,0.95,bfloat16,hot,n/a,1825.949,1807.508,1827.598,1820.916,9.749,5,66,10,8208384,14.809,0.008110,false,0,6ddf1e0-dirty
ref_eager_fullsort,32,128256,50,0.95,bfloat16,hot,n/a,1278.051,1276.836,1278.223,1277.684,0.661,5,93,10,8208384,14.809,0.011587,false,0,6ddf1e0-dirty
tight_eager,32,128256,50,0.95,bfloat16,hot,n/a,202.117,202.059,202.879,202.350,0.392,5,588,58,8208384,14.809,0.073267,false,0,6ddf1e0-dirty
flashinfer,32,128256,50,0.95,bfloat16,hot,n/a,141.209,139.769,141.267,140.869,0.816,5,873,87,8208384,14.809,0.104870,false,0,6ddf1e0-dirty
flashinfer_from_probs,32,128256,50,0.95,bfloat16,hot,n/a,82.268,82.245,82.275,82.262,0.014,5,1416,141,16416768,29.617,0.360008,false,0,6ddf1e0-dirty
fused_kernel,32,128256,50,0.95,bfloat16,hot,n/a,27.878,27.023,27.985,27.648,0.458,5,4421,442,8208384,14.809,0.531199,false,0,6ddf1e0-dirty
compile,32,128256,50,0.95,bfloat16,hot,n/a,201.429,201.122,202.908,201.790,0.837,5,577,57,8208384,14.809,0.073518,false,0,6ddf1e0-dirty
graph_eager,32,128256,50,0.95,bfloat16,hot,n/a,149.987,148.768,150.062,149.698,0.682,5,812,81,8208384,14.809,0.098733,false,0,6ddf1e0-dirty
graph_compile,32,128256,50,0.95,bfloat16,hot,n/a,150.051,149.948,150.099,150.037,0.068,5,800,80,8208384,14.809,0.098690,false,0,6ddf1e0-dirty
hf_eager,1,128256,100,0.9,bfloat16,hot,n/a,341.511,341.346,341.579,341.475,0.112,5,348,34,256512,0.463,0.001355,false,0,6ddf1e0-dirty
ref_eager_fullsort,1,128256,100,0.9,bfloat16,hot,n/a,136.020,135.909,136.116,136.017,0.089,5,830,83,256512,0.463,0.003402,false,0,6ddf1e0-dirty
tight_eager,1,128256,100,0.9,bfloat16,hot,n/a,136.361,136.225,136.451,136.343,0.104,5,878,87,256512,0.463,0.003394,false,0,6ddf1e0-dirty
flashinfer,1,128256,100,0.9,bfloat16,hot,n/a,82.597,82.489,82.825,82.652,0.151,5,1348,134,256512,0.463,0.005603,false,0,6ddf1e0-dirty
flashinfer_from_probs,1,128256,100,0.9,bfloat16,hot,n/a,73.613,73.463,73.786,73.615,0.140,5,1554,155,513024,0.926,0.012573,false,0,6ddf1e0-dirty
fused_kernel,1,128256,100,0.9,bfloat16,hot,n/a,22.747,22.745,22.768,22.753,0.011,5,5000,500,256512,0.463,0.020344,false,0,6ddf1e0-dirty
compile,1,128256,100,0.9,bfloat16,hot,n/a,158.896,158.714,159.261,158.952,0.240,5,722,72,256512,0.463,0.002912,false,0,6ddf1e0-dirty
graph_eager,1,128256,100,0.9,bfloat16,hot,n/a,78.350,78.324,78.358,78.344,0.015,5,1539,153,256512,0.463,0.005906,false,0,6ddf1e0-dirty
graph_compile,1,128256,100,0.9,bfloat16,hot,n/a,78.327,78.312,78.336,78.326,0.011,5,1538,153,256512,0.463,0.005908,false,0,6ddf1e0-dirty
hf_eager,32,128256,100,0.9,bfloat16,hot,n/a,1822.654,1805.569,1825.059,1818.381,9.325,5,66,10,8208384,14.809,0.008125,false,0,6ddf1e0-dirty
ref_eager_fullsort,32,128256,100,0.9,bfloat16,hot,n/a,1276.063,1274.575,1276.507,1275.828,0.921,5,94,10,8208384,14.809,0.011605,false,0,6ddf1e0-dirty
tight_eager,32,128256,100,0.9,bfloat16,hot,n/a,201.149,201.032,202.105,201.359,0.543,5,589,58,8208384,14.809,0.073620,false,0,6ddf1e0-dirty
flashinfer,32,128256,100,0.9,bfloat16,hot,n/a,141.807,140.464,141.894,141.498,0.765,5,865,86,8208384,14.809,0.104428,false,0,6ddf1e0-dirty
flashinfer_from_probs,32,128256,100,0.9,bfloat16,hot,n/a,84.532,84.524,84.595,84.549,0.034,5,1385,138,16416768,29.617,0.350364,false,0,6ddf1e0-dirty
fused_kernel,32,128256,100,0.9,bfloat16,hot,n/a,32.759,32.132,32.762,32.602,0.350,5,3667,366,8208384,14.809,0.452041,false,0,6ddf1e0-dirty
compile,32,128256,100,0.9,bfloat16,hot,n/a,201.357,201.142,202.512,201.614,0.654,5,581,58,8208384,14.809,0.073544,false,0,6ddf1e0-dirty
graph_eager,32,128256,100,0.9,bfloat16,hot,n/a,151.733,150.060,151.770,151.293,0.898,5,805,80,8208384,14.809,0.097596,false,0,6ddf1e0-dirty
graph_compile,32,128256,100,0.9,bfloat16,hot,n/a,151.777,151.657,151.800,151.752,0.069,5,790,79,8208384,14.809,0.097568,false,0,6ddf1e0-dirty
hf_eager,1,128256,100,0.95,bfloat16,hot,n/a,341.414,341.354,341.540,341.443,0.083,5,350,35,256512,0.463,0.001355,false,0,6ddf1e0-dirty
ref_eager_fullsort,1,128256,100,0.95,bfloat16,hot,n/a,136.130,136.041,136.177,136.112,0.065,5,845,84,256512,0.463,0.003399,false,0,6ddf1e0-dirty
tight_eager,1,128256,100,0.95,bfloat16,hot,n/a,136.484,136.457,136.512,136.486,0.024,5,887,88,256512,0.463,0.003391,false,0,6ddf1e0-dirty
flashinfer,1,128256,100,0.95,bfloat16,hot,n/a,82.655,82.402,82.779,82.621,0.169,5,1354,135,256512,0.463,0.005599,false,0,6ddf1e0-dirty
flashinfer_from_probs,1,128256,100,0.95,bfloat16,hot,n/a,73.669,73.341,73.766,73.604,0.195,5,1526,152,513024,0.926,0.012564,false,0,6ddf1e0-dirty
fused_kernel,1,128256,100,0.95,bfloat16,hot,n/a,23.384,23.358,23.399,23.379,0.019,5,5000,500,256512,0.463,0.019790,false,0,6ddf1e0-dirty
compile,1,128256,100,0.95,bfloat16,hot,n/a,158.113,157.897,158.267,158.083,0.172,5,734,73,256512,0.463,0.002927,false,0,6ddf1e0-dirty
graph_eager,1,128256,100,0.95,bfloat16,hot,n/a,78.299,78.282,78.328,78.304,0.022,5,1535,153,256512,0.463,0.005910,false,0,6ddf1e0-dirty
graph_compile,1,128256,100,0.95,bfloat16,hot,n/a,84.057,84.049,84.067,84.057,0.008,5,1425,142,256512,0.463,0.005505,false,0,6ddf1e0-dirty
hf_eager,32,128256,100,0.95,bfloat16,hot,n/a,1824.061,1822.249,1829.600,1825.386,3.344,5,65,10,8208384,14.809,0.008118,false,0,6ddf1e0-dirty
ref_eager_fullsort,32,128256,100,0.95,bfloat16,hot,n/a,1275.462,1274.365,1275.924,1275.197,0.749,5,94,10,8208384,14.809,0.011610,false,0,6ddf1e0-dirty
tight_eager,32,128256,100,0.95,bfloat16,hot,n/a,201.040,200.964,201.535,201.152,0.280,5,592,59,8208384,14.809,0.073660,false,0,6ddf1e0-dirty
flashinfer,32,128256,100,0.95,bfloat16,hot,n/a,141.231,139.873,141.266,140.900,0.761,5,865,86,8208384,14.809,0.104853,false,0,6ddf1e0-dirty
flashinfer_from_probs,32,128256,100,0.95,bfloat16,hot,n/a,83.773,83.750,83.810,83.777,0.026,5,1400,140,16416768,29.617,0.353542,false,0,6ddf1e0-dirty
fused_kernel,32,128256,100,0.95,bfloat16,hot,n/a,33.810,32.965,33.845,33.600,0.466,5,3699,369,8208384,14.809,0.437987,false,0,6ddf1e0-dirty
compile,32,128256,100,0.95,bfloat16,hot,n/a,201.371,201.122,202.228,201.535,0.511,5,579,57,8208384,14.809,0.073539,false,0,6ddf1e0-dirty
graph_eager,32,128256,100,0.95,bfloat16,hot,n/a,151.669,150.016,151.760,151.244,0.890,5,802,80,8208384,14.809,0.097638,false,0,6ddf1e0-dirty
graph_compile,32,128256,100,0.95,bfloat16,hot,n/a,151.769,151.613,151.801,151.737,0.090,5,790,79,8208384,14.809,0.097573,false,0,6ddf1e0-dirty
hf_eager,1,151936,20,0.9,bfloat16,hot,n/a,323.609,323.139,323.738,323.483,0.276,5,369,36,303872,0.548,0.001694,false,0,6ddf1e0-dirty
ref_eager_fullsort,1,151936,20,0.9,bfloat16,hot,n/a,138.650,138.416,139.101,138.754,0.308,5,838,83,303872,0.548,0.003954,false,0,6ddf1e0-dirty
tight_eager,1,151936,20,0.9,bfloat16,hot,n/a,133.600,133.476,135.034,134.021,0.747,5,854,85,303872,0.548,0.004103,false,0,6ddf1e0-dirty
flashinfer,1,151936,20,0.9,bfloat16,hot,n/a,83.687,83.578,84.083,83.757,0.242,5,1345,134,303872,0.548,0.006551,false,0,6ddf1e0-dirty
flashinfer_from_probs,1,151936,20,0.9,bfloat16,hot,n/a,73.505,73.154,73.613,73.420,0.218,5,1527,152,607744,1.096,0.014916,false,0,6ddf1e0-dirty
fused_kernel,1,151936,20,0.9,bfloat16,hot,n/a,16.357,16.357,16.367,16.359,0.005,5,5000,500,303872,0.548,0.033515,false,0,6ddf1e0-dirty
compile,1,151936,20,0.9,bfloat16,hot,n/a,160.933,160.827,161.298,160.999,0.224,5,719,71,303872,0.548,0.003406,false,0,6ddf1e0-dirty
graph_eager,1,151936,20,0.9,bfloat16,hot,n/a,81.366,81.307,81.395,81.362,0.041,5,1483,148,303872,0.548,0.006738,false,0,6ddf1e0-dirty
graph_compile,1,151936,20,0.9,bfloat16,hot,n/a,81.415,81.351,81.440,81.404,0.040,5,1498,149,303872,0.548,0.006734,false,0,6ddf1e0-dirty
hf_eager,32,151936,20,0.9,bfloat16,hot,n/a,2189.503,2180.120,2191.553,2187.580,5.445,5,55,10,9723904,17.543,0.008012,false,0,6ddf1e0-dirty
ref_eager_fullsort,32,151936,20,0.9,bfloat16,hot,n/a,1532.814,1532.134,1533.056,1532.686,0.416,5,78,10,9723904,17.543,0.011445,false,0,6ddf1e0-dirty
tight_eager,32,151936,20,0.9,bfloat16,hot,n/a,216.317,216.267,217.545,216.653,0.645,5,545,54,9723904,17.543,0.081097,false,0,6ddf1e0-dirty
flashinfer,32,151936,20,0.9,bfloat16,hot,n/a,174.559,171.757,174.662,173.810,1.486,5,708,70,9723904,17.543,0.100497,false,0,6ddf1e0-dirty
flashinfer_from_probs,32,151936,20,0.9,bfloat16,hot,n/a,102.797,102.792,102.836,102.810,0.022,5,1153,115,19447808,35.085,0.341307,false,0,6ddf1e0-dirty
fused_kernel,32,151936,20,0.9,bfloat16,hot,n/a,26.981,26.110,27.027,26.752,0.464,5,4724,472,9723904,17.543,0.650180,false,0,6ddf1e0-dirty
compile,32,151936,20,0.9,bfloat16,hot,n/a,216.651,216.483,217.710,216.871,0.612,5,540,54,9723904,17.543,0.080972,false,0,6ddf1e0-dirty
graph_eager,32,151936,20,0.9,bfloat16,hot,n/a,165.469,163.148,165.607,164.835,1.219,5,749,74,9723904,17.543,0.106018,false,0,6ddf1e0-dirty
graph_compile,32,151936,20,0.9,bfloat16,hot,n/a,165.601,165.153,165.702,165.515,0.270,5,726,72,9723904,17.543,0.105933,false,0,6ddf1e0-dirty
hf_eager,1,151936,20,0.95,bfloat16,hot,n/a,323.285,322.999,323.782,323.340,0.354,5,367,36,303872,0.548,0.001696,false,0,6ddf1e0-dirty
ref_eager_fullsort,1,151936,20,0.95,bfloat16,hot,n/a,138.916,138.458,139.013,138.770,0.280,5,838,83,303872,0.548,0.003946,false,0,6ddf1e0-dirty
tight_eager,1,151936,20,0.95,bfloat16,hot,n/a,133.831,133.182,134.786,133.919,0.700,5,864,86,303872,0.548,0.004096,false,0,6ddf1e0-dirty
flashinfer,1,151936,20,0.95,bfloat16,hot,n/a,83.990,83.527,84.035,83.842,0.246,5,1352,135,303872,0.548,0.006527,false,0,6ddf1e0-dirty
flashinfer_from_probs,1,151936,20,0.95,bfloat16,hot,n/a,73.219,73.016,73.539,73.237,0.232,5,1530,153,607744,1.096,0.014974,false,0,6ddf1e0-dirty
fused_kernel,1,151936,20,0.95,bfloat16,hot,n/a,16.362,16.358,16.368,16.362,0.004,5,5000,500,303872,0.548,0.033506,false,0,6ddf1e0-dirty
compile,1,151936,20,0.95,bfloat16,hot,n/a,160.849,160.705,161.206,160.915,0.236,5,716,71,303872,0.548,0.003408,false,0,6ddf1e0-dirty
graph_eager,1,151936,20,0.95,bfloat16,hot,n/a,81.414,81.294,81.426,81.385,0.066,5,1476,147,303872,0.548,0.006734,false,0,6ddf1e0-dirty
graph_compile,1,151936,20,0.95,bfloat16,hot,n/a,83.380,81.423,86.771,83.936,2.657,5,1399,139,303872,0.548,0.006575,false,0,6ddf1e0-dirty
hf_eager,32,151936,20,0.95,bfloat16,hot,n/a,2189.585,2179.782,2191.081,2187.298,5.457,5,55,10,9723904,17.543,0.008012,false,0,6ddf1e0-dirty
ref_eager_fullsort,32,151936,20,0.95,bfloat16,hot,n/a,1532.601,1532.370,1533.279,1532.705,0.426,5,78,10,9723904,17.543,0.011446,false,0,6ddf1e0-dirty
tight_eager,32,151936,20,0.95,bfloat16,hot,n/a,217.231,217.010,218.545,217.518,0.756,5,545,54,9723904,17.543,0.080756,false,0,6ddf1e0-dirty
flashinfer,32,151936,20,0.95,bfloat16,hot,n/a,174.300,171.315,174.493,173.521,1.595,5,710,71,9723904,17.543,0.100647,false,0,6ddf1e0-dirty
flashinfer_from_probs,32,151936,20,0.95,bfloat16,hot,n/a,101.997,101.930,102.036,101.988,0.046,5,1170,117,19447808,35.085,0.343983,false,0,6ddf1e0-dirty
fused_kernel,32,151936,20,0.95,bfloat16,hot,n/a,28.111,26.635,28.164,27.732,0.798,5,4743,474,9723904,17.543,0.624059,false,0,6ddf1e0-dirty
compile,32,151936,20,0.95,bfloat16,hot,n/a,217.070,216.793,218.211,217.266,0.696,5,537,53,9723904,17.543,0.080816,false,0,6ddf1e0-dirty
graph_eager,32,151936,20,0.95,bfloat16,hot,n/a,165.547,163.359,165.747,165.015,1.200,5,747,74,9723904,17.543,0.105968,false,0,6ddf1e0-dirty
graph_compile,32,151936,20,0.95,bfloat16,hot,n/a,165.681,165.322,165.726,165.597,0.200,5,723,72,9723904,17.543,0.105883,false,0,6ddf1e0-dirty
hf_eager,1,151936,50,0.95,bfloat16,hot,n/a,324.813,324.729,325.680,325.120,0.493,5,367,36,303872,0.548,0.001688,false,0,6ddf1e0-dirty
ref_eager_fullsort,1,151936,50,0.95,bfloat16,hot,n/a,139.120,138.566,139.203,138.945,0.305,5,837,83,303872,0.548,0.003941,false,0,6ddf1e0-dirty
tight_eager,1,151936,50,0.95,bfloat16,hot,n/a,137.231,137.204,137.321,137.256,0.054,5,860,86,303872,0.548,0.003995,false,0,6ddf1e0-dirty
flashinfer,1,151936,50,0.95,bfloat16,hot,n/a,83.894,83.811,83.980,83.890,0.079,5,1333,133,303872,0.548,0.006535,false,0,6ddf1e0-dirty
flashinfer_from_probs,1,151936,50,0.95,bfloat16,hot,n/a,73.231,73.108,73.371,73.243,0.114,5,1517,151,607744,1.096,0.014972,false,0,6ddf1e0-dirty
fused_kernel,1,151936,50,0.95,bfloat16,hot,n/a,20.259,20.255,20.270,20.261,0.007,5,5000,500,303872,0.548,0.027060,false,0,6ddf1e0-dirty
compile,1,151936,50,0.95,bfloat16,hot,n/a,160.674,160.432,160.882,160.662,0.196,5,715,71,303872,0.548,0.003412,false,0,6ddf1e0-dirty
graph_eager,1,151936,50,0.95,bfloat16,hot,n/a,81.588,81.367,81.597,81.523,0.113,5,1467,146,303872,0.548,0.006719,false,0,6ddf1e0-dirty
graph_compile,1,151936,50,0.95,bfloat16,hot,n/a,81.609,81.455,81.710,81.589,0.117,5,1464,146,303872,0.548,0.006717,false,0,6ddf1e0-dirty
hf_eager,32,151936,50,0.95,bfloat16,hot,n/a,2193.781,2182.417,2194.475,2190.720,6.001,5,55,10,9723904,17.543,0.007997,false,0,6ddf1e0-dirty
ref_eager_fullsort,32,151936,50,0.95,bfloat16,hot,n/a,1534.062,1533.533,1534.235,1533.962,0.328,5,78,10,9723904,17.543,0.011435,false,0,6ddf1e0-dirty
tight_eager,32,151936,50,0.95,bfloat16,hot,n/a,218.143,217.759,218.962,218.219,0.561,5,545,54,9723904,17.543,0.080418,false,0,6ddf1e0-dirty
flashinfer,32,151936,50,0.95,bfloat16,hot,n/a,175.259,172.240,175.318,174.390,1.552,5,710,71,9723904,17.543,0.100096,false,0,6ddf1e0-dirty
flashinfer_from_probs,32,151936,50,0.95,bfloat16,hot,n/a,100.681,100.641,100.717,100.681,0.033,5,1179,117,19447808,35.085,0.348481,false,0,6ddf1e0-dirty
fused_kernel,32,151936,50,0.95,bfloat16,hot,n/a,30.730,30.548,30.736,30.685,0.101,5,4003,400,9723904,17.543,0.570866,false,0,6ddf1e0-dirty
compile,32,151936,50,0.95,bfloat16,hot,n/a,218.479,218.249,219.405,218.670,0.545,5,539,53,9723904,17.543,0.080295,false,0,6ddf1e0-dirty
graph_eager,32,151936,50,0.95,bfloat16,hot,n/a,167.292,164.972,167.500,166.685,1.239,5,740,74,9723904,17.543,0.104863,false,0,6ddf1e0-dirty
graph_compile,32,151936,50,0.95,bfloat16,hot,n/a,167.437,167.080,167.485,167.361,0.208,5,714,71,9723904,17.543,0.104772,false,0,6ddf1e0-dirty
hf_eager,1,151936,100,0.9,bfloat16,hot,n/a,327.165,326.936,327.611,327.219,0.308,5,366,36,303872,0.548,0.001676,false,0,6ddf1e0-dirty
ref_eager_fullsort,1,151936,100,0.9,bfloat16,hot,n/a,138.792,138.673,139.225,138.890,0.256,5,851,85,303872,0.548,0.003950,false,0,6ddf1e0-dirty
tight_eager,1,151936,100,0.9,bfloat16,hot,n/a,137.371,137.333,137.425,137.376,0.040,5,865,86,303872,0.548,0.003991,false,0,6ddf1e0-dirty
flashinfer,1,151936,100,0.9,bfloat16,hot,n/a,84.589,84.563,84.605,84.583,0.019,5,1340,134,303872,0.548,0.006481,false,0,6ddf1e0-dirty
flashinfer_from_probs,1,151936,100,0.9,bfloat16,hot,n/a,73.735,73.548,73.802,73.692,0.123,5,1506,150,607744,1.096,0.014870,false,0,6ddf1e0-dirty
fused_kernel,1,151936,100,0.9,bfloat16,hot,n/a,24.917,24.896,24.939,24.916,0.019,5,4615,461,303872,0.548,0.022001,false,0,6ddf1e0-dirty
compile,1,151936,100,0.9,bfloat16,hot,n/a,159.100,158.798,159.344,159.090,0.236,5,725,72,303872,0.548,0.003446,false,0,6ddf1e0-dirty
graph_eager,1,151936,100,0.9,bfloat16,hot,n/a,81.821,81.726,81.956,81.840,0.100,5,1468,146,303872,0.548,0.006700,false,0,6ddf1e0-dirty
graph_compile,1,151936,100,0.9,bfloat16,hot,n/a,81.993,81.808,82.096,81.958,0.139,5,1472,147,303872,0.548,0.006686,false,0,6ddf1e0-dirty
hf_eager,32,151936,100,0.9,bfloat16,hot,n/a,2191.823,2180.267,2193.579,2189.024,6.363,5,55,10,9723904,17.543,0.008004,false,0,6ddf1e0-dirty
ref_eager_fullsort,32,151936,100,0.9,bfloat16,hot,n/a,1533.231,1532.795,1533.629,1533.205,0.384,5,78,10,9723904,17.543,0.011442,false,0,6ddf1e0-dirty
tight_eager,32,151936,100,0.9,bfloat16,hot,n/a,216.904,216.660,219.083,217.480,1.164,5,540,54,9723904,17.543,0.080878,false,0,6ddf1e0-dirty
flashinfer,32,151936,100,0.9,bfloat16,hot,n/a,176.708,174.120,176.727,176.012,1.377,5,704,70,9723904,17.543,0.099275,false,0,6ddf1e0-dirty
flashinfer_from_probs,32,151936,100,0.9,bfloat16,hot,n/a,102.985,102.945,102.994,102.972,0.025,5,1152,115,19447808,35.085,0.340685,false,0,6ddf1e0-dirty
fused_kernel,32,151936,100,0.9,bfloat16,hot,n/a,34.860,34.829,34.864,34.851,0.016,5,3372,337,9723904,17.543,0.503235,false,0,6ddf1e0-dirty
compile,32,151936,100,0.9,bfloat16,hot,n/a,217.253,216.994,218.975,217.664,0.952,5,539,53,9723904,17.543,0.080748,false,0,6ddf1e0-dirty
graph_eager,32,151936,100,0.9,bfloat16,hot,n/a,167.673,165.813,167.779,167.181,0.989,5,733,73,9723904,17.543,0.104624,false,0,6ddf1e0-dirty
graph_compile,32,151936,100,0.9,bfloat16,hot,n/a,167.749,167.447,167.785,167.681,0.170,5,717,71,9723904,17.543,0.104577,false,0,6ddf1e0-dirty
hf_eager,1,151936,100,0.95,bfloat16,hot,n/a,327.450,327.036,327.676,327.367,0.280,5,363,36,303872,0.548,0.001674,false,0,6ddf1e0-dirty
ref_eager_fullsort,1,151936,100,0.95,bfloat16,hot,n/a,138.928,138.480,138.989,138.798,0.245,5,835,83,303872,0.548,0.003946,false,0,6ddf1e0-dirty
tight_eager,1,151936,100,0.95,bfloat16,hot,n/a,137.458,137.327,137.516,137.440,0.085,5,864,86,303872,0.548,0.003988,false,0,6ddf1e0-dirty
flashinfer,1,151936,100,0.95,bfloat16,hot,n/a,84.372,84.337,84.467,84.386,0.061,5,1345,134,303872,0.548,0.006498,false,0,6ddf1e0-dirty
flashinfer_from_probs,1,151936,100,0.95,bfloat16,hot,n/a,72.987,72.861,73.073,72.970,0.094,5,1517,151,607744,1.096,0.015022,false,0,6ddf1e0-dirty
fused_kernel,1,151936,100,0.95,bfloat16,hot,n/a,25.629,25.620,25.650,25.635,0.014,5,4679,467,303872,0.548,0.021390,false,0,6ddf1e0-dirty
compile,1,151936,100,0.95,bfloat16,hot,n/a,158.967,158.910,159.433,159.099,0.251,5,727,72,303872,0.548,0.003449,false,0,6ddf1e0-dirty
graph_eager,1,151936,100,0.95,bfloat16,hot,n/a,81.817,81.535,81.855,81.753,0.158,5,1462,146,303872,0.548,0.006700,false,0,6ddf1e0-dirty
graph_compile,1,151936,100,0.95,bfloat16,hot,n/a,81.926,81.760,82.052,81.917,0.138,5,1466,146,303872,0.548,0.006691,false,0,6ddf1e0-dirty
hf_eager,32,151936,100,0.95,bfloat16,hot,n/a,2191.287,2179.842,2192.939,2188.605,6.356,5,55,10,9723904,17.543,0.008006,false,0,6ddf1e0-dirty
ref_eager_fullsort,32,151936,100,0.95,bfloat16,hot,n/a,1533.790,1533.314,1533.902,1533.635,0.290,5,78,10,9723904,17.543,0.011437,false,0,6ddf1e0-dirty
tight_eager,32,151936,100,0.95,bfloat16,hot,n/a,216.646,216.509,219.476,217.462,1.459,5,543,54,9723904,17.543,0.080974,false,0,6ddf1e0-dirty
flashinfer,32,151936,100,0.95,bfloat16,hot,n/a,176.085,173.514,176.207,175.446,1.409,5,708,70,9723904,17.543,0.099626,false,0,6ddf1e0-dirty
flashinfer_from_probs,32,151936,100,0.95,bfloat16,hot,n/a,102.221,102.169,102.290,102.229,0.053,5,1160,116,19447808,35.085,0.343229,false,0,6ddf1e0-dirty
fused_kernel,32,151936,100,0.95,bfloat16,hot,n/a,36.230,35.882,36.250,36.134,0.182,5,3331,333,9723904,17.543,0.484208,false,0,6ddf1e0-dirty
compile,32,151936,100,0.95,bfloat16,hot,n/a,217.589,217.017,219.914,218.140,1.344,5,534,53,9723904,17.543,0.080623,false,0,6ddf1e0-dirty
graph_eager,32,151936,100,0.95,bfloat16,hot,n/a,167.642,165.742,167.835,167.189,1.048,5,735,73,9723904,17.543,0.104644,false,0,6ddf1e0-dirty
graph_compile,32,151936,100,0.95,bfloat16,hot,n/a,167.880,167.523,167.933,167.801,0.203,5,716,71,9723904,17.543,0.104495,false,0,6ddf1e0-dirty
ref_eager_fullsort,1,151936,50,0.9,float16,hot,n/a,141.829,141.386,141.864,141.727,0.250,5,835,83,303872,0.548,0.003865,false,1,6ddf1e0-dirty
tight_eager,1,151936,50,0.9,float16,hot,n/a,137.223,137.027,137.336,137.186,0.149,5,872,87,303872,0.548,0.003995,false,1,6ddf1e0-dirty
flashinfer,1,151936,50,0.9,float16,hot,n/a,84.019,83.996,84.053,84.022,0.025,5,1326,132,303872,0.548,0.006525,false,1,6ddf1e0-dirty
flashinfer_from_probs,1,151936,50,0.9,float16,hot,n/a,73.604,73.323,73.625,73.523,0.146,5,1501,150,607744,1.096,0.014896,false,1,6ddf1e0-dirty
fused_kernel,1,151936,50,0.9,float16,hot,n/a,18.421,18.421,18.422,18.422,0.001,5,5000,500,303872,0.548,0.029759,false,1,6ddf1e0-dirty
compile,1,151936,50,0.9,float16,hot,n/a,159.518,159.012,159.903,159.455,0.394,5,714,71,303872,0.548,0.003437,false,1,6ddf1e0-dirty
graph_eager,1,151936,50,0.9,float16,hot,n/a,81.506,81.460,81.513,81.492,0.025,5,1468,146,303872,0.548,0.006726,false,1,6ddf1e0-dirty
graph_compile,1,151936,50,0.9,float16,hot,n/a,71.672,71.603,71.727,71.669,0.054,5,1672,167,303872,0.548,0.007649,false,1,6ddf1e0-dirty
hf_eager,1,151936,50,0.9,float16,hot,n/a,324.858,324.717,325.441,325.026,0.342,5,368,36,303872,0.548,0.001688,false,1,6ddf1e0-dirty
ref_eager_fullsort,4,151936,50,0.9,float16,hot,n/a,235.810,235.333,235.983,235.714,0.289,5,506,50,1215488,2.193,0.009299,false,1,6ddf1e0-dirty
tight_eager,4,151936,50,0.9,float16,hot,n/a,163.424,163.229,163.542,163.417,0.145,5,731,73,1215488,2.193,0.013418,false,1,6ddf1e0-dirty
flashinfer,4,151936,50,0.9,float16,hot,n/a,85.335,85.284,85.395,85.344,0.049,5,1337,133,1215488,2.193,0.025697,false,1,6ddf1e0-dirty
flashinfer_from_probs,4,151936,50,0.9,float16,hot,n/a,74.037,73.968,74.097,74.038,0.058,5,1493,149,2430976,4.386,0.059236,false,1,6ddf1e0-dirty
fused_kernel,4,151936,50,0.9,float16,hot,n/a,19.516,19.505,19.550,19.525,0.021,5,5000,500,1215488,2.193,0.112359,false,1,6ddf1e0-dirty
compile,4,151936,50,0.9,float16,hot,n/a,152.298,152.131,152.627,152.334,0.226,5,735,73,1215488,2.193,0.014398,false,1,6ddf1e0-dirty
graph_eager,4,151936,50,0.9,float16,hot,n/a,104.536,104.109,104.628,104.439,0.242,5,1168,116,1215488,2.193,0.020977,false,1,6ddf1e0-dirty
graph_compile,4,151936,50,0.9,float16,hot,n/a,99.766,99.709,99.812,99.766,0.046,5,1213,121,1215488,2.193,0.021980,false,1,6ddf1e0-dirty
hf_eager,4,151936,50,0.9,float16,hot,n/a,606.201,597.135,607.918,603.298,5.537,5,197,19,1215488,2.193,0.003617,false,1,6ddf1e0-dirty
ref_eager_fullsort,8,151936,50,0.9,float16,hot,n/a,354.083,346.714,354.464,352.181,3.961,5,349,34,2430976,4.386,0.012386,false,1,6ddf1e0-dirty
tight_eager,8,151936,50,0.9,float16,hot,n/a,167.514,167.295,167.843,167.539,0.239,5,709,70,2430976,4.386,0.026181,false,1,6ddf1e0-dirty
flashinfer,8,151936,50,0.9,float16,hot,n/a,90.578,90.510,90.589,90.556,0.041,5,1291,129,2430976,4.386,0.048419,false,1,6ddf1e0-dirty
flashinfer_from_probs,8,151936,50,0.9,float16,hot,n/a,74.409,74.251,74.521,74.388,0.117,5,1482,148,4861952,8.771,0.117880,false,1,6ddf1e0-dirty
fused_kernel,8,151936,50,0.9,float16,hot,n/a,20.163,20.158,20.166,20.162,0.003,5,5000,500,2430976,4.386,0.217516,false,1,6ddf1e0-dirty
compile,8,151936,50,0.9,float16,hot,n/a,152.601,152.388,152.899,152.629,0.247,5,736,73,2430976,4.386,0.028739,false,1,6ddf1e0-dirty
graph_eager,8,151936,50,0.9,float16,hot,n/a,107.888,107.475,107.953,107.803,0.239,5,1121,112,2430976,4.386,0.040650,false,1,6ddf1e0-dirty
graph_compile,8,151936,50,0.9,float16,hot,n/a,98.226,98.174,98.246,98.216,0.032,5,1226,122,2430976,4.386,0.044649,false,1,6ddf1e0-dirty
hf_eager,8,151936,50,0.9,float16,hot,n/a,704.496,701.241,710.233,704.855,4.140,5,167,16,2430976,4.386,0.006225,false,1,6ddf1e0-dirty
ref_eager_fullsort,16,151936,50,0.9,float16,hot,n/a,693.478,680.689,694.331,690.256,6.928,5,182,18,4861952,8.771,0.012648,false,1,6ddf1e0-dirty
tight_eager,16,151936,50,0.9,float16,hot,n/a,181.632,181.412,182.062,181.685,0.294,5,657,65,4861952,8.771,0.048292,false,1,6ddf1e0-dirty
flashinfer,16,151936,50,0.9,float16,hot,n/a,114.989,114.906,115.080,114.991,0.075,5,1045,104,4861952,8.771,0.076280,false,1,6ddf1e0-dirty
flashinfer_from_probs,16,151936,50,0.9,float16,hot,n/a,74.175,74.120,74.330,74.209,0.093,5,1484,148,9723904,17.543,0.236504,false,1,6ddf1e0-dirty
fused_kernel,16,151936,50,0.9,float16,hot,n/a,22.516,22.504,22.521,22.514,0.007,5,5000,500,4861952,8.771,0.389558,false,1,6ddf1e0-dirty
compile,16,151936,50,0.9,float16,hot,n/a,157.809,157.686,158.026,157.846,0.154,5,725,72,4861952,8.771,0.055582,false,1,6ddf1e0-dirty
graph_eager,16,151936,50,0.9,float16,hot,n/a,122.152,121.845,122.205,122.082,0.172,5,988,98,4861952,8.771,0.071807,false,1,6ddf1e0-dirty
graph_compile,16,151936,50,0.9,float16,hot,n/a,109.536,109.498,109.609,109.553,0.051,5,1090,109,4861952,8.771,0.080078,false,1,6ddf1e0-dirty
hf_eager,16,151936,50,0.9,float16,hot,n/a,1180.235,1179.472,1181.907,1180.459,1.092,5,101,10,4861952,8.771,0.007432,false,1,6ddf1e0-dirty
ref_eager_fullsort,32,151936,50,0.9,float16,hot,n/a,1539.019,1537.734,1539.345,1538.740,0.742,5,78,10,9723904,17.543,0.011399,false,1,6ddf1e0-dirty
tight_eager,32,151936,50,0.9,float16,hot,n/a,219.835,219.686,220.344,219.943,0.308,5,536,53,9723904,17.543,0.079799,false,1,6ddf1e0-dirty
flashinfer,32,151936,50,0.9,float16,hot,n/a,176.300,173.722,176.444,175.644,1.401,5,702,70,9723904,17.543,0.099505,false,1,6ddf1e0-dirty
flashinfer_from_probs,32,151936,50,0.9,float16,hot,n/a,101.243,101.181,101.247,101.220,0.034,5,1172,117,19447808,35.085,0.346545,false,1,6ddf1e0-dirty
fused_kernel,32,151936,50,0.9,float16,hot,n/a,30.345,29.146,30.478,30.036,0.647,5,4113,411,9723904,17.543,0.578101,false,1,6ddf1e0-dirty
compile,32,151936,50,0.9,float16,hot,n/a,191.752,191.697,191.763,191.739,0.030,5,609,60,9723904,17.543,0.091486,false,1,6ddf1e0-dirty
graph_eager,32,151936,50,0.9,float16,hot,n/a,166.569,166.262,166.649,166.518,0.188,5,724,72,9723904,17.543,0.105318,false,1,6ddf1e0-dirty
graph_compile,32,151936,50,0.9,float16,hot,n/a,150.689,150.443,150.718,150.637,0.143,5,793,79,9723904,17.543,0.116416,false,1,6ddf1e0-dirty
hf_eager,32,151936,50,0.9,float16,hot,n/a,2200.158,2199.649,2200.507,2200.132,0.379,5,54,10,9723904,17.543,0.007973,false,1,6ddf1e0-dirty
ref_eager_fullsort,1,151936,50,0.9,float16,cold,rotate,141.442,140.925,141.547,141.307,0.286,5,824,82,303872,0.548,0.003876,false,1,6ddf1e0-dirty
tight_eager,1,151936,50,0.9,float16,cold,rotate,136.004,135.549,136.849,136.112,0.571,5,864,86,303872,0.548,0.004031,false,1,6ddf1e0-dirty
flashinfer,1,151936,50,0.9,float16,cold,rotate,84.434,84.273,84.455,84.393,0.087,5,1317,131,303872,0.548,0.006493,false,1,6ddf1e0-dirty
flashinfer_from_probs,1,151936,50,0.9,float16,cold,rotate,74.963,74.866,75.029,74.950,0.078,5,1460,146,607744,1.096,0.014626,false,1,6ddf1e0-dirty
fused_kernel,1,151936,50,0.9,float16,cold,rotate,18.883,18.874,18.889,18.882,0.007,5,5000,500,303872,0.548,0.029032,false,1,6ddf1e0-dirty
compile,1,151936,50,0.9,float16,cold,rotate,161.684,161.558,161.879,161.707,0.146,5,707,70,303872,0.548,0.003391,false,1,6ddf1e0-dirty
graph_eager,1,151936,50,0.9,float16,cold,rotate_into_static,82.894,82.883,83.053,82.937,0.084,5,1428,142,303872,0.548,0.006613,false,1,6ddf1e0-dirty
graph_compile,1,151936,50,0.9,float16,cold,rotate_into_static,74.086,74.010,78.411,75.783,2.384,5,1516,151,303872,0.548,0.007400,false,1,6ddf1e0-dirty
hf_eager,1,151936,50,0.9,float16,cold,rotate,325.254,325.096,325.638,325.321,0.241,5,362,36,303872,0.548,0.001685,false,1,6ddf1e0-dirty
ref_eager_fullsort,4,151936,50,0.9,float16,cold,rotate,237.902,237.147,237.985,237.634,0.441,5,500,50,1215488,2.193,0.009217,false,1,6ddf1e0-dirty
tight_eager,4,151936,50,0.9,float16,cold,rotate,165.063,164.997,165.096,165.055,0.044,5,731,73,1215488,2.193,0.013285,false,1,6ddf1e0-dirty
flashinfer,4,151936,50,0.9,float16,cold,rotate,87.351,87.343,87.396,87.364,0.025,5,1336,133,1215488,2.193,0.025104,false,1,6ddf1e0-dirty
flashinfer_from_probs,4,151936,50,0.9,float16,cold,rotate,74.412,74.340,74.568,74.429,0.104,5,1479,147,2430976,4.386,0.058938,false,1,6ddf1e0-dirty
fused_kernel,4,151936,50,0.9,float16,cold,rotate,21.325,21.316,21.342,21.329,0.013,5,5000,500,1215488,2.193,0.102830,false,1,6ddf1e0-dirty
compile,4,151936,50,0.9,float16,cold,rotate,153.532,153.023,154.071,153.509,0.456,5,736,73,1215488,2.193,0.014283,false,1,6ddf1e0-dirty
graph_eager,4,151936,50,0.9,float16,cold,rotate_into_static,109.745,109.599,109.787,109.718,0.088,5,1098,109,1215488,2.193,0.019981,false,1,6ddf1e0-dirty
graph_compile,4,151936,50,0.9,float16,cold,rotate_into_static,101.433,101.380,101.471,101.430,0.042,5,1173,117,1215488,2.193,0.021618,false,1,6ddf1e0-dirty
hf_eager,4,151936,50,0.9,float16,cold,rotate,598.760,598.530,599.274,598.806,0.350,5,199,19,1215488,2.193,0.003662,false,1,6ddf1e0-dirty
ref_eager_fullsort,8,151936,50,0.9,float16,cold,rotate,354.976,347.548,355.437,353.083,4.009,5,348,34,2430976,4.386,0.012355,false,1,6ddf1e0-dirty
tight_eager,8,151936,50,0.9,float16,cold,rotate,169.652,169.366,169.994,169.646,0.276,5,701,70,2430976,4.386,0.025851,false,1,6ddf1e0-dirty
flashinfer,8,151936,50,0.9,float16,cold,rotate,92.669,92.644,92.794,92.695,0.073,5,1266,126,2430976,4.386,0.047326,false,1,6ddf1e0-dirty
flashinfer_from_probs,8,151936,50,0.9,float16,cold,rotate,74.400,74.141,74.686,74.410,0.251,5,1481,148,4861952,8.771,0.117894,false,1,6ddf1e0-dirty
fused_kernel,8,151936,50,0.9,float16,cold,rotate,22.527,22.511,22.534,22.523,0.011,5,4929,492,2430976,4.386,0.194681,false,1,6ddf1e0-dirty
compile,8,151936,50,0.9,float16,cold,rotate,153.619,153.433,153.940,153.666,0.220,5,735,73,2430976,4.386,0.028549,false,1,6ddf1e0-dirty
graph_eager,8,151936,50,0.9,float16,cold,rotate_into_static,114.257,114.100,114.283,114.228,0.094,5,1053,105,2430976,4.386,0.038384,false,1,6ddf1e0-dirty
graph_compile,8,151936,50,0.9,float16,cold,rotate_into_static,105.001,104.836,105.058,104.966,0.100,5,1120,112,2430976,4.386,0.041768,false,1,6ddf1e0-dirty
hf_eager,8,151936,50,0.9,float16,cold,rotate,706.057,701.901,712.155,706.161,4.707,5,166,16,2430976,4.386,0.006211,false,1,6ddf1e0-dirty
ref_eager_fullsort,16,151936,50,0.9,float16,cold,rotate,694.655,679.739,695.964,690.855,8.040,5,181,18,4861952,8.771,0.012627,false,1,6ddf1e0-dirty
tight_eager,16,151936,50,0.9,float16,cold,rotate,187.357,187.200,187.584,187.372,0.169,5,633,63,4861952,8.771,0.046816,false,1,6ddf1e0-dirty
flashinfer,16,151936,50,0.9,float16,cold,rotate,119.258,119.217,119.277,119.250,0.026,5,991,99,4861952,8.771,0.073550,false,1,6ddf1e0-dirty
flashinfer_from_probs,16,151936,50,0.9,float16,cold,rotate,78.332,78.312,78.404,78.345,0.043,5,1465,146,9723904,17.543,0.223952,false,1,6ddf1e0-dirty
fused_kernel,16,151936,50,0.9,float16,cold,rotate,28.638,28.617,28.651,28.636,0.015,5,4030,403,4861952,8.771,0.306286,false,1,6ddf1e0-dirty
compile,16,151936,50,0.9,float16,cold,rotate,159.954,159.833,160.028,159.931,0.089,5,705,70,4861952,8.771,0.054837,false,1,6ddf1e0-dirty
graph_eager,16,151936,50,0.9,float16,cold,rotate_into_static,132.245,131.829,132.322,132.156,0.238,5,906,90,4861952,8.771,0.066326,false,1,6ddf1e0-dirty
graph_compile,16,151936,50,0.9,float16,cold,rotate_into_static,119.490,119.401,119.505,119.472,0.052,5,996,99,4861952,8.771,0.073406,false,1,6ddf1e0-dirty
hf_eager,16,151936,50,0.9,float16,cold,rotate,1169.329,1169.004,1171.110,1169.666,1.057,5,101,10,4861952,8.771,0.007501,false,1,6ddf1e0-dirty
ref_eager_fullsort,32,151936,50,0.9,float16,cold,rotate,1542.467,1540.859,1542.598,1541.975,0.831,5,78,10,9723904,17.543,0.011373,false,1,6ddf1e0-dirty
tight_eager,32,151936,50,0.9,float16,cold,rotate,229.742,229.584,230.406,229.883,0.383,5,513,51,9723904,17.543,0.076358,false,1,6ddf1e0-dirty
flashinfer,32,151936,50,0.9,float16,cold,rotate,193.516,191.566,193.695,193.064,1.094,5,634,63,9723904,17.543,0.090652,false,1,6ddf1e0-dirty
flashinfer_from_probs,32,151936,50,0.9,float16,cold,rotate,127.631,127.598,127.675,127.639,0.035,5,928,92,19447808,35.085,0.274896,false,1,6ddf1e0-dirty
fused_kernel,32,151936,50,0.9,float16,cold,rotate,40.932,39.908,40.936,40.671,0.563,5,2999,299,9723904,17.543,0.428581,false,1,6ddf1e0-dirty
compile,32,151936,50,0.9,float16,cold,rotate,196.243,196.075,196.350,196.217,0.133,5,598,59,9723904,17.543,0.089392,false,1,6ddf1e0-dirty
graph_eager,32,151936,50,0.9,float16,cold,rotate_into_static,190.531,190.273,190.579,190.468,0.144,5,634,63,9723904,17.543,0.092073,false,1,6ddf1e0-dirty
graph_compile,32,151936,50,0.9,float16,cold,rotate_into_static,173.759,173.436,173.780,173.681,0.178,5,694,69,9723904,17.543,0.100960,false,1,6ddf1e0-dirty
hf_eager,32,151936,50,0.9,float16,cold,rotate,2186.590,2186.003,2186.997,2186.491,0.445,5,54,10,9723904,17.543,0.008023,false,1,6ddf1e0-dirty
ref_eager_fullsort,1,151936,50,0.9,bfloat16,hot,n/a,138.586,138.483,139.000,138.711,0.241,5,844,84,303872,0.548,0.003956,false,1,6ddf1e0-dirty
tight_eager,1,151936,50,0.9,bfloat16,hot,n/a,136.785,136.634,137.099,136.823,0.209,5,863,86,303872,0.548,0.004008,false,1,6ddf1e0-dirty
flashinfer,1,151936,50,0.9,bfloat16,hot,n/a,84.030,83.967,84.120,84.041,0.066,5,1354,135,303872,0.548,0.006524,false,1,6ddf1e0-dirty
flashinfer_from_probs,1,151936,50,0.9,bfloat16,hot,n/a,72.917,72.758,72.947,72.872,0.088,5,1516,151,607744,1.096,0.015037,false,1,6ddf1e0-dirty
fused_kernel,1,151936,50,0.9,bfloat16,hot,n/a,18.419,18.418,18.421,18.420,0.002,5,5000,500,303872,0.548,0.029763,false,1,6ddf1e0-dirty
compile,1,151936,50,0.9,bfloat16,hot,n/a,158.604,158.380,158.707,158.580,0.150,5,716,71,303872,0.548,0.003456,false,1,6ddf1e0-dirty
graph_eager,1,151936,50,0.9,bfloat16,hot,n/a,81.535,81.431,81.556,81.509,0.057,5,1464,146,303872,0.548,0.006724,false,1,6ddf1e0-dirty
graph_compile,1,151936,50,0.9,bfloat16,hot,n/a,71.798,71.773,71.817,71.794,0.020,5,1673,167,303872,0.548,0.007635,false,1,6ddf1e0-dirty
hf_eager,1,151936,50,0.9,bfloat16,hot,n/a,325.138,324.871,325.737,325.289,0.408,5,367,36,303872,0.548,0.001686,false,1,6ddf1e0-dirty
ref_eager_fullsort,4,151936,50,0.9,bfloat16,hot,n/a,230.849,230.488,230.890,230.751,0.191,5,516,51,1215488,2.193,0.009499,false,1,6ddf1e0-dirty
tight_eager,4,151936,50,0.9,bfloat16,hot,n/a,164.902,164.800,164.956,164.884,0.067,5,727,72,1215488,2.193,0.013298,false,1,6ddf1e0-dirty
flashinfer,4,151936,50,0.9,bfloat16,hot,n/a,85.610,85.579,85.695,85.625,0.053,5,1320,132,1215488,2.193,0.025614,false,1,6ddf1e0-dirty
flashinfer_from_probs,4,151936,50,0.9,bfloat16,hot,n/a,73.727,73.534,73.840,73.680,0.142,5,1483,148,2430976,4.386,0.059485,false,1,6ddf1e0-dirty
fused_kernel,4,151936,50,0.9,bfloat16,hot,n/a,19.702,19.695,19.743,19.712,0.022,5,5000,500,1215488,2.193,0.111301,false,1,6ddf1e0-dirty
compile,4,151936,50,0.9,bfloat16,hot,n/a,152.664,152.402,152.841,152.658,0.198,5,735,73,1215488,2.193,0.014364,false,1,6ddf1e0-dirty
graph_eager,4,151936,50,0.9,bfloat16,hot,n/a,105.510,105.013,105.545,105.386,0.272,5,1159,115,1215488,2.193,0.020783,false,1,6ddf1e0-dirty
graph_compile,4,151936,50,0.9,bfloat16,hot,n/a,95.084,95.042,95.112,95.081,0.031,5,1261,126,1215488,2.193,0.023062,false,1,6ddf1e0-dirty
hf_eager,4,151936,50,0.9,bfloat16,hot,n/a,598.685,598.432,598.752,598.640,0.153,5,200,20,1215488,2.193,0.003663,false,1,6ddf1e0-dirty
ref_eager_fullsort,8,151936,50,0.9,bfloat16,hot,n/a,344.267,335.391,345.134,342.004,4.786,5,358,35,2430976,4.386,0.012739,false,1,6ddf1e0-dirty
tight_eager,8,151936,50,0.9,bfloat16,hot,n/a,167.124,167.074,167.251,167.159,0.084,5,718,71,2430976,4.386,0.026242,false,1,6ddf1e0-dirty
flashinfer,8,151936,50,0.9,bfloat16,hot,n/a,91.007,90.960,91.143,91.035,0.081,5,1317,131,2430976,4.386,0.048190,false,1,6ddf1e0-dirty
flashinfer_from_probs,8,151936,50,0.9,bfloat16,hot,n/a,74.184,74.011,74.417,74.199,0.175,5,1496,149,4861952,8.771,0.118237,false,1,6ddf1e0-dirty
fused_kernel,8,151936,50,0.9,bfloat16,hot,n/a,20.306,20.303,20.315,20.308,0.005,5,5000,500,2430976,4.386,0.215980,false,1,6ddf1e0-dirty
compile,8,151936,50,0.9,bfloat16,hot,n/a,152.191,151.924,152.661,152.271,0.330,5,740,74,2430976,4.386,0.028817,false,1,6ddf1e0-dirty
graph_eager,8,151936,50,0.9,bfloat16,hot,n/a,108.107,108.014,108.146,108.085,0.060,5,1114,111,2430976,4.386,0.040568,false,1,6ddf1e0-dirty
graph_compile,8,151936,50,0.9,bfloat16,hot,n/a,98.151,98.121,98.191,98.152,0.031,5,1223,122,2430976,4.386,0.044683,false,1,6ddf1e0-dirty
hf_eager,8,151936,50,0.9,bfloat16,hot,n/a,706.742,703.718,711.764,707.055,3.599,5,167,16,2430976,4.386,0.006205,false,1,6ddf1e0-dirty
ref_eager_fullsort,16,151936,50,0.9,bfloat16,hot,n/a,702.578,690.578,703.378,699.456,6.420,5,177,17,4861952,8.771,0.012485,false,1,6ddf1e0-dirty
tight_eager,16,151936,50,0.9,bfloat16,hot,n/a,182.184,182.018,182.370,182.182,0.161,5,658,65,4861952,8.771,0.048145,false,1,6ddf1e0-dirty
flashinfer,16,151936,50,0.9,bfloat16,hot,n/a,114.904,114.889,114.920,114.906,0.014,5,1040,104,4861952,8.771,0.076336,false,1,6ddf1e0-dirty
flashinfer_from_probs,16,151936,50,0.9,bfloat16,hot,n/a,74.264,73.947,74.298,74.177,0.169,5,1506,150,9723904,17.543,0.236221,false,1,6ddf1e0-dirty
fused_kernel,16,151936,50,0.9,bfloat16,hot,n/a,24.556,24.335,24.558,24.501,0.123,5,4812,481,4861952,8.771,0.357197,false,1,6ddf1e0-dirty
compile,16,151936,50,0.9,bfloat16,hot,n/a,182.295,182.000,182.829,182.363,0.366,5,647,64,4861952,8.771,0.048116,false,1,6ddf1e0-dirty
graph_eager,16,151936,50,0.9,bfloat16,hot,n/a,122.070,121.666,122.164,121.991,0.238,5,988,98,4861952,8.771,0.071855,false,1,6ddf1e0-dirty
graph_compile,16,151936,50,0.9,bfloat16,hot,n/a,122.106,122.000,122.147,122.096,0.071,5,977,97,4861952,8.771,0.071834,false,1,6ddf1e0-dirty
hf_eager,16,151936,50,0.9,bfloat16,hot,n/a,1181.538,1181.311,1183.386,1182.088,0.980,5,100,10,4861952,8.771,0.007424,false,1,6ddf1e0-dirty
ref_eager_fullsort,32,151936,50,0.9,bfloat16,hot,n/a,1536.629,1536.084,1537.687,1536.840,0.699,5,78,10,9723904,17.543,0.011416,false,1,6ddf1e0-dirty
tight_eager,32,151936,50,0.9,bfloat16,hot,n/a,218.999,218.905,219.403,219.079,0.236,5,540,54,9723904,17.543,0.080104,false,1,6ddf1e0-dirty
flashinfer,32,151936,50,0.9,bfloat16,hot,n/a,176.861,174.628,176.921,176.303,1.233,5,699,69,9723904,17.543,0.099189,false,1,6ddf1e0-dirty
flashinfer_from_probs,32,151936,50,0.9,bfloat16,hot,n/a,101.219,101.192,101.247,101.219,0.025,5,1172,117,19447808,35.085,0.346627,false,1,6ddf1e0-dirty
fused_kernel,32,151936,50,0.9,bfloat16,hot,n/a,30.716,30.600,30.727,30.691,0.067,5,3897,389,9723904,17.543,0.571118,false,1,6ddf1e0-dirty
compile,32,151936,50,0.9,bfloat16,hot,n/a,219.713,219.528,219.895,219.726,0.161,5,537,53,9723904,17.543,0.079844,false,1,6ddf1e0-dirty
graph_eager,32,151936,50,0.9,bfloat16,hot,n/a,167.500,165.334,167.654,166.947,1.167,5,736,73,9723904,17.543,0.104732,false,1,6ddf1e0-dirty
graph_compile,32,151936,50,0.9,bfloat16,hot,n/a,172.212,171.282,172.247,171.919,0.471,5,696,69,9723904,17.543,0.101867,false,1,6ddf1e0-dirty
hf_eager,32,151936,50,0.9,bfloat16,hot,n/a,2200.466,2199.950,2201.325,2200.601,0.595,5,54,10,9723904,17.543,0.007972,false,1,6ddf1e0-dirty
ref_eager_fullsort,1,151936,50,0.9,bfloat16,cold,rotate,138.488,138.481,138.593,138.513,0.058,5,839,83,303872,0.548,0.003959,false,1,6ddf1e0-dirty
tight_eager,1,151936,50,0.9,bfloat16,cold,rotate,136.172,135.146,137.048,136.103,0.862,5,859,85,303872,0.548,0.004026,false,1,6ddf1e0-dirty
flashinfer,1,151936,50,0.9,bfloat16,cold,rotate,84.251,84.176,84.436,84.286,0.115,5,1322,132,303872,0.548,0.006507,false,1,6ddf1e0-dirty
flashinfer_from_probs,1,151936,50,0.9,bfloat16,cold,rotate,74.642,74.508,74.705,74.628,0.091,5,1464,146,607744,1.096,0.014689,false,1,6ddf1e0-dirty
fused_kernel,1,151936,50,0.9,bfloat16,cold,rotate,20.907,20.892,20.912,20.904,0.009,5,5000,500,303872,0.548,0.026222,false,1,6ddf1e0-dirty
compile,1,151936,50,0.9,bfloat16,cold,rotate,161.849,161.604,161.986,161.817,0.167,5,706,70,303872,0.548,0.003387,false,1,6ddf1e0-dirty
graph_eager,1,151936,50,0.9,bfloat16,cold,rotate_into_static,82.931,82.908,83.028,82.949,0.058,5,1435,143,303872,0.548,0.006610,false,1,6ddf1e0-dirty
graph_compile,1,151936,50,0.9,bfloat16,cold,rotate_into_static,74.099,74.062,74.135,74.096,0.032,5,1628,162,303872,0.548,0.007398,false,1,6ddf1e0-dirty
hf_eager,1,151936,50,0.9,bfloat16,cold,rotate,325.485,325.046,325.610,325.352,0.283,5,365,36,303872,0.548,0.001684,false,1,6ddf1e0-dirty
ref_eager_fullsort,4,151936,50,0.9,bfloat16,cold,rotate,232.207,231.870,232.335,232.144,0.207,5,511,51,1215488,2.193,0.009443,false,1,6ddf1e0-dirty
tight_eager,4,151936,50,0.9,bfloat16,cold,rotate,165.897,165.867,165.926,165.896,0.028,5,722,72,1215488,2.193,0.013218,false,1,6ddf1e0-dirty
flashinfer,4,151936,50,0.9,bfloat16,cold,rotate,87.355,87.304,87.361,87.340,0.027,5,1339,133,1215488,2.193,0.025103,false,1,6ddf1e0-dirty
flashinfer_from_probs,4,151936,50,0.9,bfloat16,cold,rotate,74.819,74.706,74.889,74.803,0.087,5,1479,147,2430976,4.386,0.058617,false,1,6ddf1e0-dirty
fused_kernel,4,151936,50,0.9,bfloat16,cold,rotate,21.836,21.827,21.849,21.837,0.010,5,5000,500,1215488,2.193,0.100423,false,1,6ddf1e0-dirty
compile,4,151936,50,0.9,bfloat16,cold,rotate,153.174,152.652,153.938,153.257,0.560,5,720,72,1215488,2.193,0.014316,false,1,6ddf1e0-dirty
graph_eager,4,151936,50,0.9,bfloat16,cold,rotate_into_static,111.007,110.496,111.018,110.862,0.264,5,1092,109,1215488,2.193,0.019754,false,1,6ddf1e0-dirty
graph_compile,4,151936,50,0.9,bfloat16,cold,rotate_into_static,101.565,101.485,101.590,101.546,0.047,5,1173,117,1215488,2.193,0.021590,false,1,6ddf1e0-dirty
hf_eager,4,151936,50,0.9,bfloat16,cold,rotate,599.274,599.191,600.053,599.494,0.410,5,199,19,1215488,2.193,0.003659,false,1,6ddf1e0-dirty
ref_eager_fullsort,8,151936,50,0.9,bfloat16,cold,rotate,345.012,336.065,346.147,342.784,4.877,5,359,35,2430976,4.386,0.012712,false,1,6ddf1e0-dirty
tight_eager,8,151936,50,0.9,bfloat16,cold,rotate,169.404,169.226,169.519,169.381,0.126,5,704,70,2430976,4.386,0.025889,false,1,6ddf1e0-dirty
flashinfer,8,151936,50,0.9,bfloat16,cold,rotate,92.880,92.846,92.900,92.877,0.024,5,1278,127,2430976,4.386,0.047219,false,1,6ddf1e0-dirty
flashinfer_from_probs,8,151936,50,0.9,bfloat16,cold,rotate,74.721,74.636,74.822,74.720,0.081,5,1490,149,4861952,8.771,0.117388,false,1,6ddf1e0-dirty
fused_kernel,8,151936,50,0.9,bfloat16,cold,rotate,24.320,24.318,24.333,24.324,0.007,5,4840,484,2430976,4.386,0.180335,false,1,6ddf1e0-dirty
compile,8,151936,50,0.9,bfloat16,cold,rotate,152.874,152.488,153.577,152.982,0.500,5,743,74,2430976,4.386,0.028688,false,1,6ddf1e0-dirty
graph_eager,8,151936,50,0.9,bfloat16,cold,rotate_into_static,114.849,114.662,114.868,114.793,0.098,5,1045,104,2430976,4.386,0.038186,false,1,6ddf1e0-dirty
graph_compile,8,151936,50,0.9,bfloat16,cold,rotate_into_static,105.023,104.991,105.082,105.034,0.042,5,1125,112,2430976,4.386,0.041759,false,1,6ddf1e0-dirty
hf_eager,8,151936,50,0.9,bfloat16,cold,rotate,705.993,702.199,711.415,706.003,4.248,5,166,16,2430976,4.386,0.006212,false,1,6ddf1e0-dirty
ref_eager_fullsort,16,151936,50,0.9,bfloat16,cold,rotate,702.130,689.082,702.786,698.642,6.906,5,177,17,4861952,8.771,0.012492,false,1,6ddf1e0-dirty
tight_eager,16,151936,50,0.9,bfloat16,cold,rotate,187.385,187.163,187.555,187.385,0.174,5,634,63,4861952,8.771,0.046809,false,1,6ddf1e0-dirty
flashinfer,16,151936,50,0.9,bfloat16,cold,rotate,119.132,119.072,119.196,119.140,0.056,5,988,98,4861952,8.771,0.073627,false,1,6ddf1e0-dirty
flashinfer_from_probs,16,151936,50,0.9,bfloat16,cold,rotate,78.315,78.281,78.341,78.311,0.028,5,1475,147,9723904,17.543,0.224002,false,1,6ddf1e0-dirty
fused_kernel,16,151936,50,0.9,bfloat16,cold,rotate,28.976,28.814,28.998,28.936,0.089,5,3911,391,4861952,8.771,0.302711,false,1,6ddf1e0-dirty
compile,16,151936,50,0.9,bfloat16,cold,rotate,186.690,186.392,187.048,186.687,0.292,5,625,62,4861952,8.771,0.046983,false,1,6ddf1e0-dirty
graph_eager,16,151936,50,0.9,bfloat16,cold,rotate_into_static,132.097,131.607,132.245,132.000,0.291,5,910,91,4861952,8.771,0.066401,false,1,6ddf1e0-dirty
graph_compile,16,151936,50,0.9,bfloat16,cold,rotate_into_static,132.172,132.023,132.208,132.144,0.089,5,900,90,4861952,8.771,0.066363,false,1,6ddf1e0-dirty
hf_eager,16,151936,50,0.9,bfloat16,cold,rotate,1168.791,1168.317,1170.144,1169.034,0.828,5,102,10,4861952,8.771,0.007505,false,1,6ddf1e0-dirty
ref_eager_fullsort,32,151936,50,0.9,bfloat16,cold,rotate,1536.732,1535.773,1536.947,1536.423,0.591,5,78,10,9723904,17.543,0.011416,false,1,6ddf1e0-dirty
tight_eager,32,151936,50,0.9,bfloat16,cold,rotate,229.629,229.465,230.100,229.712,0.292,5,515,51,9723904,17.543,0.076396,false,1,6ddf1e0-dirty
flashinfer,32,151936,50,0.9,bfloat16,cold,rotate,193.429,191.526,193.520,192.957,1.048,5,633,63,9723904,17.543,0.090693,false,1,6ddf1e0-dirty
flashinfer_from_probs,32,151936,50,0.9,bfloat16,cold,rotate,127.660,127.619,127.699,127.658,0.034,5,921,92,19447808,35.085,0.274834,false,1,6ddf1e0-dirty
fused_kernel,32,151936,50,0.9,bfloat16,cold,rotate,41.811,41.110,41.914,41.627,0.381,5,2867,286,9723904,17.543,0.419567,false,1,6ddf1e0-dirty
compile,32,151936,50,0.9,bfloat16,cold,rotate,229.750,229.636,230.553,229.937,0.447,5,514,51,9723904,17.543,0.076356,false,1,6ddf1e0-dirty
graph_eager,32,151936,50,0.9,bfloat16,cold,rotate_into_static,190.892,188.670,190.980,190.308,1.188,5,648,64,9723904,17.543,0.091898,false,1,6ddf1e0-dirty
graph_compile,32,151936,50,0.9,bfloat16,cold,rotate_into_static,190.982,190.475,191.132,190.882,0.302,5,634,63,9723904,17.543,0.091855,false,1,6ddf1e0-dirty
hf_eager,32,151936,50,0.9,bfloat16,cold,rotate,2187.606,2186.981,2189.985,2188.015,1.446,5,54,10,9723904,17.543,0.008019,false,1,6ddf1e0-dirty
ref_eager_fullsort,1,128256,20,0.9,bfloat16,hot,n/a,136.348,135.976,136.567,136.299,0.260,5,845,84,256512,0.463,0.003394,false,1,6ddf1e0-dirty
tight_eager,1,128256,20,0.9,bfloat16,hot,n/a,132.418,132.382,132.824,132.521,0.219,5,877,87,256512,0.463,0.003495,false,1,6ddf1e0-dirty
flashinfer,1,128256,20,0.9,bfloat16,hot,n/a,82.149,81.979,82.215,82.112,0.105,5,1365,136,256512,0.463,0.005633,false,1,6ddf1e0-dirty
flashinfer_from_probs,1,128256,20,0.9,bfloat16,hot,n/a,73.168,73.014,73.202,73.129,0.086,5,1547,154,513024,0.926,0.012649,false,1,6ddf1e0-dirty
fused_kernel,1,128256,20,0.9,bfloat16,hot,n/a,12.363,12.356,12.367,12.362,0.005,5,5000,500,256512,0.463,0.037433,false,1,6ddf1e0-dirty
compile,1,128256,20,0.9,bfloat16,hot,n/a,160.036,159.609,160.112,159.926,0.239,5,718,71,256512,0.463,0.002892,false,1,6ddf1e0-dirty
graph_eager,1,128256,20,0.9,bfloat16,hot,n/a,77.004,76.986,77.041,77.011,0.027,5,1537,153,256512,0.463,0.006010,false,1,6ddf1e0-dirty
graph_compile,1,128256,20,0.9,bfloat16,hot,n/a,77.085,77.054,77.109,77.083,0.024,5,1544,154,256512,0.463,0.006003,false,1,6ddf1e0-dirty
hf_eager,1,128256,20,0.9,bfloat16,hot,n/a,338.130,337.982,338.224,338.119,0.107,5,354,35,256512,0.463,0.001369,false,1,6ddf1e0-dirty
ref_eager_fullsort,32,128256,20,0.9,bfloat16,hot,n/a,1278.578,1263.732,1279.263,1274.496,7.774,5,95,10,8208384,14.809,0.011582,false,1,6ddf1e0-dirty
tight_eager,32,128256,20,0.9,bfloat16,hot,n/a,202.952,202.847,203.359,203.027,0.244,5,583,58,8208384,14.809,0.072966,false,1,6ddf1e0-dirty
flashinfer,32,128256,20,0.9,bfloat16,hot,n/a,141.656,140.284,141.715,141.328,0.775,5,865,86,8208384,14.809,0.104539,false,1,6ddf1e0-dirty
flashinfer_from_probs,32,128256,20,0.9,bfloat16,hot,n/a,84.370,84.290,84.416,84.351,0.059,5,1367,136,16416768,29.617,0.351037,false,1,6ddf1e0-dirty
fused_kernel,32,128256,20,0.9,bfloat16,hot,n/a,24.367,23.167,24.464,24.047,0.637,5,5000,500,8208384,14.809,0.607718,false,1,6ddf1e0-dirty
compile,32,128256,20,0.9,bfloat16,hot,n/a,202.568,202.515,203.055,202.687,0.267,5,576,57,8208384,14.809,0.073104,false,1,6ddf1e0-dirty
graph_eager,32,128256,20,0.9,bfloat16,hot,n/a,150.241,149.035,150.325,149.943,0.659,5,812,81,8208384,14.809,0.098565,false,1,6ddf1e0-dirty
graph_compile,32,128256,20,0.9,bfloat16,hot,n/a,150.364,150.227,150.442,150.347,0.094,5,795,79,8208384,14.809,0.098485,false,1,6ddf1e0-dirty
hf_eager,32,128256,20,0.9,bfloat16,hot,n/a,1834.400,1834.108,1835.511,1834.724,0.660,5,65,10,8208384,14.809,0.008073,false,1,6ddf1e0-dirty
ref_eager_fullsort,1,128256,20,0.95,bfloat16,hot,n/a,136.170,135.703,136.325,136.061,0.282,5,852,85,256512,0.463,0.003398,false,1,6ddf1e0-dirty
tight_eager,1,128256,20,0.95,bfloat16,hot,n/a,132.671,132.662,132.988,132.784,0.164,5,867,86,256512,0.463,0.003488,false,1,6ddf1e0-dirty
flashinfer,1,128256,20,0.95,bfloat16,hot,n/a,82.149,81.992,82.319,82.132,0.149,5,1364,136,256512,0.463,0.005633,false,1,6ddf1e0-dirty
flashinfer_from_probs,1,128256,20,0.95,bfloat16,hot,n/a,73.325,73.176,73.535,73.343,0.169,5,1533,153,513024,0.926,0.012622,false,1,6ddf1e0-dirty
fused_kernel,1,128256,20,0.95,bfloat16,hot,n/a,12.362,12.358,12.365,12.362,0.003,5,5000,500,256512,0.463,0.037435,false,1,6ddf1e0-dirty
compile,1,128256,20,0.95,bfloat16,hot,n/a,159.775,159.615,160.049,159.792,0.195,5,722,72,256512,0.463,0.002896,false,1,6ddf1e0-dirty
graph_eager,1,128256,20,0.95,bfloat16,hot,n/a,76.994,76.987,77.096,77.018,0.057,5,1542,154,256512,0.463,0.006010,false,1,6ddf1e0-dirty
graph_compile,1,128256,20,0.95,bfloat16,hot,n/a,77.037,77.027,77.082,77.046,0.026,5,1547,154,256512,0.463,0.006007,false,1,6ddf1e0-dirty
hf_eager,1,128256,20,0.95,bfloat16,hot,n/a,338.132,338.010,338.275,338.141,0.115,5,353,35,256512,0.463,0.001369,false,1,6ddf1e0-dirty
ref_eager_fullsort,32,128256,20,0.95,bfloat16,hot,n/a,1276.752,1262.737,1277.703,1273.111,7.499,5,95,10,8208384,14.809,0.011599,false,1,6ddf1e0-dirty
tight_eager,32,128256,20,0.95,bfloat16,hot,n/a,202.808,202.650,203.131,202.842,0.218,5,586,58,8208384,14.809,0.073018,false,1,6ddf1e0-dirty
flashinfer,32,128256,20,0.95,bfloat16,hot,n/a,141.093,139.633,141.123,140.731,0.812,5,869,86,8208384,14.809,0.104956,false,1,6ddf1e0-dirty
flashinfer_from_probs,32,128256,20,0.95,bfloat16,hot,n/a,83.501,83.420,83.570,83.500,0.065,5,1387,138,16416768,29.617,0.354693,false,1,6ddf1e0-dirty
fused_kernel,32,128256,20,0.95,bfloat16,hot,n/a,24.615,23.249,24.802,24.277,0.747,5,5000,500,8208384,14.809,0.601613,false,1,6ddf1e0-dirty
compile,32,128256,20,0.95,bfloat16,hot,n/a,203.099,202.992,203.962,203.343,0.466,5,576,57,8208384,14.809,0.072913,false,1,6ddf1e0-dirty
graph_eager,32,128256,20,0.95,bfloat16,hot,n/a,150.042,148.649,150.118,149.699,0.765,5,812,81,8208384,14.809,0.098696,false,1,6ddf1e0-dirty
graph_compile,32,128256,20,0.95,bfloat16,hot,n/a,150.175,150.024,150.201,150.139,0.084,5,796,79,8208384,14.809,0.098608,false,1,6ddf1e0-dirty
hf_eager,32,128256,20,0.95,bfloat16,hot,n/a,1833.349,1833.232,1835.882,1834.082,1.303,5,65,10,8208384,14.809,0.008077,false,1,6ddf1e0-dirty
ref_eager_fullsort,1,128256,50,0.9,bfloat16,hot,n/a,135.523,135.298,135.930,135.613,0.298,5,850,85,256512,0.463,0.003415,false,1,6ddf1e0-dirty
tight_eager,1,128256,50,0.9,bfloat16,hot,n/a,136.122,135.797,136.250,136.058,0.200,5,879,87,256512,0.463,0.003400,false,1,6ddf1e0-dirty
flashinfer,1,128256,50,0.9,bfloat16,hot,n/a,82.142,82.022,82.470,82.212,0.202,5,1348,134,256512,0.463,0.005634,false,1,6ddf1e0-dirty
flashinfer_from_probs,1,128256,50,0.9,bfloat16,hot,n/a,73.280,73.162,73.525,73.315,0.162,5,1535,153,513024,0.926,0.012630,false,1,6ddf1e0-dirty
fused_kernel,1,128256,50,0.9,bfloat16,hot,n/a,17.366,17.331,17.372,17.356,0.019,5,5000,500,256512,0.463,0.026647,false,1,6ddf1e0-dirty
compile,1,128256,50,0.9,bfloat16,hot,n/a,157.901,157.822,158.116,157.950,0.130,5,727,72,256512,0.463,0.002931,false,1,6ddf1e0-dirty
graph_eager,1,128256,50,0.9,bfloat16,hot,n/a,77.807,77.781,77.830,77.804,0.022,5,1541,154,256512,0.463,0.005948,false,1,6ddf1e0-dirty
graph_compile,1,128256,50,0.9,bfloat16,hot,n/a,77.816,77.761,77.835,77.807,0.034,5,1530,153,256512,0.463,0.005947,false,1,6ddf1e0-dirty
hf_eager,1,128256,50,0.9,bfloat16,hot,n/a,340.091,339.862,340.132,340.031,0.125,5,348,34,256512,0.463,0.001361,false,1,6ddf1e0-dirty
ref_eager_fullsort,32,128256,50,0.9,bfloat16,hot,n/a,1276.163,1262.219,1278.762,1272.984,7.843,5,95,10,8208384,14.809,0.011604,false,1,6ddf1e0-dirty
tight_eager,32,128256,50,0.9,bfloat16,hot,n/a,202.983,202.650,203.472,203.018,0.359,5,581,58,8208384,14.809,0.072955,false,1,6ddf1e0-dirty
flashinfer,32,128256,50,0.9,bfloat16,hot,n/a,141.787,140.189,141.994,141.437,0.920,5,868,86,8208384,14.809,0.104442,false,1,6ddf1e0-dirty
flashinfer_from_probs,32,128256,50,0.9,bfloat16,hot,n/a,82.739,82.692,82.785,82.740,0.044,5,1413,141,16416768,29.617,0.357960,false,1,6ddf1e0-dirty
fused_kernel,32,128256,50,0.9,bfloat16,hot,n/a,27.527,26.737,27.660,27.332,0.439,5,4491,449,8208384,14.809,0.537963,false,1,6ddf1e0-dirty
compile,32,128256,50,0.9,bfloat16,hot,n/a,202.350,202.297,202.902,202.489,0.299,5,578,57,8208384,14.809,0.073183,false,1,6ddf1e0-dirty
graph_eager,32,128256,50,0.9,bfloat16,hot,n/a,150.116,148.791,150.201,149.794,0.734,5,809,80,8208384,14.809,0.098648,false,1,6ddf1e0-dirty
graph_compile,32,128256,50,0.9,bfloat16,hot,n/a,150.243,150.112,150.281,150.216,0.077,5,793,79,8208384,14.809,0.098564,false,1,6ddf1e0-dirty
hf_eager,32,128256,50,0.9,bfloat16,hot,n/a,1833.224,1832.535,1834.117,1833.274,0.709,5,65,10,8208384,14.809,0.008078,false,1,6ddf1e0-dirty
ref_eager_fullsort,1,128256,50,0.95,bfloat16,hot,n/a,136.171,135.696,136.229,136.005,0.273,5,847,84,256512,0.463,0.003398,false,1,6ddf1e0-dirty
tight_eager,1,128256,50,0.95,bfloat16,hot,n/a,136.327,136.242,136.414,136.333,0.080,5,880,88,256512,0.463,0.003395,false,1,6ddf1e0-dirty
flashinfer,1,128256,50,0.95,bfloat16,hot,n/a,82.363,82.126,82.448,82.314,0.146,5,1343,134,256512,0.463,0.005619,false,1,6ddf1e0-dirty
flashinfer_from_probs,1,128256,50,0.95,bfloat16,hot,n/a,73.236,72.875,73.255,73.123,0.185,5,1562,156,513024,0.926,0.012638,false,1,6ddf1e0-dirty
fused_kernel,1,128256,50,0.95,bfloat16,hot,n/a,17.516,17.511,17.539,17.522,0.013,5,5000,500,256512,0.463,0.026420,false,1,6ddf1e0-dirty
compile,1,128256,50,0.95,bfloat16,hot,n/a,157.828,157.746,158.067,157.896,0.155,5,728,72,256512,0.463,0.002932,false,1,6ddf1e0-dirty
graph_eager,1,128256,50,0.95,bfloat16,hot,n/a,77.750,77.743,77.776,77.755,0.016,5,1537,153,256512,0.463,0.005952,false,1,6ddf1e0-dirty
graph_compile,1,128256,50,0.95,bfloat16,hot,n/a,77.782,77.743,77.807,77.778,0.028,5,1540,154,256512,0.463,0.005950,false,1,6ddf1e0-dirty
hf_eager,1,128256,50,0.95,bfloat16,hot,n/a,339.926,339.821,340.112,339.957,0.132,5,352,35,256512,0.463,0.001361,false,1,6ddf1e0-dirty
ref_eager_fullsort,32,128256,50,0.95,bfloat16,hot,n/a,1275.128,1261.629,1276.624,1271.746,7.330,5,95,10,8208384,14.809,0.011613,false,1,6ddf1e0-dirty
tight_eager,32,128256,50,0.95,bfloat16,hot,n/a,201.035,200.892,202.332,201.386,0.688,5,587,58,8208384,14.809,0.073662,false,1,6ddf1e0-dirty
flashinfer,32,128256,50,0.95,bfloat16,hot,n/a,141.181,139.675,141.225,140.818,0.848,5,880,88,8208384,14.809,0.104891,false,1,6ddf1e0-dirty
flashinfer_from_probs,32,128256,50,0.95,bfloat16,hot,n/a,82.265,82.204,82.313,82.262,0.047,5,1402,140,16416768,29.617,0.360021,false,1,6ddf1e0-dirty
fused_kernel,32,128256,50,0.95,bfloat16,hot,n/a,27.449,26.876,27.561,27.301,0.318,5,4414,441,8208384,14.809,0.539497,false,1,6ddf1e0-dirty
compile,32,128256,50,0.95,bfloat16,hot,n/a,201.389,201.353,202.781,201.816,0.704,5,579,57,8208384,14.809,0.073532,false,1,6ddf1e0-dirty
graph_eager,32,128256,50,0.95,bfloat16,hot,n/a,149.945,148.606,150.029,149.622,0.743,5,813,81,8208384,14.809,0.098760,false,1,6ddf1e0-dirty
graph_compile,32,128256,50,0.95,bfloat16,hot,n/a,154.620,152.641,154.687,154.118,1.081,5,773,77,8208384,14.809,0.095774,false,1,6ddf1e0-dirty
hf_eager,32,128256,50,0.95,bfloat16,hot,n/a,1832.195,1831.916,1832.979,1832.379,0.498,5,65,10,8208384,14.809,0.008082,false,1,6ddf1e0-dirty
ref_eager_fullsort,1,128256,100,0.9,bfloat16,hot,n/a,136.132,135.881,136.512,136.196,0.302,5,843,84,256512,0.463,0.003399,false,1,6ddf1e0-dirty
tight_eager,1,128256,100,0.9,bfloat16,hot,n/a,136.296,136.250,136.403,136.322,0.070,5,877,87,256512,0.463,0.003395,false,1,6ddf1e0-dirty
flashinfer,1,128256,100,0.9,bfloat16,hot,n/a,82.029,81.747,82.321,82.011,0.256,5,1334,133,256512,0.463,0.005642,false,1,6ddf1e0-dirty
flashinfer_from_probs,1,128256,100,0.9,bfloat16,hot,n/a,73.366,73.363,73.526,73.421,0.081,5,1539,153,513024,0.926,0.012615,false,1,6ddf1e0-dirty
fused_kernel,1,128256,100,0.9,bfloat16,hot,n/a,20.490,20.489,20.492,20.490,0.002,5,5000,500,256512,0.463,0.022585,false,1,6ddf1e0-dirty
compile,1,128256,100,0.9,bfloat16,hot,n/a,158.307,158.156,158.393,158.279,0.113,5,726,72,256512,0.463,0.002923,false,1,6ddf1e0-dirty
graph_eager,1,128256,100,0.9,bfloat16,hot,n/a,78.340,78.314,78.345,78.335,0.016,5,1541,154,256512,0.463,0.005907,false,1,6ddf1e0-dirty
graph_compile,1,128256,100,0.9,bfloat16,hot,n/a,78.336,78.326,78.349,78.336,0.010,5,1534,153,256512,0.463,0.005907,false,1,6ddf1e0-dirty
hf_eager,1,128256,100,0.9,bfloat16,hot,n/a,340.057,339.807,340.717,340.149,0.426,5,349,34,256512,0.463,0.001361,false,1,6ddf1e0-dirty
ref_eager_fullsort,32,128256,100,0.9,bfloat16,hot,n/a,1273.855,1260.643,1274.992,1270.503,7.131,5,95,10,8208384,14.809,0.011625,false,1,6ddf1e0-dirty
tight_eager,32,128256,100,0.9,bfloat16,hot,n/a,201.931,201.691,202.305,201.943,0.277,5,586,58,8208384,14.809,0.073335,false,1,6ddf1e0-dirty
flashinfer,32,128256,100,0.9,bfloat16,hot,n/a,141.812,140.383,141.856,141.461,0.795,5,861,86,8208384,14.809,0.104424,false,1,6ddf1e0-dirty
flashinfer_from_probs,32,128256,100,0.9,bfloat16,hot,n/a,84.497,84.476,84.583,84.520,0.051,5,1373,137,16416768,29.617,0.350513,false,1,6ddf1e0-dirty
fused_kernel,32,128256,100,0.9,bfloat16,hot,n/a,32.676,31.775,32.708,32.453,0.498,5,3800,380,8208384,14.809,0.453187,false,1,6ddf1e0-dirty
compile,32,128256,100,0.9,bfloat16,hot,n/a,202.064,201.777,203.737,202.443,0.940,5,576,57,8208384,14.809,0.073287,false,1,6ddf1e0-dirty
graph_eager,32,128256,100,0.9,bfloat16,hot,n/a,151.198,149.415,151.446,150.782,0.991,5,810,81,8208384,14.809,0.097941,false,1,6ddf1e0-dirty
graph_compile,32,128256,100,0.9,bfloat16,hot,n/a,151.451,151.175,151.541,151.406,0.170,5,789,78,8208384,14.809,0.097778,false,1,6ddf1e0-dirty
hf_eager,32,128256,100,0.9,bfloat16,hot,n/a,1829.866,1829.259,1830.347,1829.868,0.480,5,65,10,8208384,14.809,0.008093,false,1,6ddf1e0-dirty
ref_eager_fullsort,1,128256,100,0.95,bfloat16,hot,n/a,136.094,135.716,136.338,136.033,0.278,5,848,84,256512,0.463,0.003400,false,1,6ddf1e0-dirty
tight_eager,1,128256,100,0.95,bfloat16,hot,n/a,136.307,136.187,136.346,136.276,0.073,5,877,87,256512,0.463,0.003395,false,1,6ddf1e0-dirty
flashinfer,1,128256,100,0.95,bfloat16,hot,n/a,82.032,81.938,82.293,82.082,0.159,5,1350,135,256512,0.463,0.005641,false,1,6ddf1e0-dirty
flashinfer_from_probs,1,128256,100,0.95,bfloat16,hot,n/a,73.382,73.240,73.555,73.390,0.135,5,1547,154,513024,0.926,0.012613,false,1,6ddf1e0-dirty
fused_kernel,1,128256,100,0.95,bfloat16,hot,n/a,21.751,21.722,22.359,21.898,0.340,5,5000,500,256512,0.463,0.021276,false,1,6ddf1e0-dirty
compile,1,128256,100,0.95,bfloat16,hot,n/a,157.868,157.725,158.208,157.915,0.221,5,733,73,256512,0.463,0.002931,false,1,6ddf1e0-dirty
graph_eager,1,128256,100,0.95,bfloat16,hot,n/a,78.307,78.282,78.322,78.307,0.019,5,1533,153,256512,0.463,0.005910,false,1,6ddf1e0-dirty
graph_compile,1,128256,100,0.95,bfloat16,hot,n/a,78.335,78.316,78.337,78.329,0.010,5,1536,153,256512,0.463,0.005908,false,1,6ddf1e0-dirty
hf_eager,1,128256,100,0.95,bfloat16,hot,n/a,339.940,339.848,340.212,339.993,0.164,5,350,35,256512,0.463,0.001361,false,1,6ddf1e0-dirty
ref_eager_fullsort,32,128256,100,0.95,bfloat16,hot,n/a,1272.977,1260.080,1274.838,1270.014,7.218,5,95,10,8208384,14.809,0.011633,false,1,6ddf1e0-dirty
tight_eager,32,128256,100,0.95,bfloat16,hot,n/a,201.213,201.151,201.725,201.322,0.297,5,588,58,8208384,14.809,0.073596,false,1,6ddf1e0-dirty
flashinfer,32,128256,100,0.95,bfloat16,hot,n/a,141.230,139.851,141.260,140.890,0.770,5,870,87,8208384,14.809,0.104854,false,1,6ddf1e0-dirty
flashinfer_from_probs,32,128256,100,0.95,bfloat16,hot,n/a,83.774,83.660,83.814,83.750,0.069,5,1363,136,16416768,29.617,0.353535,false,1,6ddf1e0-dirty
fused_kernel,32,128256,100,0.95,bfloat16,hot,n/a,33.345,32.269,33.426,33.087,0.597,5,3646,364,8208384,14.809,0.444095,false,1,6ddf1e0-dirty
compile,32,128256,100,0.95,bfloat16,hot,n/a,201.324,201.222,202.180,201.548,0.459,5,577,57,8208384,14.809,0.073556,false,1,6ddf1e0-dirty
graph_eager,32,128256,100,0.95,bfloat16,hot,n/a,151.016,149.302,151.222,150.599,0.939,5,806,80,8208384,14.809,0.098059,false,1,6ddf1e0-dirty
graph_compile,32,128256,100,0.95,bfloat16,hot,n/a,151.209,151.000,151.248,151.168,0.123,5,789,78,8208384,14.809,0.097935,false,1,6ddf1e0-dirty
hf_eager,32,128256,100,0.95,bfloat16,hot,n/a,1828.134,1827.182,1828.574,1828.036,0.645,5,65,10,8208384,14.809,0.008100,false,1,6ddf1e0-dirty
ref_eager_fullsort,1,151936,20,0.9,bfloat16,hot,n/a,138.981,138.558,139.173,138.891,0.304,5,846,84,303872,0.548,0.003944,false,1,6ddf1e0-dirty
tight_eager,1,151936,20,0.9,bfloat16,hot,n/a,134.526,133.328,134.827,134.142,0.721,5,858,85,303872,0.548,0.004075,false,1,6ddf1e0-dirty
flashinfer,1,151936,20,0.9,bfloat16,hot,n/a,83.738,83.613,84.144,83.853,0.250,5,1364,136,303872,0.548,0.006547,false,1,6ddf1e0-dirty
flashinfer_from_probs,1,151936,20,0.9,bfloat16,hot,n/a,73.200,73.088,73.222,73.168,0.064,5,1500,150,607744,1.096,0.014978,false,1,6ddf1e0-dirty
fused_kernel,1,151936,20,0.9,bfloat16,hot,n/a,14.357,14.355,14.362,14.358,0.003,5,5000,500,303872,0.548,0.038183,false,1,6ddf1e0-dirty
compile,1,151936,20,0.9,bfloat16,hot,n/a,160.812,160.663,160.903,160.782,0.106,5,721,72,303872,0.548,0.003409,false,1,6ddf1e0-dirty
graph_eager,1,151936,20,0.9,bfloat16,hot,n/a,81.388,81.208,81.405,81.349,0.103,5,1469,146,303872,0.548,0.006736,false,1,6ddf1e0-dirty
graph_compile,1,151936,20,0.9,bfloat16,hot,n/a,81.398,81.217,81.421,81.352,0.098,5,1487,148,303872,0.548,0.006735,false,1,6ddf1e0-dirty
hf_eager,1,151936,20,0.9,bfloat16,hot,n/a,322.751,322.537,323.390,322.921,0.430,5,369,36,303872,0.548,0.001699,false,1,6ddf1e0-dirty
ref_eager_fullsort,32,151936,20,0.9,bfloat16,hot,n/a,1531.614,1518.118,1534.562,1528.514,7.626,5,79,10,9723904,17.543,0.011454,false,1,6ddf1e0-dirty
tight_eager,32,151936,20,0.9,bfloat16,hot,n/a,217.652,217.085,218.315,217.687,0.568,5,543,54,9723904,17.543,0.080600,false,1,6ddf1e0-dirty
flashinfer,32,151936,20,0.9,bfloat16,hot,n/a,174.529,171.358,174.687,173.672,1.672,5,707,70,9723904,17.543,0.100514,false,1,6ddf1e0-dirty
flashinfer_from_probs,32,151936,20,0.9,bfloat16,hot,n/a,102.824,102.797,102.857,102.822,0.027,5,1149,114,19447808,35.085,0.341217,false,1,6ddf1e0-dirty
fused_kernel,32,151936,20,0.9,bfloat16,hot,n/a,26.978,26.221,27.060,26.790,0.412,5,4703,470,9723904,17.543,0.650268,false,1,6ddf1e0-dirty
compile,32,151936,20,0.9,bfloat16,hot,n/a,218.944,218.451,219.905,219.082,0.677,5,537,53,9723904,17.543,0.080124,false,1,6ddf1e0-dirty
graph_eager,32,151936,20,0.9,bfloat16,hot,n/a,165.609,163.387,165.736,165.035,1.193,5,746,74,9723904,17.543,0.105928,false,1,6ddf1e0-dirty
graph_compile,32,151936,20,0.9,bfloat16,hot,n/a,165.853,165.549,165.943,165.799,0.184,5,722,72,9723904,17.543,0.105772,false,1,6ddf1e0-dirty
hf_eager,32,151936,20,0.9,bfloat16,hot,n/a,2194.537,2194.109,2195.598,2194.669,0.690,5,54,10,9723904,17.543,0.007994,false,1,6ddf1e0-dirty
ref_eager_fullsort,1,151936,20,0.95,bfloat16,hot,n/a,138.083,137.634,138.125,137.977,0.252,5,842,84,303872,0.548,0.003970,false,1,6ddf1e0-dirty
tight_eager,1,151936,20,0.95,bfloat16,hot,n/a,133.250,132.782,133.375,133.118,0.281,5,858,85,303872,0.548,0.004114,false,1,6ddf1e0-dirty
flashinfer,1,151936,20,0.95,bfloat16,hot,n/a,83.925,83.807,84.064,83.944,0.115,5,1360,136,303872,0.548,0.006532,false,1,6ddf1e0-dirty
flashinfer_from_probs,1,151936,20,0.95,bfloat16,hot,n/a,72.943,72.755,73.048,72.928,0.131,5,1541,154,607744,1.096,0.015031,false,1,6ddf1e0-dirty
fused_kernel,1,151936,20,0.95,bfloat16,hot,n/a,14.366,14.363,14.371,14.367,0.003,5,5000,500,303872,0.548,0.038160,false,1,6ddf1e0-dirty
compile,1,151936,20,0.95,bfloat16,hot,n/a,161.390,160.762,161.461,161.204,0.331,5,724,72,303872,0.548,0.003397,false,1,6ddf1e0-dirty
graph_eager,1,151936,20,0.95,bfloat16,hot,n/a,81.365,81.161,81.406,81.326,0.120,5,1469,146,303872,0.548,0.006738,false,1,6ddf1e0-dirty
graph_compile,1,151936,20,0.95,bfloat16,hot,n/a,81.418,81.311,81.424,81.392,0.059,5,1486,148,303872,0.548,0.006733,false,1,6ddf1e0-dirty
hf_eager,1,151936,20,0.95,bfloat16,hot,n/a,323.147,322.832,323.581,323.196,0.357,5,371,37,303872,0.548,0.001696,false,1,6ddf1e0-dirty
ref_eager_fullsort,32,151936,20,0.95,bfloat16,hot,n/a,1532.163,1518.297,1533.101,1528.451,7.337,5,79,10,9723904,17.543,0.011450,false,1,6ddf1e0-dirty
tight_eager,32,151936,20,0.95,bfloat16,hot,n/a,218.021,217.755,218.652,218.149,0.433,5,543,54,9723904,17.543,0.080463,false,1,6ddf1e0-dirty
flashinfer,32,151936,20,0.95,bfloat16,hot,n/a,174.624,171.424,174.735,173.741,1.673,5,709,70,9723904,17.543,0.100460,false,1,6ddf1e0-dirty
flashinfer_from_probs,32,151936,20,0.95,bfloat16,hot,n/a,101.944,101.914,102.015,101.951,0.048,5,1153,115,19447808,35.085,0.344163,false,1,6ddf1e0-dirty
fused_kernel,32,151936,20,0.95,bfloat16,hot,n/a,27.950,26.717,28.030,27.646,0.675,5,4740,474,9723904,17.543,0.627653,false,1,6ddf1e0-dirty
compile,32,151936,20,0.95,bfloat16,hot,n/a,219.271,218.764,219.838,219.320,0.464,5,536,53,9723904,17.543,0.080005,false,1,6ddf1e0-dirty
graph_eager,32,151936,20,0.95,bfloat16,hot,n/a,165.872,163.695,165.963,165.286,1.150,5,745,74,9723904,17.543,0.105760,false,1,6ddf1e0-dirty
graph_compile,32,151936,20,0.95,bfloat16,hot,n/a,166.041,165.687,166.079,165.956,0.195,5,724,72,9723904,17.543,0.105653,false,1,6ddf1e0-dirty
hf_eager,32,151936,20,0.95,bfloat16,hot,n/a,2195.435,2194.933,2196.044,2195.456,0.506,5,54,10,9723904,17.543,0.007991,false,1,6ddf1e0-dirty
ref_eager_fullsort,1,151936,50,0.95,bfloat16,hot,n/a,137.774,137.595,138.158,137.852,0.266,5,846,84,303872,0.548,0.003979,false,1,6ddf1e0-dirty
tight_eager,1,151936,50,0.95,bfloat16,hot,n/a,136.182,136.121,136.294,136.194,0.078,5,864,86,303872,0.548,0.004026,false,1,6ddf1e0-dirty
flashinfer,1,151936,50,0.95,bfloat16,hot,n/a,83.887,83.827,83.960,83.892,0.063,5,1358,135,303872,0.548,0.006535,false,1,6ddf1e0-dirty
flashinfer_from_probs,1,151936,50,0.95,bfloat16,hot,n/a,73.041,72.915,73.287,73.086,0.163,5,1527,152,607744,1.096,0.015011,false,1,6ddf1e0-dirty
fused_kernel,1,151936,50,0.95,bfloat16,hot,n/a,18.457,18.456,18.461,18.458,0.002,5,5000,500,303872,0.548,0.029701,false,1,6ddf1e0-dirty
compile,1,151936,50,0.95,bfloat16,hot,n/a,159.488,159.351,159.559,159.461,0.097,5,722,72,303872,0.548,0.003437,false,1,6ddf1e0-dirty
graph_eager,1,151936,50,0.95,bfloat16,hot,n/a,81.552,81.513,81.627,81.566,0.050,5,1467,146,303872,0.548,0.006722,false,1,6ddf1e0-dirty
graph_compile,1,151936,50,0.95,bfloat16,hot,n/a,87.324,87.087,87.378,87.276,0.138,5,1393,139,303872,0.548,0.006278,false,1,6ddf1e0-dirty
hf_eager,1,151936,50,0.95,bfloat16,hot,n/a,332.733,326.605,332.923,331.090,3.246,5,357,35,303872,0.548,0.001648,false,1,6ddf1e0-dirty
ref_eager_fullsort,32,151936,50,0.95,bfloat16,hot,n/a,1533.329,1519.036,1534.400,1529.345,7.471,5,79,10,9723904,17.543,0.011441,false,1,6ddf1e0-dirty
tight_eager,32,151936,50,0.95,bfloat16,hot,n/a,217.797,217.186,218.935,217.945,0.807,5,543,54,9723904,17.543,0.080546,false,1,6ddf1e0-dirty
flashinfer,32,151936,50,0.95,bfloat16,hot,n/a,175.334,172.006,175.600,174.453,1.769,5,713,71,9723904,17.543,0.100053,false,1,6ddf1e0-dirty
flashinfer_from_probs,32,151936,50,0.95,bfloat16,hot,n/a,100.722,100.700,100.744,100.723,0.019,5,1173,117,19447808,35.085,0.348337,false,1,6ddf1e0-dirty
fused_kernel,32,151936,50,0.95,bfloat16,hot,n/a,30.735,30.687,30.738,30.723,0.026,5,3885,388,9723904,17.543,0.570773,false,1,6ddf1e0-dirty
compile,32,151936,50,0.95,bfloat16,hot,n/a,218.799,218.010,219.602,218.789,0.730,5,537,53,9723904,17.543,0.080177,false,1,6ddf1e0-dirty
graph_eager,32,151936,50,0.95,bfloat16,hot,n/a,165.747,163.819,165.960,165.272,1.053,5,742,74,9723904,17.543,0.105840,false,1,6ddf1e0-dirty
graph_compile,32,151936,50,0.95,bfloat16,hot,n/a,166.177,165.550,166.255,166.037,0.357,5,718,71,9723904,17.543,0.105566,false,1,6ddf1e0-dirty
hf_eager,32,151936,50,0.95,bfloat16,hot,n/a,2196.176,2195.958,2196.943,2196.339,0.450,5,54,10,9723904,17.543,0.007988,false,1,6ddf1e0-dirty
ref_eager_fullsort,1,151936,100,0.9,bfloat16,hot,n/a,138.058,137.630,138.242,137.977,0.288,5,845,84,303872,0.548,0.003971,false,1,6ddf1e0-dirty
tight_eager,1,151936,100,0.9,bfloat16,hot,n/a,136.023,135.925,136.104,136.010,0.080,5,870,87,303872,0.548,0.004030,false,1,6ddf1e0-dirty
flashinfer,1,151936,100,0.9,bfloat16,hot,n/a,84.246,84.228,84.409,84.288,0.088,5,1350,135,303872,0.548,0.006507,false,1,6ddf1e0-dirty
flashinfer_from_probs,1,151936,100,0.9,bfloat16,hot,n/a,73.030,72.791,73.254,73.013,0.200,5,1491,149,607744,1.096,0.015013,false,1,6ddf1e0-dirty
fused_kernel,1,151936,100,0.9,bfloat16,hot,n/a,20.508,20.504,20.510,20.507,0.003,5,5000,500,303872,0.548,0.026731,false,1,6ddf1e0-dirty
compile,1,151936,100,0.9,bfloat16,hot,n/a,158.987,158.921,159.069,158.991,0.069,5,728,72,303872,0.548,0.003448,false,1,6ddf1e0-dirty
graph_eager,1,151936,100,0.9,bfloat16,hot,n/a,82.026,81.957,82.127,82.037,0.073,5,1461,146,303872,0.548,0.006683,false,1,6ddf1e0-dirty
graph_compile,1,151936,100,0.9,bfloat16,hot,n/a,82.350,82.050,82.453,82.278,0.185,5,1465,146,303872,0.548,0.006657,false,1,6ddf1e0-dirty
hf_eager,1,151936,100,0.9,bfloat16,hot,n/a,326.619,326.463,327.073,326.741,0.289,5,367,36,303872,0.548,0.001678,false,1,6ddf1e0-dirty
ref_eager_fullsort,32,151936,100,0.9,bfloat16,hot,n/a,1531.927,1518.093,1533.122,1528.410,7.461,5,79,10,9723904,17.543,0.011451,false,1,6ddf1e0-dirty
tight_eager,32,151936,100,0.9,bfloat16,hot,n/a,218.356,218.028,219.902,218.722,0.873,5,541,54,9723904,17.543,0.080340,false,1,6ddf1e0-dirty
flashinfer,32,151936,100,0.9,bfloat16,hot,n/a,177.164,173.773,177.280,176.275,1.820,5,704,70,9723904,17.543,0.099019,false,1,6ddf1e0-dirty
flashinfer_from_probs,32,151936,100,0.9,bfloat16,hot,n/a,102.982,102.971,103.055,103.004,0.040,5,1150,115,19447808,35.085,0.340694,false,1,6ddf1e0-dirty
fused_kernel,32,151936,100,0.9,bfloat16,hot,n/a,34.891,34.834,34.931,34.882,0.042,5,3391,339,9723904,17.543,0.502790,false,1,6ddf1e0-dirty
compile,32,151936,100,0.9,bfloat16,hot,n/a,218.742,218.089,219.992,218.894,0.850,5,535,53,9723904,17.543,0.080198,false,1,6ddf1e0-dirty
graph_eager,32,151936,100,0.9,bfloat16,hot,n/a,167.659,165.489,167.743,167.087,1.157,5,736,73,9723904,17.543,0.104633,false,1,6ddf1e0-dirty
graph_compile,32,151936,100,0.9,bfloat16,hot,n/a,167.791,167.459,167.853,167.727,0.196,5,713,71,9723904,17.543,0.104551,false,1,6ddf1e0-dirty
hf_eager,32,151936,100,0.9,bfloat16,hot,n/a,2194.231,2193.560,2194.461,2194.130,0.423,5,54,10,9723904,17.543,0.007995,false,1,6ddf1e0-dirty
ref_eager_fullsort,1,151936,100,0.95,bfloat16,hot,n/a,138.284,138.009,138.403,138.228,0.178,5,842,84,303872,0.548,0.003964,false,1,6ddf1e0-dirty
tight_eager,1,151936,100,0.95,bfloat16,hot,n/a,136.141,136.088,136.222,136.156,0.062,5,856,85,303872,0.548,0.004027,false,1,6ddf1e0-dirty
flashinfer,1,151936,100,0.95,bfloat16,hot,n/a,84.154,84.145,84.198,84.168,0.026,5,1354,135,303872,0.548,0.006514,false,1,6ddf1e0-dirty
flashinfer_from_probs,1,151936,100,0.95,bfloat16,hot,n/a,72.788,72.708,73.048,72.848,0.158,5,1532,153,607744,1.096,0.015063,false,1,6ddf1e0-dirty
fused_kernel,1,151936,100,0.95,bfloat16,hot,n/a,22.520,22.519,22.526,22.521,0.004,5,5000,500,303872,0.548,0.024344,false,1,6ddf1e0-dirty
compile,1,151936,100,0.95,bfloat16,hot,n/a,158.966,158.850,159.291,159.013,0.207,5,715,71,303872,0.548,0.003449,false,1,6ddf1e0-dirty
graph_eager,1,151936,100,0.95,bfloat16,hot,n/a,82.030,81.907,82.141,82.023,0.101,5,1468,146,303872,0.548,0.006683,false,1,6ddf1e0-dirty
graph_compile,1,151936,100,0.95,bfloat16,hot,n/a,84.371,82.013,88.077,84.925,2.960,5,1388,138,303872,0.548,0.006498,false,1,6ddf1e0-dirty
hf_eager,1,151936,100,0.95,bfloat16,hot,n/a,326.768,326.228,327.057,326.700,0.367,5,365,36,303872,0.548,0.001678,false,1,6ddf1e0-dirty
ref_eager_fullsort,32,151936,100,0.95,bfloat16,hot,n/a,1532.553,1519.057,1533.561,1528.950,7.151,5,79,10,9723904,17.543,0.011447,false,1,6ddf1e0-dirty
tight_eager,32,151936,100,0.95,bfloat16,hot,n/a,218.436,218.114,220.074,218.869,0.922,5,544,54,9723904,17.543,0.080310,false,1,6ddf1e0-dirty
flashinfer,32,151936,100,0.95,bfloat16,hot,n/a,176.750,173.567,176.800,175.923,1.723,5,705,70,9723904,17.543,0.099252,false,1,6ddf1e0-dirty
flashinfer_from_probs,32,151936,100,0.95,bfloat16,hot,n/a,102.275,102.252,102.290,102.273,0.017,5,1149,114,19447808,35.085,0.343050,false,1,6ddf1e0-dirty
fused_kernel,32,151936,100,0.95,bfloat16,hot,n/a,35.980,35.695,36.008,35.910,0.156,5,3332,333,9723904,17.543,0.487569,false,1,6ddf1e0-dirty
compile,32,151936,100,0.95,bfloat16,hot,n/a,219.098,218.583,220.441,219.342,0.832,5,535,53,9723904,17.543,0.080068,false,1,6ddf1e0-dirty
graph_eager,32,151936,100,0.95,bfloat16,hot,n/a,167.709,165.659,167.794,167.156,1.082,5,736,73,9723904,17.543,0.104602,false,1,6ddf1e0-dirty
graph_compile,32,151936,100,0.95,bfloat16,hot,n/a,167.906,167.620,167.949,167.848,0.168,5,713,71,9723904,17.543,0.104479,false,1,6ddf1e0-dirty
hf_eager,32,151936,100,0.95,bfloat16,hot,n/a,2194.605,2194.214,2195.040,2194.609,0.388,5,54,10,9723904,17.543,0.007994,false,1,6ddf1e0-dirty
tight_eager,1,151936,50,0.9,float16,hot,n/a,136.304,136.195,136.477,136.320,0.126,5,872,87,303872,0.548,0.004022,false,2,6ddf1e0-dirty
flashinfer,1,151936,50,0.9,float16,hot,n/a,84.108,84.036,84.183,84.101,0.068,5,1344,134,303872,0.548,0.006518,false,2,6ddf1e0-dirty
flashinfer_from_probs,1,151936,50,0.9,float16,hot,n/a,73.042,72.618,73.170,72.929,0.268,5,1520,152,607744,1.096,0.015011,false,2,6ddf1e0-dirty
fused_kernel,1,151936,50,0.9,float16,hot,n/a,18.970,18.965,18.991,18.975,0.012,5,5000,500,303872,0.548,0.028898,false,2,6ddf1e0-dirty
compile,1,151936,50,0.9,float16,hot,n/a,158.735,158.538,158.861,158.704,0.145,5,714,71,303872,0.548,0.003454,false,2,6ddf1e0-dirty
graph_eager,1,151936,50,0.9,float16,hot,n/a,81.531,81.390,81.582,81.505,0.086,5,1466,146,303872,0.548,0.006724,false,2,6ddf1e0-dirty
graph_compile,1,151936,50,0.9,float16,hot,n/a,71.815,71.807,71.818,71.814,0.005,5,1669,166,303872,0.548,0.007634,false,2,6ddf1e0-dirty
hf_eager,1,151936,50,0.9,float16,hot,n/a,324.904,324.636,325.392,325.005,0.337,5,367,36,303872,0.548,0.001687,false,2,6ddf1e0-dirty
ref_eager_fullsort,1,151936,50,0.9,float16,hot,n/a,141.704,141.409,141.873,141.650,0.217,5,837,83,303872,0.548,0.003869,false,2,6ddf1e0-dirty
tight_eager,4,151936,50,0.9,float16,hot,n/a,163.063,162.975,163.182,163.086,0.095,5,740,74,1215488,2.193,0.013448,false,2,6ddf1e0-dirty
flashinfer,4,151936,50,0.9,float16,hot,n/a,85.331,85.269,85.368,85.321,0.043,5,1354,135,1215488,2.193,0.025698,false,2,6ddf1e0-dirty
flashinfer_from_probs,4,151936,50,0.9,float16,hot,n/a,73.763,73.586,73.898,73.766,0.140,5,1499,149,2430976,4.386,0.059457,false,2,6ddf1e0-dirty
fused_kernel,4,151936,50,0.9,float16,hot,n/a,19.556,19.551,19.585,19.565,0.017,5,5000,500,1215488,2.193,0.112129,false,2,6ddf1e0-dirty
compile,4,151936,50,0.9,float16,hot,n/a,152.131,151.751,152.819,152.259,0.478,5,739,73,1215488,2.193,0.014414,false,2,6ddf1e0-dirty
graph_eager,4,151936,50,0.9,float16,hot,n/a,104.545,104.127,104.616,104.449,0.236,5,1163,116,1215488,2.193,0.020975,false,2,6ddf1e0-dirty
graph_compile,4,151936,50,0.9,float16,hot,n/a,95.020,94.962,95.040,95.011,0.036,5,1265,126,1215488,2.193,0.023078,false,2,6ddf1e0-dirty
hf_eager,4,151936,50,0.9,float16,hot,n/a,595.798,595.602,595.949,595.785,0.166,5,199,19,1215488,2.193,0.003681,false,2,6ddf1e0-dirty
ref_eager_fullsort,4,151936,50,0.9,float16,hot,n/a,235.508,234.713,235.643,235.256,0.447,5,507,50,1215488,2.193,0.009311,false,2,6ddf1e0-dirty
tight_eager,8,151936,50,0.9,float16,hot,n/a,166.996,166.800,167.131,166.961,0.147,5,712,71,2430976,4.386,0.026262,false,2,6ddf1e0-dirty
flashinfer,8,151936,50,0.9,float16,hot,n/a,90.561,90.523,90.630,90.570,0.047,5,1323,132,2430976,4.386,0.048428,false,2,6ddf1e0-dirty
flashinfer_from_probs,8,151936,50,0.9,float16,hot,n/a,74.238,74.194,74.392,74.266,0.093,5,1501,150,4861952,8.771,0.118152,false,2,6ddf1e0-dirty
fused_kernel,8,151936,50,0.9,float16,hot,n/a,19.990,19.963,20.003,19.986,0.018,5,5000,500,2430976,4.386,0.219397,false,2,6ddf1e0-dirty
compile,8,151936,50,0.9,float16,hot,n/a,152.170,151.940,152.550,152.202,0.270,5,736,73,2430976,4.386,0.028821,false,2,6ddf1e0-dirty
graph_eager,8,151936,50,0.9,float16,hot,n/a,107.830,107.698,107.854,107.798,0.073,5,1126,112,2430976,4.386,0.040672,false,2,6ddf1e0-dirty
graph_compile,8,151936,50,0.9,float16,hot,n/a,102.620,98.831,102.639,101.545,1.961,5,1172,117,2430976,4.386,0.042737,false,2,6ddf1e0-dirty
hf_eager,8,151936,50,0.9,float16,hot,n/a,705.276,701.821,710.207,705.560,3.830,5,167,16,2430976,4.386,0.006218,false,2,6ddf1e0-dirty
ref_eager_fullsort,8,151936,50,0.9,float16,hot,n/a,354.109,347.904,354.354,352.487,3.324,5,349,34,2430976,4.386,0.012385,false,2,6ddf1e0-dirty
tight_eager,16,151936,50,0.9,float16,hot,n/a,184.720,184.584,185.208,184.810,0.298,5,644,64,4861952,8.771,0.047484,false,2,6ddf1e0-dirty
flashinfer,16,151936,50,0.9,float16,hot,n/a,115.043,115.006,115.076,115.038,0.032,5,1050,105,4861952,8.771,0.076244,false,2,6ddf1e0-dirty
flashinfer_from_probs,16,151936,50,0.9,float16,hot,n/a,73.951,73.828,74.090,73.953,0.114,5,1502,150,9723904,17.543,0.237219,false,2,6ddf1e0-dirty
fused_kernel,16,151936,50,0.9,float16,hot,n/a,22.516,22.452,22.526,22.503,0.037,5,5000,500,4861952,8.771,0.389561,false,2,6ddf1e0-dirty
compile,16,151936,50,0.9,float16,hot,n/a,158.800,158.713,159.023,158.855,0.139,5,717,71,4861952,8.771,0.055235,false,2,6ddf1e0-dirty
graph_eager,16,151936,50,0.9,float16,hot,n/a,122.495,122.041,122.595,122.395,0.259,5,990,99,4861952,8.771,0.071606,false,2,6ddf1e0-dirty
graph_compile,16,151936,50,0.9,float16,hot,n/a,109.873,109.756,109.963,109.870,0.090,5,1084,108,4861952,8.771,0.079831,false,2,6ddf1e0-dirty
hf_eager,16,151936,50,0.9,float16,hot,n/a,1180.403,1179.991,1182.785,1180.905,1.368,5,100,10,4861952,8.771,0.007431,false,2,6ddf1e0-dirty
ref_eager_fullsort,16,151936,50,0.9,float16,hot,n/a,694.068,691.984,694.822,693.601,1.260,5,173,17,4861952,8.771,0.012638,false,2,6ddf1e0-dirty
tight_eager,32,151936,50,0.9,float16,hot,n/a,218.972,218.911,219.435,219.117,0.248,5,540,54,9723904,17.543,0.080114,false,2,6ddf1e0-dirty
flashinfer,32,151936,50,0.9,float16,hot,n/a,176.566,173.838,176.700,175.884,1.489,5,703,70,9723904,17.543,0.099355,false,2,6ddf1e0-dirty
flashinfer_from_probs,32,151936,50,0.9,float16,hot,n/a,101.202,101.182,101.220,101.201,0.017,5,1170,117,19447808,35.085,0.346688,false,2,6ddf1e0-dirty
fused_kernel,32,151936,50,0.9,float16,hot,n/a,30.450,29.083,30.547,30.089,0.727,5,4192,419,9723904,17.543,0.576106,false,2,6ddf1e0-dirty
compile,32,151936,50,0.9,float16,hot,n/a,191.842,191.791,191.883,191.837,0.041,5,609,60,9723904,17.543,0.091443,false,2,6ddf1e0-dirty
graph_eager,32,151936,50,0.9,float16,hot,n/a,166.841,166.428,166.879,166.739,0.225,5,723,72,9723904,17.543,0.105146,false,2,6ddf1e0-dirty
graph_compile,32,151936,50,0.9,float16,hot,n/a,150.808,150.511,150.835,150.741,0.169,5,791,79,9723904,17.543,0.116325,false,2,6ddf1e0-dirty
hf_eager,32,151936,50,0.9,float16,hot,n/a,2200.242,2200.047,2201.078,2200.414,0.488,5,54,10,9723904,17.543,0.007973,false,2,6ddf1e0-dirty
ref_eager_fullsort,32,151936,50,0.9,float16,hot,n/a,1539.275,1538.833,1539.642,1539.212,0.358,5,78,10,9723904,17.543,0.011397,false,2,6ddf1e0-dirty
tight_eager,1,151936,50,0.9,float16,cold,rotate,135.627,135.425,135.944,135.650,0.228,5,857,85,303872,0.548,0.004042,false,2,6ddf1e0-dirty
flashinfer,1,151936,50,0.9,float16,cold,rotate,84.157,83.934,84.305,84.127,0.164,5,1319,131,303872,0.548,0.006514,false,2,6ddf1e0-dirty
flashinfer_from_probs,1,151936,50,0.9,float16,cold,rotate,74.627,74.536,74.638,74.604,0.050,5,1486,148,607744,1.096,0.014692,false,2,6ddf1e0-dirty
fused_kernel,1,151936,50,0.9,float16,cold,rotate,18.913,18.896,18.921,18.912,0.011,5,5000,500,303872,0.548,0.028985,false,2,6ddf1e0-dirty
compile,1,151936,50,0.9,float16,cold,rotate,161.689,161.485,161.982,161.692,0.229,5,715,71,303872,0.548,0.003391,false,2,6ddf1e0-dirty
graph_eager,1,151936,50,0.9,float16,cold,rotate_into_static,82.913,82.887,83.002,82.928,0.055,5,1425,142,303872,0.548,0.006612,false,2,6ddf1e0-dirty
graph_compile,1,151936,50,0.9,float16,cold,rotate_into_static,73.960,73.904,74.024,73.968,0.052,5,1615,161,303872,0.548,0.007412,false,2,6ddf1e0-dirty
hf_eager,1,151936,50,0.9,float16,cold,rotate,325.450,324.836,325.699,325.314,0.379,5,366,36,303872,0.548,0.001684,false,2,6ddf1e0-dirty
ref_eager_fullsort,1,151936,50,0.9,float16,cold,rotate,141.745,141.249,141.814,141.635,0.284,5,836,83,303872,0.548,0.003868,false,2,6ddf1e0-dirty
tight_eager,4,151936,50,0.9,float16,cold,rotate,164.699,164.099,165.211,164.693,0.498,5,731,73,1215488,2.193,0.013314,false,2,6ddf1e0-dirty
flashinfer,4,151936,50,0.9,float16,cold,rotate,87.338,87.323,87.411,87.360,0.041,5,1339,133,1215488,2.193,0.025107,false,2,6ddf1e0-dirty
flashinfer_from_probs,4,151936,50,0.9,float16,cold,rotate,74.199,73.814,74.274,74.071,0.226,5,1470,147,2430976,4.386,0.059107,false,2,6ddf1e0-dirty
fused_kernel,4,151936,50,0.9,float16,cold,rotate,21.350,21.322,21.371,21.346,0.022,5,5000,500,1215488,2.193,0.102711,false,2,6ddf1e0-dirty
compile,4,151936,50,0.9,float16,cold,rotate,153.420,153.292,153.742,153.482,0.211,5,737,73,1215488,2.193,0.014293,false,2,6ddf1e0-dirty
graph_eager,4,151936,50,0.9,float16,cold,rotate_into_static,109.723,109.577,109.848,109.715,0.116,5,1095,109,1215488,2.193,0.019985,false,2,6ddf1e0-dirty
graph_compile,4,151936,50,0.9,float16,cold,rotate_into_static,101.422,101.326,101.433,101.395,0.051,5,1173,117,1215488,2.193,0.021621,false,2,6ddf1e0-dirty
hf_eager,4,151936,50,0.9,float16,cold,rotate,598.872,598.430,599.274,598.847,0.363,5,198,19,1215488,2.193,0.003662,false,2,6ddf1e0-dirty
ref_eager_fullsort,4,151936,50,0.9,float16,cold,rotate,237.441,236.604,237.603,237.206,0.476,5,502,50,1215488,2.193,0.009235,false,2,6ddf1e0-dirty
tight_eager,8,151936,50,0.9,float16,cold,rotate,170.091,169.672,170.238,169.997,0.268,5,702,70,2430976,4.386,0.025784,false,2,6ddf1e0-dirty
flashinfer,8,151936,50,0.9,float16,cold,rotate,92.712,92.665,92.726,92.702,0.028,5,1269,126,2430976,4.386,0.047304,false,2,6ddf1e0-dirty
flashinfer_from_probs,8,151936,50,0.9,float16,cold,rotate,74.815,74.727,74.904,74.815,0.077,5,1491,149,4861952,8.771,0.117241,false,2,6ddf1e0-dirty
fused_kernel,8,151936,50,0.9,float16,cold,rotate,22.497,22.484,22.519,22.501,0.015,5,5000,500,2430976,4.386,0.194943,false,2,6ddf1e0-dirty
compile,8,151936,50,0.9,float16,cold,rotate,153.837,153.730,154.235,153.907,0.240,5,733,73,2430976,4.386,0.028509,false,2,6ddf1e0-dirty
graph_eager,8,151936,50,0.9,float16,cold,rotate_into_static,114.375,114.220,114.446,114.340,0.101,5,1052,105,2430976,4.386,0.038345,false,2,6ddf1e0-dirty
graph_compile,8,151936,50,0.9,float16,cold,rotate_into_static,104.943,104.880,104.964,104.932,0.039,5,1123,112,2430976,4.386,0.041791,false,2,6ddf1e0-dirty
hf_eager,8,151936,50,0.9,float16,cold,rotate,704.425,701.971,711.740,705.922,4.550,5,167,16,2430976,4.386,0.006226,false,2,6ddf1e0-dirty
ref_eager_fullsort,8,151936,50,0.9,float16,cold,rotate,354.720,349.173,355.588,353.574,3.208,5,346,34,2430976,4.386,0.012364,false,2,6ddf1e0-dirty
tight_eager,16,151936,50,0.9,float16,cold,rotate,187.420,187.392,187.774,187.503,0.199,5,629,62,4861952,8.771,0.046800,false,2,6ddf1e0-dirty
flashinfer,16,151936,50,0.9,float16,cold,rotate,119.236,119.140,119.283,119.225,0.065,5,991,99,4861952,8.771,0.073563,false,2,6ddf1e0-dirty
flashinfer_from_probs,16,151936,50,0.9,float16,cold,rotate,78.268,78.252,78.300,78.271,0.021,5,1453,145,9723904,17.543,0.224137,false,2,6ddf1e0-dirty
fused_kernel,16,151936,50,0.9,float16,cold,rotate,28.645,28.621,28.649,28.639,0.013,5,4096,409,4861952,8.771,0.306207,false,2,6ddf1e0-dirty
compile,16,151936,50,0.9,float16,cold,rotate,159.975,159.774,160.058,159.946,0.128,5,722,72,4861952,8.771,0.054830,false,2,6ddf1e0-dirty
graph_eager,16,151936,50,0.9,float16,cold,rotate_into_static,132.166,131.823,132.191,132.086,0.192,5,910,91,4861952,8.771,0.066366,false,2,6ddf1e0-dirty
graph_compile,16,151936,50,0.9,float16,cold,rotate_into_static,119.465,119.374,119.485,119.446,0.053,5,996,99,4861952,8.771,0.073422,false,2,6ddf1e0-dirty
hf_eager,16,151936,50,0.9,float16,cold,rotate,1168.665,1168.368,1170.372,1169.100,0.933,5,102,10,4861952,8.771,0.007505,false,2,6ddf1e0-dirty
ref_eager_fullsort,16,151936,50,0.9,float16,cold,rotate,696.401,692.702,696.922,695.504,2.042,5,173,17,4861952,8.771,0.012595,false,2,6ddf1e0-dirty
tight_eager,32,151936,50,0.9,float16,cold,rotate,229.429,229.388,230.220,229.639,0.420,5,516,51,9723904,17.543,0.076462,false,2,6ddf1e0-dirty
flashinfer,32,151936,50,0.9,float16,cold,rotate,193.412,191.505,193.443,192.933,1.054,5,633,63,9723904,17.543,0.090701,false,2,6ddf1e0-dirty
flashinfer_from_probs,32,151936,50,0.9,float16,cold,rotate,127.614,127.599,127.675,127.631,0.035,5,921,92,19447808,35.085,0.274934,false,2,6ddf1e0-dirty
fused_kernel,32,151936,50,0.9,float16,cold,rotate,40.930,39.871,40.934,40.658,0.580,5,2941,294,9723904,17.543,0.428598,false,2,6ddf1e0-dirty
compile,32,151936,50,0.9,float16,cold,rotate,196.139,196.076,196.270,196.165,0.085,5,596,59,9723904,17.543,0.089440,false,2,6ddf1e0-dirty
graph_eager,32,151936,50,0.9,float16,cold,rotate_into_static,190.441,190.013,190.512,190.340,0.238,5,629,62,9723904,17.543,0.092116,false,2,6ddf1e0-dirty
graph_compile,32,151936,50,0.9,float16,cold,rotate_into_static,173.683,173.423,173.738,173.630,0.153,5,694,69,9723904,17.543,0.101004,false,2,6ddf1e0-dirty
hf_eager,32,151936,50,0.9,float16,cold,rotate,2185.513,2185.307,2186.018,2185.639,0.341,5,54,10,9723904,17.543,0.008027,false,2,6ddf1e0-dirty
ref_eager_fullsort,32,151936,50,0.9,float16,cold,rotate,1542.231,1541.871,1542.908,1542.287,0.475,5,77,10,9723904,17.543,0.011375,false,2,6ddf1e0-dirty
tight_eager,1,151936,50,0.9,bfloat16,hot,n/a,136.647,136.560,136.781,136.670,0.105,5,856,85,303872,0.548,0.004012,false,2,6ddf1e0-dirty
flashinfer,1,151936,50,0.9,bfloat16,hot,n/a,84.043,84.033,84.080,84.053,0.022,5,1347,134,303872,0.548,0.006523,false,2,6ddf1e0-dirty
flashinfer_from_probs,1,151936,50,0.9,bfloat16,hot,n/a,72.473,72.426,72.523,72.468,0.044,5,1514,151,607744,1.096,0.015129,false,2,6ddf1e0-dirty
fused_kernel,1,151936,50,0.9,bfloat16,hot,n/a,19.110,19.101,19.129,19.114,0.013,5,5000,500,303872,0.548,0.028687,false,2,6ddf1e0-dirty
compile,1,151936,50,0.9,bfloat16,hot,n/a,158.451,158.140,159.208,158.572,0.496,5,723,72,303872,0.548,0.003460,false,2,6ddf1e0-dirty
graph_eager,1,151936,50,0.9,bfloat16,hot,n/a,81.534,81.345,81.579,81.476,0.114,5,1460,146,303872,0.548,0.006724,false,2,6ddf1e0-dirty
graph_compile,1,151936,50,0.9,bfloat16,hot,n/a,71.791,71.740,71.823,71.783,0.037,5,1666,166,303872,0.548,0.007636,false,2,6ddf1e0-dirty
hf_eager,1,151936,50,0.9,bfloat16,hot,n/a,325.028,324.451,325.126,324.890,0.320,5,366,36,303872,0.548,0.001687,false,2,6ddf1e0-dirty
ref_eager_fullsort,1,151936,50,0.9,bfloat16,hot,n/a,138.665,138.250,138.833,138.551,0.280,5,833,83,303872,0.548,0.003953,false,2,6ddf1e0-dirty
tight_eager,4,151936,50,0.9,bfloat16,hot,n/a,162.167,161.481,162.408,162.029,0.430,5,745,74,1215488,2.193,0.013522,false,2,6ddf1e0-dirty
flashinfer,4,151936,50,0.9,bfloat16,hot,n/a,85.473,85.435,85.552,85.491,0.057,5,1327,132,1215488,2.193,0.025655,false,2,6ddf1e0-dirty
flashinfer_from_probs,4,151936,50,0.9,bfloat16,hot,n/a,73.777,73.433,73.911,73.698,0.226,5,1526,152,2430976,4.386,0.059445,false,2,6ddf1e0-dirty
fused_kernel,4,151936,50,0.9,bfloat16,hot,n/a,19.694,19.673,19.708,19.691,0.015,5,5000,500,1215488,2.193,0.111346,false,2,6ddf1e0-dirty
compile,4,151936,50,0.9,bfloat16,hot,n/a,152.679,152.558,152.962,152.745,0.194,5,730,73,1215488,2.193,0.014362,false,2,6ddf1e0-dirty
graph_eager,4,151936,50,0.9,bfloat16,hot,n/a,105.529,104.953,105.612,105.402,0.327,5,1168,116,1215488,2.193,0.020779,false,2,6ddf1e0-dirty
graph_compile,4,151936,50,0.9,bfloat16,hot,n/a,99.955,99.853,99.973,99.934,0.059,5,1209,120,1215488,2.193,0.021938,false,2,6ddf1e0-dirty
hf_eager,4,151936,50,0.9,bfloat16,hot,n/a,596.068,595.713,603.682,597.900,4.255,5,196,19,1215488,2.193,0.003679,false,2,6ddf1e0-dirty
ref_eager_fullsort,4,151936,50,0.9,bfloat16,hot,n/a,229.980,229.763,230.080,229.943,0.140,5,518,51,1215488,2.193,0.009535,false,2,6ddf1e0-dirty
tight_eager,8,151936,50,0.9,bfloat16,hot,n/a,167.150,166.974,167.239,167.125,0.117,5,723,72,2430976,4.386,0.026238,false,2,6ddf1e0-dirty
flashinfer,8,151936,50,0.9,bfloat16,hot,n/a,90.997,90.956,91.062,91.003,0.047,5,1310,131,2430976,4.386,0.048196,false,2,6ddf1e0-dirty
flashinfer_from_probs,8,151936,50,0.9,bfloat16,hot,n/a,74.279,74.047,74.328,74.233,0.137,5,1507,150,4861952,8.771,0.118086,false,2,6ddf1e0-dirty
fused_kernel,8,151936,50,0.9,bfloat16,hot,n/a,20.116,20.111,20.137,20.123,0.012,5,5000,500,2430976,4.386,0.218016,false,2,6ddf1e0-dirty
compile,8,151936,50,0.9,bfloat16,hot,n/a,152.623,152.420,152.969,152.654,0.252,5,735,73,2430976,4.386,0.028735,false,2,6ddf1e0-dirty
graph_eager,8,151936,50,0.9,bfloat16,hot,n/a,108.150,107.928,108.203,108.106,0.130,5,1119,111,2430976,4.386,0.040552,false,2,6ddf1e0-dirty
graph_compile,8,151936,50,0.9,bfloat16,hot,n/a,98.088,98.076,98.139,98.101,0.030,5,1223,122,2430976,4.386,0.044712,false,2,6ddf1e0-dirty
hf_eager,8,151936,50,0.9,bfloat16,hot,n/a,706.773,704.015,711.689,707.216,3.436,5,166,16,2430976,4.386,0.006205,false,2,6ddf1e0-dirty
ref_eager_fullsort,8,151936,50,0.9,bfloat16,hot,n/a,344.588,336.807,345.624,342.712,4.282,5,360,36,2430976,4.386,0.012727,false,2,6ddf1e0-dirty
tight_eager,16,151936,50,0.9,bfloat16,hot,n/a,183.471,183.399,183.739,183.535,0.153,5,649,64,4861952,8.771,0.047808,false,2,6ddf1e0-dirty
flashinfer,16,151936,50,0.9,bfloat16,hot,n/a,115.016,115.004,115.103,115.040,0.047,5,1048,104,4861952,8.771,0.076262,false,2,6ddf1e0-dirty
flashinfer_from_probs,16,151936,50,0.9,bfloat16,hot,n/a,74.278,74.174,74.457,74.315,0.128,5,1496,149,9723904,17.543,0.236175,false,2,6ddf1e0-dirty
fused_kernel,16,151936,50,0.9,bfloat16,hot,n/a,24.528,24.510,24.535,24.526,0.012,5,4758,475,4861952,8.771,0.357612,false,2,6ddf1e0-dirty
compile,16,151936,50,0.9,bfloat16,hot,n/a,182.612,182.370,182.962,182.629,0.264,5,644,64,4861952,8.771,0.048033,false,2,6ddf1e0-dirty
graph_eager,16,151936,50,0.9,bfloat16,hot,n/a,122.129,121.719,122.199,122.025,0.225,5,986,98,4861952,8.771,0.071820,false,2,6ddf1e0-dirty
graph_compile,16,151936,50,0.9,bfloat16,hot,n/a,122.216,122.012,122.231,122.167,0.114,5,978,97,4861952,8.771,0.071769,false,2,6ddf1e0-dirty
hf_eager,16,151936,50,0.9,bfloat16,hot,n/a,1181.830,1181.038,1184.209,1182.232,1.461,5,100,10,4861952,8.771,0.007422,false,2,6ddf1e0-dirty
ref_eager_fullsort,16,151936,50,0.9,bfloat16,hot,n/a,703.718,701.688,704.252,703.309,1.199,5,172,17,4861952,8.771,0.012464,false,2,6ddf1e0-dirty
tight_eager,32,151936,50,0.9,bfloat16,hot,n/a,218.912,218.806,219.532,219.070,0.339,5,541,54,9723904,17.543,0.080136,false,2,6ddf1e0-dirty
flashinfer,32,151936,50,0.9,bfloat16,hot,n/a,176.951,174.893,177.027,176.435,1.126,5,693,69,9723904,17.543,0.099138,false,2,6ddf1e0-dirty
flashinfer_from_probs,32,151936,50,0.9,bfloat16,hot,n/a,101.199,101.191,101.221,101.205,0.014,5,1171,117,19447808,35.085,0.346696,false,2,6ddf1e0-dirty
fused_kernel,32,151936,50,0.9,bfloat16,hot,n/a,30.711,30.429,30.734,30.644,0.158,5,3939,393,9723904,17.543,0.571225,false,2,6ddf1e0-dirty
compile,32,151936,50,0.9,bfloat16,hot,n/a,219.407,219.321,219.875,219.500,0.274,5,532,53,9723904,17.543,0.079955,false,2,6ddf1e0-dirty
graph_eager,32,151936,50,0.9,bfloat16,hot,n/a,168.066,165.888,168.120,167.477,1.151,5,735,73,9723904,17.543,0.104380,false,2,6ddf1e0-dirty
graph_compile,32,151936,50,0.9,bfloat16,hot,n/a,168.069,167.742,168.102,167.990,0.180,5,715,71,9723904,17.543,0.104378,false,2,6ddf1e0-dirty
hf_eager,32,151936,50,0.9,bfloat16,hot,n/a,2200.643,2200.496,2201.146,2200.748,0.296,5,54,10,9723904,17.543,0.007972,false,2,6ddf1e0-dirty
ref_eager_fullsort,32,151936,50,0.9,bfloat16,hot,n/a,1537.154,1536.354,1537.426,1536.970,0.482,5,78,10,9723904,17.543,0.011412,false,2,6ddf1e0-dirty
tight_eager,1,151936,50,0.9,bfloat16,cold,rotate,136.867,136.628,136.983,136.826,0.155,5,852,85,303872,0.548,0.004005,false,2,6ddf1e0-dirty
flashinfer,1,151936,50,0.9,bfloat16,cold,rotate,84.238,84.184,84.327,84.247,0.063,5,1331,133,303872,0.548,0.006508,false,2,6ddf1e0-dirty
flashinfer_from_probs,1,151936,50,0.9,bfloat16,cold,rotate,74.855,74.795,74.891,74.842,0.043,5,1481,148,607744,1.096,0.014647,false,2,6ddf1e0-dirty
fused_kernel,1,151936,50,0.9,bfloat16,cold,rotate,20.933,20.918,20.940,20.931,0.010,5,5000,500,303872,0.548,0.026188,false,2,6ddf1e0-dirty
compile,1,151936,50,0.9,bfloat16,cold,rotate,162.574,162.169,162.957,162.555,0.375,5,699,69,303872,0.548,0.003372,false,2,6ddf1e0-dirty
graph_eager,1,151936,50,0.9,bfloat16,cold,rotate_into_static,82.941,82.880,82.950,82.927,0.034,5,1427,142,303872,0.548,0.006610,false,2,6ddf1e0-dirty
graph_compile,1,151936,50,0.9,bfloat16,cold,rotate_into_static,74.013,73.939,74.045,74.006,0.050,5,1623,162,303872,0.548,0.007407,false,2,6ddf1e0-dirty
hf_eager,1,151936,50,0.9,bfloat16,cold,rotate,325.521,324.821,325.686,325.337,0.393,5,364,36,303872,0.548,0.001684,false,2,6ddf1e0-dirty
ref_eager_fullsort,1,151936,50,0.9,bfloat16,cold,rotate,138.596,138.529,138.926,138.680,0.183,5,831,83,303872,0.548,0.003955,false,2,6ddf1e0-dirty
tight_eager,4,151936,50,0.9,bfloat16,cold,rotate,165.110,164.334,165.207,164.899,0.413,5,734,73,1215488,2.193,0.013281,false,2,6ddf1e0-dirty
flashinfer,4,151936,50,0.9,bfloat16,cold,rotate,87.344,87.276,87.394,87.338,0.054,5,1302,130,1215488,2.193,0.025106,false,2,6ddf1e0-dirty
flashinfer_from_probs,4,151936,50,0.9,bfloat16,cold,rotate,74.378,74.329,74.425,74.382,0.042,5,1481,148,2430976,4.386,0.058964,false,2,6ddf1e0-dirty
fused_kernel,4,151936,50,0.9,bfloat16,cold,rotate,21.839,21.828,21.860,21.842,0.014,5,5000,500,1215488,2.193,0.100410,false,2,6ddf1e0-dirty
compile,4,151936,50,0.9,bfloat16,cold,rotate,153.904,153.761,154.446,154.013,0.319,5,734,73,1215488,2.193,0.014248,false,2,6ddf1e0-dirty
graph_eager,4,151936,50,0.9,bfloat16,cold,rotate_into_static,110.852,110.350,110.993,110.751,0.296,5,1084,108,1215488,2.193,0.019782,false,2,6ddf1e0-dirty
graph_compile,4,151936,50,0.9,bfloat16,cold,rotate_into_static,101.507,101.474,101.576,101.519,0.045,5,1172,117,1215488,2.193,0.021603,false,2,6ddf1e0-dirty
hf_eager,4,151936,50,0.9,bfloat16,cold,rotate,599.121,598.776,599.199,599.030,0.194,5,199,19,1215488,2.193,0.003660,false,2,6ddf1e0-dirty
ref_eager_fullsort,4,151936,50,0.9,bfloat16,cold,rotate,232.014,231.836,232.301,232.054,0.203,5,514,51,1215488,2.193,0.009451,false,2,6ddf1e0-dirty
tight_eager,8,151936,50,0.9,bfloat16,cold,rotate,170.038,169.736,170.059,169.961,0.163,5,699,69,2430976,4.386,0.025792,false,2,6ddf1e0-dirty
flashinfer,8,151936,50,0.9,bfloat16,cold,rotate,92.896,92.860,93.021,92.917,0.077,5,1263,126,2430976,4.386,0.047210,false,2,6ddf1e0-dirty
flashinfer_from_probs,8,151936,50,0.9,bfloat16,cold,rotate,75.139,74.929,75.282,75.099,0.157,5,1474,147,4861952,8.771,0.116734,false,2,6ddf1e0-dirty
fused_kernel,8,151936,50,0.9,bfloat16,cold,rotate,24.343,24.338,24.350,24.343,0.005,5,4937,493,2430976,4.386,0.180164,false,2,6ddf1e0-dirty
compile,8,151936,50,0.9,bfloat16,cold,rotate,154.011,153.562,154.529,154.071,0.422,5,730,73,2430976,4.386,0.028476,false,2,6ddf1e0-dirty
graph_eager,8,151936,50,0.9,bfloat16,cold,rotate_into_static,114.736,114.609,114.796,114.722,0.085,5,1033,103,2430976,4.386,0.038224,false,2,6ddf1e0-dirty
graph_compile,8,151936,50,0.9,bfloat16,cold,rotate_into_static,105.018,104.973,105.066,105.016,0.041,5,1121,112,2430976,4.386,0.041761,false,2,6ddf1e0-dirty
hf_eager,8,151936,50,0.9,bfloat16,cold,rotate,705.385,701.959,710.981,705.616,4.141,5,167,16,2430976,4.386,0.006217,false,2,6ddf1e0-dirty
ref_eager_fullsort,8,151936,50,0.9,bfloat16,cold,rotate,345.255,337.563,346.034,343.351,4.188,5,360,36,2430976,4.386,0.012703,false,2,6ddf1e0-dirty
tight_eager,16,151936,50,0.9,bfloat16,cold,rotate,187.240,187.177,187.376,187.258,0.091,5,635,63,4861952,8.771,0.046845,false,2,6ddf1e0-dirty
flashinfer,16,151936,50,0.9,bfloat16,cold,rotate,119.254,119.208,119.322,119.264,0.054,5,988,98,4861952,8.771,0.073552,false,2,6ddf1e0-dirty
flashinfer_from_probs,16,151936,50,0.9,bfloat16,cold,rotate,78.292,78.277,78.361,78.307,0.040,5,1456,145,9723904,17.543,0.224068,false,2,6ddf1e0-dirty
fused_kernel,16,151936,50,0.9,bfloat16,cold,rotate,28.857,28.749,28.883,28.835,0.063,5,3909,390,4861952,8.771,0.303962,false,2,6ddf1e0-dirty
compile,16,151936,50,0.9,bfloat16,cold,rotate,186.891,186.663,187.242,186.936,0.250,5,629,62,4861952,8.771,0.046933,false,2,6ddf1e0-dirty
graph_eager,16,151936,50,0.9,bfloat16,cold,rotate_into_static,132.033,131.487,132.123,131.913,0.309,5,911,91,4861952,8.771,0.066433,false,2,6ddf1e0-dirty
graph_compile,16,151936,50,0.9,bfloat16,cold,rotate_into_static,132.107,131.921,132.149,132.070,0.109,5,901,90,4861952,8.771,0.066396,false,2,6ddf1e0-dirty
hf_eager,16,151936,50,0.9,bfloat16,cold,rotate,1168.663,1167.815,1170.656,1168.906,1.306,5,102,10,4861952,8.771,0.007505,false,2,6ddf1e0-dirty
ref_eager_fullsort,16,151936,50,0.9,bfloat16,cold,rotate,703.344,700.498,703.433,702.591,1.522,5,172,17,4861952,8.771,0.012471,false,2,6ddf1e0-dirty
tight_eager,32,151936,50,0.9,bfloat16,cold,rotate,230.455,230.389,231.310,230.665,0.470,5,511,51,9723904,17.543,0.076122,false,2,6ddf1e0-dirty
flashinfer,32,151936,50,0.9,bfloat16,cold,rotate,193.395,191.435,193.449,192.901,1.074,5,632,63,9723904,17.543,0.090709,false,2,6ddf1e0-dirty
flashinfer_from_probs,32,151936,50,0.9,bfloat16,cold,rotate,127.611,127.575,127.648,127.613,0.032,5,926,92,19447808,35.085,0.274939,false,2,6ddf1e0-dirty
fused_kernel,32,151936,50,0.9,bfloat16,cold,rotate,41.812,41.095,41.884,41.614,0.379,5,2867,286,9723904,17.543,0.419563,false,2,6ddf1e0-dirty
compile,32,151936,50,0.9,bfloat16,cold,rotate,230.212,230.122,231.488,230.521,0.711,5,508,50,9723904,17.543,0.076202,false,2,6ddf1e0-dirty
graph_eager,32,151936,50,0.9,bfloat16,cold,rotate_into_static,190.790,188.469,190.923,190.189,1.249,5,647,64,9723904,17.543,0.091947,false,2,6ddf1e0-dirty
graph_compile,32,151936,50,0.9,bfloat16,cold,rotate_into_static,190.926,190.454,191.012,190.826,0.273,5,633,63,9723904,17.543,0.091882,false,2,6ddf1e0-dirty
hf_eager,32,151936,50,0.9,bfloat16,cold,rotate,2186.810,2185.993,2187.143,2186.602,0.537,5,54,10,9723904,17.543,0.008022,false,2,6ddf1e0-dirty
ref_eager_fullsort,32,151936,50,0.9,bfloat16,cold,rotate,1537.480,1537.099,1538.019,1537.546,0.397,5,78,10,9723904,17.543,0.011410,false,2,6ddf1e0-dirty
tight_eager,1,128256,20,0.9,bfloat16,hot,n/a,133.963,133.757,134.234,133.994,0.206,5,864,86,256512,0.463,0.003454,false,2,6ddf1e0-dirty
flashinfer,1,128256,20,0.9,bfloat16,hot,n/a,82.874,82.801,83.077,82.910,0.126,5,1346,134,256512,0.463,0.005584,false,2,6ddf1e0-dirty
flashinfer_from_probs,1,128256,20,0.9,bfloat16,hot,n/a,73.545,73.419,73.650,73.543,0.101,5,1534,153,513024,0.926,0.012585,false,2,6ddf1e0-dirty
fused_kernel,1,128256,20,0.9,bfloat16,hot,n/a,14.336,14.333,14.338,14.336,0.002,5,5000,500,256512,0.463,0.032280,false,2,6ddf1e0-dirty
compile,1,128256,20,0.9,bfloat16,hot,n/a,160.604,160.314,161.079,160.667,0.333,5,719,71,256512,0.463,0.002881,false,2,6ddf1e0-dirty
graph_eager,1,128256,20,0.9,bfloat16,hot,n/a,76.752,76.701,76.762,76.736,0.031,5,1546,154,256512,0.463,0.006029,false,2,6ddf1e0-dirty
graph_compile,1,128256,20,0.9,bfloat16,hot,n/a,83.745,83.717,83.752,83.740,0.017,5,1456,145,256512,0.463,0.005526,false,2,6ddf1e0-dirty
hf_eager,1,128256,20,0.9,bfloat16,hot,n/a,343.846,338.431,347.715,343.226,4.648,5,342,34,256512,0.463,0.001346,false,2,6ddf1e0-dirty
ref_eager_fullsort,1,128256,20,0.9,bfloat16,hot,n/a,136.432,135.878,136.565,136.332,0.333,5,843,84,256512,0.463,0.003392,false,2,6ddf1e0-dirty
tight_eager,32,128256,20,0.9,bfloat16,hot,n/a,202.256,201.778,202.368,202.161,0.280,5,591,59,8208384,14.809,0.073217,false,2,6ddf1e0-dirty
flashinfer,32,128256,20,0.9,bfloat16,hot,n/a,141.685,139.906,141.710,141.248,0.997,5,877,87,8208384,14.809,0.104517,false,2,6ddf1e0-dirty
flashinfer_from_probs,32,128256,20,0.9,bfloat16,hot,n/a,84.342,84.274,84.349,84.326,0.038,5,1400,140,16416768,29.617,0.351154,false,2,6ddf1e0-dirty
fused_kernel,32,128256,20,0.9,bfloat16,hot,n/a,24.324,23.175,24.444,24.035,0.623,5,5000,500,8208384,14.809,0.608793,false,2,6ddf1e0-dirty
compile,32,128256,20,0.9,bfloat16,hot,n/a,202.137,202.094,202.425,202.203,0.161,5,582,58,8208384,14.809,0.073260,false,2,6ddf1e0-dirty
graph_eager,32,128256,20,0.9,bfloat16,hot,n/a,149.880,148.393,149.887,149.495,0.810,5,813,81,8208384,14.809,0.098803,false,2,6ddf1e0-dirty
graph_compile,32,128256,20,0.9,bfloat16,hot,n/a,149.931,149.877,149.951,149.920,0.033,5,800,80,8208384,14.809,0.098769,false,2,6ddf1e0-dirty
hf_eager,32,128256,20,0.9,bfloat16,hot,n/a,1833.205,1832.548,1833.419,1833.040,0.420,5,65,10,8208384,14.809,0.008078,false,2,6ddf1e0-dirty
ref_eager_fullsort,32,128256,20,0.9,bfloat16,hot,n/a,1280.583,1280.112,1280.901,1280.518,0.386,5,93,10,8208384,14.809,0.011564,false,2,6ddf1e0-dirty
tight_eager,1,128256,20,0.95,bfloat16,hot,n/a,133.713,133.445,134.149,133.746,0.312,5,863,86,256512,0.463,0.003461,false,2,6ddf1e0-dirty
flashinfer,1,128256,20,0.95,bfloat16,hot,n/a,82.499,82.342,82.782,82.527,0.201,5,1337,133,256512,0.463,0.005609,false,2,6ddf1e0-dirty
flashinfer_from_probs,1,128256,20,0.95,bfloat16,hot,n/a,73.226,73.032,73.569,73.290,0.248,5,1544,154,513024,0.926,0.012639,false,2,6ddf1e0-dirty
fused_kernel,1,128256,20,0.95,bfloat16,hot,n/a,14.336,14.333,14.339,14.336,0.003,5,5000,500,256512,0.463,0.032280,false,2,6ddf1e0-dirty
compile,1,128256,20,0.95,bfloat16,hot,n/a,160.783,160.755,160.994,160.848,0.113,5,726,72,256512,0.463,0.002878,false,2,6ddf1e0-dirty
graph_eager,1,128256,20,0.95,bfloat16,hot,n/a,76.775,76.769,76.797,76.782,0.014,5,1542,154,256512,0.463,0.006028,false,2,6ddf1e0-dirty
graph_compile,1,128256,20,0.95,bfloat16,hot,n/a,76.698,76.679,76.741,76.707,0.028,5,1541,154,256512,0.463,0.006034,false,2,6ddf1e0-dirty
hf_eager,1,128256,20,0.95,bfloat16,hot,n/a,338.457,338.376,338.514,338.442,0.062,5,352,35,256512,0.463,0.001367,false,2,6ddf1e0-dirty
ref_eager_fullsort,1,128256,20,0.95,bfloat16,hot,n/a,136.230,136.129,136.311,136.217,0.081,5,845,84,256512,0.463,0.003397,false,2,6ddf1e0-dirty
tight_eager,32,128256,20,0.95,bfloat16,hot,n/a,201.679,200.321,201.766,201.358,0.759,5,598,59,8208384,14.809,0.073426,false,2,6ddf1e0-dirty
flashinfer,32,128256,20,0.95,bfloat16,hot,n/a,141.115,139.367,141.149,140.683,0.977,5,879,87,8208384,14.809,0.104940,false,2,6ddf1e0-dirty
flashinfer_from_probs,32,128256,20,0.95,bfloat16,hot,n/a,83.502,83.445,83.537,83.495,0.040,5,1410,141,16416768,29.617,0.354689,false,2,6ddf1e0-dirty
fused_kernel,32,128256,20,0.95,bfloat16,hot,n/a,24.708,23.281,24.815,24.330,0.758,5,5000,500,8208384,14.809,0.599341,false,2,6ddf1e0-dirty
compile,32,128256,20,0.95,bfloat16,hot,n/a,202.400,202.270,202.658,202.439,0.170,5,581,58,8208384,14.809,0.073165,false,2,6ddf1e0-dirty
graph_eager,32,128256,20,0.95,bfloat16,hot,n/a,149.860,148.211,149.882,149.435,0.900,5,813,81,8208384,14.809,0.098816,false,2,6ddf1e0-dirty
graph_compile,32,128256,20,0.95,bfloat16,hot,n/a,149.883,149.828,149.900,149.872,0.032,5,801,80,8208384,14.809,0.098800,false,2,6ddf1e0-dirty
hf_eager,32,128256,20,0.95,bfloat16,hot,n/a,1831.694,1830.747,1832.185,1831.526,0.703,5,65,10,8208384,14.809,0.008085,false,2,6ddf1e0-dirty
ref_eager_fullsort,32,128256,20,0.95,bfloat16,hot,n/a,1279.850,1279.164,1279.964,1279.691,0.385,5,93,10,8208384,14.809,0.011571,false,2,6ddf1e0-dirty
tight_eager,1,128256,50,0.9,bfloat16,hot,n/a,136.476,136.313,136.548,136.437,0.111,5,879,87,256512,0.463,0.003391,false,2,6ddf1e0-dirty
flashinfer,1,128256,50,0.9,bfloat16,hot,n/a,82.068,82.012,82.498,82.200,0.233,5,1350,135,256512,0.463,0.005639,false,2,6ddf1e0-dirty
flashinfer_from_probs,1,128256,50,0.9,bfloat16,hot,n/a,73.203,73.011,73.302,73.174,0.127,5,1515,151,513024,0.926,0.012643,false,2,6ddf1e0-dirty
fused_kernel,1,128256,50,0.9,bfloat16,hot,n/a,18.976,18.968,18.997,18.980,0.013,5,5000,500,256512,0.463,0.024388,false,2,6ddf1e0-dirty
compile,1,128256,50,0.9,bfloat16,hot,n/a,158.141,157.978,158.343,158.156,0.163,5,738,73,256512,0.463,0.002926,false,2,6ddf1e0-dirty
graph_eager,1,128256,50,0.9,bfloat16,hot,n/a,77.852,77.826,77.861,77.848,0.016,5,1544,154,256512,0.463,0.005944,false,2,6ddf1e0-dirty
graph_compile,1,128256,50,0.9,bfloat16,hot,n/a,83.845,78.878,83.861,82.436,2.572,5,1435,143,256512,0.463,0.005519,false,2,6ddf1e0-dirty
hf_eager,1,128256,50,0.9,bfloat16,hot,n/a,340.224,340.204,340.380,340.276,0.086,5,350,35,256512,0.463,0.001360,false,2,6ddf1e0-dirty
ref_eager_fullsort,1,128256,50,0.9,bfloat16,hot,n/a,135.858,135.414,136.201,135.784,0.355,5,840,84,256512,0.463,0.003406,false,2,6ddf1e0-dirty
tight_eager,32,128256,50,0.9,bfloat16,hot,n/a,201.494,200.708,201.856,201.374,0.508,5,593,59,8208384,14.809,0.073494,false,2,6ddf1e0-dirty
flashinfer,32,128256,50,0.9,bfloat16,hot,n/a,141.748,139.939,141.785,141.299,1.008,5,882,88,8208384,14.809,0.104471,false,2,6ddf1e0-dirty
flashinfer_from_probs,32,128256,50,0.9,bfloat16,hot,n/a,82.741,82.707,82.750,82.736,0.021,5,1415,141,16416768,29.617,0.357951,false,2,6ddf1e0-dirty
fused_kernel,32,128256,50,0.9,bfloat16,hot,n/a,27.717,26.786,27.851,27.484,0.511,5,4495,449,8208384,14.809,0.534279,false,2,6ddf1e0-dirty
compile,32,128256,50,0.9,bfloat16,hot,n/a,202.342,202.195,203.550,202.707,0.640,5,576,57,8208384,14.809,0.073186,false,2,6ddf1e0-dirty
graph_eager,32,128256,50,0.9,bfloat16,hot,n/a,149.887,148.495,149.978,149.566,0.790,5,811,81,8208384,14.809,0.098798,false,2,6ddf1e0-dirty
graph_compile,32,128256,50,0.9,bfloat16,hot,n/a,149.951,149.902,150.017,149.956,0.051,5,797,79,8208384,14.809,0.098756,false,2,6ddf1e0-dirty
hf_eager,32,128256,50,0.9,bfloat16,hot,n/a,1832.162,1831.961,1832.381,1832.153,0.184,5,65,10,8208384,14.809,0.008083,false,2,6ddf1e0-dirty
ref_eager_fullsort,32,128256,50,0.9,bfloat16,hot,n/a,1280.043,1279.694,1280.197,1279.972,0.221,5,93,10,8208384,14.809,0.011569,false,2,6ddf1e0-dirty
tight_eager,1,128256,50,0.95,bfloat16,hot,n/a,136.603,135.848,136.799,136.385,0.436,5,875,87,256512,0.463,0.003388,false,2,6ddf1e0-dirty
flashinfer,1,128256,50,0.95,bfloat16,hot,n/a,82.107,82.065,82.390,82.170,0.161,5,1328,132,256512,0.463,0.005636,false,2,6ddf1e0-dirty
flashinfer_from_probs,1,128256,50,0.95,bfloat16,hot,n/a,73.550,73.385,73.744,73.563,0.157,5,1532,153,513024,0.926,0.012584,false,2,6ddf1e0-dirty
fused_kernel,1,128256,50,0.95,bfloat16,hot,n/a,20.141,20.126,20.151,20.140,0.011,5,5000,500,256512,0.463,0.022976,false,2,6ddf1e0-dirty
compile,1,128256,50,0.95,bfloat16,hot,n/a,158.132,157.903,158.365,158.137,0.199,5,738,73,256512,0.463,0.002926,false,2,6ddf1e0-dirty
graph_eager,1,128256,50,0.95,bfloat16,hot,n/a,78.015,77.993,78.037,78.016,0.021,5,1542,154,256512,0.463,0.005932,false,2,6ddf1e0-dirty
graph_compile,1,128256,50,0.95,bfloat16,hot,n/a,77.999,77.967,78.025,77.998,0.026,5,1534,153,256512,0.463,0.005933,false,2,6ddf1e0-dirty
hf_eager,1,128256,50,0.95,bfloat16,hot,n/a,340.265,340.183,340.522,340.318,0.152,5,349,34,256512,0.463,0.001360,false,2,6ddf1e0-dirty
ref_eager_fullsort,1,128256,50,0.95,bfloat16,hot,n/a,135.355,134.878,135.415,135.243,0.267,5,841,84,256512,0.463,0.003419,false,2,6ddf1e0-dirty
tight_eager,32,128256,50,0.95,bfloat16,hot,n/a,200.598,200.316,200.914,200.595,0.260,5,596,59,8208384,14.809,0.073822,false,2,6ddf1e0-dirty
flashinfer,32,128256,50,0.95,bfloat16,hot,n/a,141.175,139.410,141.243,140.754,0.997,5,886,88,8208384,14.809,0.104895,false,2,6ddf1e0-dirty
flashinfer_from_probs,32,128256,50,0.95,bfloat16,hot,n/a,82.245,82.235,82.288,82.253,0.025,5,1420,142,16416768,29.617,0.360107,false,2,6ddf1e0-dirty
fused_kernel,32,128256,50,0.95,bfloat16,hot,n/a,27.691,26.947,27.832,27.507,0.417,5,4420,442,8208384,14.809,0.534784,false,2,6ddf1e0-dirty
compile,32,128256,50,0.95,bfloat16,hot,n/a,201.565,201.527,202.691,201.915,0.570,5,582,58,8208384,14.809,0.073468,false,2,6ddf1e0-dirty
graph_eager,32,128256,50,0.95,bfloat16,hot,n/a,149.892,148.356,149.945,149.514,0.853,5,813,81,8208384,14.809,0.098795,false,2,6ddf1e0-dirty
graph_compile,32,128256,50,0.95,bfloat16,hot,n/a,149.927,149.868,149.940,149.914,0.034,5,801,80,8208384,14.809,0.098772,false,2,6ddf1e0-dirty
hf_eager,32,128256,50,0.95,bfloat16,hot,n/a,1830.750,1830.550,1831.543,1830.945,0.473,5,65,10,8208384,14.809,0.008089,false,2,6ddf1e0-dirty
ref_eager_fullsort,32,128256,50,0.95,bfloat16,hot,n/a,1279.702,1279.305,1279.794,1279.625,0.236,5,93,10,8208384,14.809,0.011572,false,2,6ddf1e0-dirty
tight_eager,1,128256,100,0.9,bfloat16,hot,n/a,136.666,136.652,136.755,136.684,0.051,5,876,87,256512,0.463,0.003386,false,2,6ddf1e0-dirty
flashinfer,1,128256,100,0.9,bfloat16,hot,n/a,82.074,81.968,82.199,82.090,0.104,5,1338,133,256512,0.463,0.005638,false,2,6ddf1e0-dirty
flashinfer_from_probs,1,128256,100,0.9,bfloat16,hot,n/a,73.491,73.464,73.567,73.510,0.050,5,1546,154,513024,0.926,0.012594,false,2,6ddf1e0-dirty
fused_kernel,1,128256,100,0.9,bfloat16,hot,n/a,22.833,22.822,22.841,22.832,0.008,5,5000,500,256512,0.463,0.020268,false,2,6ddf1e0-dirty
compile,1,128256,100,0.9,bfloat16,hot,n/a,157.622,157.523,157.850,157.653,0.148,5,735,73,256512,0.463,0.002936,false,2,6ddf1e0-dirty
graph_eager,1,128256,100,0.9,bfloat16,hot,n/a,78.319,78.303,78.428,78.346,0.060,5,1530,153,256512,0.463,0.005909,false,2,6ddf1e0-dirty
graph_compile,1,128256,100,0.9,bfloat16,hot,n/a,78.365,78.343,78.384,78.364,0.018,5,1516,151,256512,0.463,0.005905,false,2,6ddf1e0-dirty
hf_eager,1,128256,100,0.9,bfloat16,hot,n/a,339.472,339.382,340.137,339.610,0.389,5,350,35,256512,0.463,0.001363,false,2,6ddf1e0-dirty
ref_eager_fullsort,1,128256,100,0.9,bfloat16,hot,n/a,135.318,134.983,135.531,135.272,0.237,5,852,85,256512,0.463,0.003420,false,2,6ddf1e0-dirty
tight_eager,32,128256,100,0.9,bfloat16,hot,n/a,201.421,201.057,201.470,201.348,0.214,5,591,59,8208384,14.809,0.073520,false,2,6ddf1e0-dirty
flashinfer,32,128256,100,0.9,bfloat16,hot,n/a,141.788,140.227,141.824,141.401,0.868,5,870,87,8208384,14.809,0.104441,false,2,6ddf1e0-dirty
flashinfer_from_probs,32,128256,100,0.9,bfloat16,hot,n/a,84.504,84.470,84.508,84.492,0.020,5,1361,136,16416768,29.617,0.350484,false,2,6ddf1e0-dirty
fused_kernel,32,128256,100,0.9,bfloat16,hot,n/a,32.754,32.340,32.756,32.650,0.230,5,3703,370,8208384,14.809,0.452121,false,2,6ddf1e0-dirty
compile,32,128256,100,0.9,bfloat16,hot,n/a,202.012,201.713,203.160,202.253,0.668,5,574,57,8208384,14.809,0.073305,false,2,6ddf1e0-dirty
graph_eager,32,128256,100,0.9,bfloat16,hot,n/a,151.299,149.462,151.431,150.824,0.984,5,810,81,8208384,14.809,0.097876,false,2,6ddf1e0-dirty
graph_compile,32,128256,100,0.9,bfloat16,hot,n/a,151.476,151.263,151.500,151.424,0.117,5,791,79,8208384,14.809,0.097762,false,2,6ddf1e0-dirty
hf_eager,32,128256,100,0.9,bfloat16,hot,n/a,1827.031,1826.875,1827.320,1827.079,0.218,5,65,10,8208384,14.809,0.008105,false,2,6ddf1e0-dirty
ref_eager_fullsort,32,128256,100,0.9,bfloat16,hot,n/a,1278.070,1277.674,1278.407,1278.028,0.318,5,93,10,8208384,14.809,0.011587,false,2,6ddf1e0-dirty
tight_eager,1,128256,100,0.95,bfloat16,hot,n/a,136.692,136.629,136.774,136.702,0.066,5,876,87,256512,0.463,0.003385,false,2,6ddf1e0-dirty
flashinfer,1,128256,100,0.95,bfloat16,hot,n/a,82.193,82.084,82.356,82.218,0.129,5,1371,137,256512,0.463,0.005630,false,2,6ddf1e0-dirty
flashinfer_from_probs,1,128256,100,0.95,bfloat16,hot,n/a,73.593,73.363,73.777,73.577,0.187,5,1570,157,513024,0.926,0.012576,false,2,6ddf1e0-dirty
fused_kernel,1,128256,100,0.95,bfloat16,hot,n/a,23.426,23.391,23.437,23.420,0.021,5,4997,499,256512,0.463,0.019755,false,2,6ddf1e0-dirty
compile,1,128256,100,0.95,bfloat16,hot,n/a,159.120,158.755,159.337,159.074,0.253,5,730,73,256512,0.463,0.002908,false,2,6ddf1e0-dirty
graph_eager,1,128256,100,0.95,bfloat16,hot,n/a,78.309,78.280,78.331,78.308,0.023,5,1542,154,256512,0.463,0.005910,false,2,6ddf1e0-dirty
graph_compile,1,128256,100,0.95,bfloat16,hot,n/a,78.290,78.278,78.356,78.305,0.037,5,1539,153,256512,0.463,0.005911,false,2,6ddf1e0-dirty
hf_eager,1,128256,100,0.95,bfloat16,hot,n/a,339.364,339.248,339.503,339.369,0.111,5,351,35,256512,0.463,0.001364,false,2,6ddf1e0-dirty
ref_eager_fullsort,1,128256,100,0.95,bfloat16,hot,n/a,135.726,135.651,136.020,135.799,0.175,5,850,85,256512,0.463,0.003410,false,2,6ddf1e0-dirty
tight_eager,32,128256,100,0.95,bfloat16,hot,n/a,201.117,200.870,201.151,201.053,0.133,5,597,59,8208384,14.809,0.073632,false,2,6ddf1e0-dirty
flashinfer,32,128256,100,0.95,bfloat16,hot,n/a,141.242,139.614,141.379,140.865,0.925,5,871,87,8208384,14.809,0.104845,false,2,6ddf1e0-dirty
flashinfer_from_probs,32,128256,100,0.95,bfloat16,hot,n/a,83.702,83.673,83.764,83.714,0.040,5,1402,140,16416768,29.617,0.353842,false,2,6ddf1e0-dirty
fused_kernel,32,128256,100,0.95,bfloat16,hot,n/a,33.490,32.837,33.498,33.323,0.358,5,3606,360,8208384,14.809,0.442181,false,2,6ddf1e0-dirty
compile,32,128256,100,0.95,bfloat16,hot,n/a,201.088,200.885,202.332,201.357,0.710,5,574,57,8208384,14.809,0.073642,false,2,6ddf1e0-dirty
graph_eager,32,128256,100,0.95,bfloat16,hot,n/a,151.202,149.377,151.325,150.710,0.963,5,807,80,8208384,14.809,0.097939,false,2,6ddf1e0-dirty
graph_compile,32,128256,100,0.95,bfloat16,hot,n/a,151.381,151.194,151.422,151.347,0.112,5,791,79,8208384,14.809,0.097823,false,2,6ddf1e0-dirty
hf_eager,32,128256,100,0.95,bfloat16,hot,n/a,1826.365,1825.824,1826.851,1826.291,0.463,5,65,10,8208384,14.809,0.008108,false,2,6ddf1e0-dirty
ref_eager_fullsort,32,128256,100,0.95,bfloat16,hot,n/a,1277.570,1277.106,1278.298,1277.595,0.539,5,94,10,8208384,14.809,0.011591,false,2,6ddf1e0-dirty
tight_eager,1,151936,20,0.9,bfloat16,hot,n/a,134.252,134.125,134.503,134.306,0.175,5,857,85,303872,0.548,0.004083,false,2,6ddf1e0-dirty
flashinfer,1,151936,20,0.9,bfloat16,hot,n/a,83.818,83.765,84.321,83.941,0.276,5,1361,136,303872,0.548,0.006540,false,2,6ddf1e0-dirty
flashinfer_from_probs,1,151936,20,0.9,bfloat16,hot,n/a,73.420,73.251,73.448,73.369,0.092,5,1511,151,607744,1.096,0.014934,false,2,6ddf1e0-dirty
fused_kernel,1,151936,20,0.9,bfloat16,hot,n/a,16.345,16.339,16.346,16.343,0.003,5,5000,500,303872,0.548,0.033540,false,2,6ddf1e0-dirty
compile,1,151936,20,0.9,bfloat16,hot,n/a,161.581,160.929,162.026,161.564,0.497,5,722,72,303872,0.548,0.003393,false,2,6ddf1e0-dirty
graph_eager,1,151936,20,0.9,bfloat16,hot,n/a,81.393,81.382,81.407,81.395,0.011,5,1472,147,303872,0.548,0.006735,false,2,6ddf1e0-dirty
graph_compile,1,151936,20,0.9,bfloat16,hot,n/a,81.426,81.364,81.450,81.415,0.039,5,1478,147,303872,0.548,0.006733,false,2,6ddf1e0-dirty
hf_eager,1,151936,20,0.9,bfloat16,hot,n/a,322.949,322.382,323.326,322.895,0.427,5,373,37,303872,0.548,0.001698,false,2,6ddf1e0-dirty
ref_eager_fullsort,1,151936,20,0.9,bfloat16,hot,n/a,138.118,137.608,138.156,137.994,0.281,5,839,83,303872,0.548,0.003969,false,2,6ddf1e0-dirty
tight_eager,32,151936,20,0.9,bfloat16,hot,n/a,216.418,215.558,216.681,216.263,0.526,5,558,55,9723904,17.543,0.081059,false,2,6ddf1e0-dirty
flashinfer,32,151936,20,0.9,bfloat16,hot,n/a,173.842,170.639,174.177,173.038,1.736,5,709,70,9723904,17.543,0.100912,false,2,6ddf1e0-dirty
flashinfer_from_probs,32,151936,20,0.9,bfloat16,hot,n/a,102.810,102.803,102.872,102.831,0.034,5,1151,115,19447808,35.085,0.341264,false,2,6ddf1e0-dirty
fused_kernel,32,151936,20,0.9,bfloat16,hot,n/a,26.738,26.200,26.770,26.605,0.296,5,4698,469,9723904,17.543,0.656083,false,2,6ddf1e0-dirty
compile,32,151936,20,0.9,bfloat16,hot,n/a,218.368,217.921,219.747,218.676,0.838,5,538,53,9723904,17.543,0.080335,false,2,6ddf1e0-dirty
graph_eager,32,151936,20,0.9,bfloat16,hot,n/a,165.253,163.004,165.443,164.694,1.223,5,748,74,9723904,17.543,0.106156,false,2,6ddf1e0-dirty
graph_compile,32,151936,20,0.9,bfloat16,hot,n/a,170.146,169.027,170.228,169.833,0.584,5,704,70,9723904,17.543,0.103104,false,2,6ddf1e0-dirty
hf_eager,32,151936,20,0.9,bfloat16,hot,n/a,2193.740,2193.341,2194.767,2193.929,0.646,5,54,10,9723904,17.543,0.007997,false,2,6ddf1e0-dirty
ref_eager_fullsort,32,151936,20,0.9,bfloat16,hot,n/a,1533.261,1532.661,1533.584,1533.187,0.431,5,78,10,9723904,17.543,0.011441,false,2,6ddf1e0-dirty
tight_eager,1,151936,20,0.95,bfloat16,hot,n/a,133.314,133.161,133.567,133.366,0.191,5,857,85,303872,0.548,0.004112,false,2,6ddf1e0-dirty
flashinfer,1,151936,20,0.95,bfloat16,hot,n/a,84.216,84.160,84.251,84.205,0.043,5,1362,136,303872,0.548,0.006510,false,2,6ddf1e0-dirty
flashinfer_from_probs,1,151936,20,0.95,bfloat16,hot,n/a,73.039,72.793,73.148,73.008,0.161,5,1515,151,607744,1.096,0.015011,false,2,6ddf1e0-dirty
fused_kernel,1,151936,20,0.95,bfloat16,hot,n/a,16.348,16.348,16.349,16.348,0.001,5,5000,500,303872,0.548,0.033533,false,2,6ddf1e0-dirty
compile,1,151936,20,0.95,bfloat16,hot,n/a,161.387,161.184,161.731,161.411,0.250,5,714,71,303872,0.548,0.003397,false,2,6ddf1e0-dirty
graph_eager,1,151936,20,0.95,bfloat16,hot,n/a,81.419,81.257,81.437,81.381,0.090,5,1473,147,303872,0.548,0.006733,false,2,6ddf1e0-dirty
graph_compile,1,151936,20,0.95,bfloat16,hot,n/a,81.404,81.210,81.449,81.371,0.118,5,1483,148,303872,0.548,0.006734,false,2,6ddf1e0-dirty
hf_eager,1,151936,20,0.95,bfloat16,hot,n/a,322.803,322.607,323.522,322.976,0.413,5,369,36,303872,0.548,0.001698,false,2,6ddf1e0-dirty
ref_eager_fullsort,1,151936,20,0.95,bfloat16,hot,n/a,138.342,138.298,138.863,138.465,0.292,5,850,85,303872,0.548,0.003963,false,2,6ddf1e0-dirty
tight_eager,32,151936,20,0.95,bfloat16,hot,n/a,216.219,214.778,216.604,215.967,0.871,5,561,56,9723904,17.543,0.081134,false,2,6ddf1e0-dirty
flashinfer,32,151936,20,0.95,bfloat16,hot,n/a,173.797,170.544,174.126,172.965,1.752,5,711,71,9723904,17.543,0.100938,false,2,6ddf1e0-dirty
flashinfer_from_probs,32,151936,20,0.95,bfloat16,hot,n/a,102.110,102.056,102.148,102.102,0.042,5,1154,115,19447808,35.085,0.343605,false,2,6ddf1e0-dirty
fused_kernel,32,151936,20,0.95,bfloat16,hot,n/a,27.607,26.520,27.660,27.318,0.578,5,4638,463,9723904,17.543,0.635450,false,2,6ddf1e0-dirty
compile,32,151936,20,0.95,bfloat16,hot,n/a,217.575,217.080,218.546,217.710,0.659,5,540,54,9723904,17.543,0.080628,false,2,6ddf1e0-dirty
graph_eager,32,151936,20,0.95,bfloat16,hot,n/a,165.426,163.140,165.597,164.834,1.226,5,748,74,9723904,17.543,0.106045,false,2,6ddf1e0-dirty
graph_compile,32,151936,20,0.95,bfloat16,hot,n/a,165.616,165.212,165.735,165.550,0.250,5,723,72,9723904,17.543,0.105924,false,2,6ddf1e0-dirty
hf_eager,32,151936,20,0.95,bfloat16,hot,n/a,2194.507,2194.210,2195.089,2194.569,0.397,5,54,10,9723904,17.543,0.007994,false,2,6ddf1e0-dirty
ref_eager_fullsort,32,151936,20,0.95,bfloat16,hot,n/a,1533.236,1532.956,1533.426,1533.205,0.202,5,78,10,9723904,17.543,0.011442,false,2,6ddf1e0-dirty
tight_eager,1,151936,50,0.95,bfloat16,hot,n/a,136.185,136.040,136.451,136.219,0.180,5,862,86,303872,0.548,0.004025,false,2,6ddf1e0-dirty
flashinfer,1,151936,50,0.95,bfloat16,hot,n/a,83.847,83.806,83.914,83.856,0.047,5,1341,134,303872,0.548,0.006538,false,2,6ddf1e0-dirty
flashinfer_from_probs,1,151936,50,0.95,bfloat16,hot,n/a,73.533,73.270,73.720,73.513,0.205,5,1513,151,607744,1.096,0.014911,false,2,6ddf1e0-dirty
fused_kernel,1,151936,50,0.95,bfloat16,hot,n/a,20.253,20.240,20.260,20.251,0.009,5,5000,500,303872,0.548,0.027067,false,2,6ddf1e0-dirty
compile,1,151936,50,0.95,bfloat16,hot,n/a,160.601,160.523,160.846,160.651,0.146,5,724,72,303872,0.548,0.003413,false,2,6ddf1e0-dirty
graph_eager,1,151936,50,0.95,bfloat16,hot,n/a,81.544,81.500,81.577,81.543,0.034,5,1465,146,303872,0.548,0.006723,false,2,6ddf1e0-dirty
graph_compile,1,151936,50,0.95,bfloat16,hot,n/a,81.506,81.394,81.635,81.520,0.112,5,1471,147,303872,0.548,0.006726,false,2,6ddf1e0-dirty
hf_eager,1,151936,50,0.95,bfloat16,hot,n/a,324.880,324.647,325.345,324.966,0.333,5,368,36,303872,0.548,0.001687,false,2,6ddf1e0-dirty
ref_eager_fullsort,1,151936,50,0.95,bfloat16,hot,n/a,138.593,138.231,138.902,138.609,0.305,5,838,83,303872,0.548,0.003956,false,2,6ddf1e0-dirty
tight_eager,32,151936,50,0.95,bfloat16,hot,n/a,216.056,214.900,216.877,216.058,0.894,5,555,55,9723904,17.543,0.081195,false,2,6ddf1e0-dirty
flashinfer,32,151936,50,0.95,bfloat16,hot,n/a,174.421,171.400,174.835,173.736,1.695,5,706,70,9723904,17.543,0.100576,false,2,6ddf1e0-dirty
flashinfer_from_probs,32,151936,50,0.95,bfloat16,hot,n/a,100.716,100.710,100.759,100.729,0.023,5,1172,117,19447808,35.085,0.348361,false,2,6ddf1e0-dirty
fused_kernel,32,151936,50,0.95,bfloat16,hot,n/a,30.728,30.619,30.732,30.701,0.060,5,3901,390,9723904,17.543,0.570911,false,2,6ddf1e0-dirty
compile,32,151936,50,0.95,bfloat16,hot,n/a,219.369,218.819,220.538,219.564,0.784,5,536,53,9723904,17.543,0.079969,false,2,6ddf1e0-dirty
graph_eager,32,151936,50,0.95,bfloat16,hot,n/a,165.897,163.827,166.297,165.408,1.155,5,740,74,9723904,17.543,0.105744,false,2,6ddf1e0-dirty
graph_compile,32,151936,50,0.95,bfloat16,hot,n/a,166.176,165.689,166.227,166.068,0.281,5,719,71,9723904,17.543,0.105567,false,2,6ddf1e0-dirty
hf_eager,32,151936,50,0.95,bfloat16,hot,n/a,2195.503,2195.125,2196.799,2195.846,0.781,5,54,10,9723904,17.543,0.007990,false,2,6ddf1e0-dirty
ref_eager_fullsort,32,151936,50,0.95,bfloat16,hot,n/a,1534.298,1534.170,1534.527,1534.340,0.155,5,78,10,9723904,17.543,0.011434,false,2,6ddf1e0-dirty
tight_eager,1,151936,100,0.9,bfloat16,hot,n/a,136.528,136.492,136.628,136.541,0.065,5,859,85,303872,0.548,0.004015,false,2,6ddf1e0-dirty
flashinfer,1,151936,100,0.9,bfloat16,hot,n/a,84.648,84.609,84.697,84.652,0.038,5,1351,135,303872,0.548,0.006476,false,2,6ddf1e0-dirty
flashinfer_from_probs,1,151936,100,0.9,bfloat16,hot,n/a,73.317,73.136,73.541,73.303,0.187,5,1515,151,607744,1.096,0.014955,false,2,6ddf1e0-dirty
fused_kernel,1,151936,100,0.9,bfloat16,hot,n/a,24.092,24.081,24.117,24.097,0.016,5,4933,493,303872,0.548,0.022754,false,2,6ddf1e0-dirty
compile,1,151936,100,0.9,bfloat16,hot,n/a,158.699,158.633,158.871,158.743,0.111,5,729,72,303872,0.548,0.003454,false,2,6ddf1e0-dirty
graph_eager,1,151936,100,0.9,bfloat16,hot,n/a,81.889,81.813,81.981,81.899,0.076,5,1463,146,303872,0.548,0.006695,false,2,6ddf1e0-dirty
graph_compile,1,151936,100,0.9,bfloat16,hot,n/a,82.069,81.804,82.105,81.994,0.144,5,1476,147,303872,0.548,0.006680,false,2,6ddf1e0-dirty
hf_eager,1,151936,100,0.9,bfloat16,hot,n/a,324.852,324.646,325.331,324.962,0.316,5,367,36,303872,0.548,0.001688,false,2,6ddf1e0-dirty
ref_eager_fullsort,1,151936,100,0.9,bfloat16,hot,n/a,138.906,138.522,139.010,138.834,0.231,5,842,84,303872,0.548,0.003947,false,2,6ddf1e0-dirty
tight_eager,32,151936,100,0.9,bfloat16,hot,n/a,215.786,215.424,216.402,215.920,0.437,5,557,55,9723904,17.543,0.081297,false,2,6ddf1e0-dirty
flashinfer,32,151936,100,0.9,bfloat16,hot,n/a,176.442,172.802,176.534,175.447,1.914,5,707,70,9723904,17.543,0.099424,false,2,6ddf1e0-dirty
flashinfer_from_probs,32,151936,100,0.9,bfloat16,hot,n/a,103.019,102.997,103.021,103.012,0.012,5,1146,114,19447808,35.085,0.340573,false,2,6ddf1e0-dirty
fused_kernel,32,151936,100,0.9,bfloat16,hot,n/a,34.824,34.802,34.833,34.820,0.014,5,3387,338,9723904,17.543,0.503753,false,2,6ddf1e0-dirty
compile,32,151936,100,0.9,bfloat16,hot,n/a,218.009,217.446,219.900,218.349,1.142,5,534,53,9723904,17.543,0.080468,false,2,6ddf1e0-dirty
graph_eager,32,151936,100,0.9,bfloat16,hot,n/a,167.211,165.208,167.316,166.670,1.058,5,736,73,9723904,17.543,0.104914,false,2,6ddf1e0-dirty
graph_compile,32,151936,100,0.9,bfloat16,hot,n/a,167.447,167.033,167.505,167.345,0.228,5,722,72,9723904,17.543,0.104766,false,2,6ddf1e0-dirty
hf_eager,32,151936,100,0.9,bfloat16,hot,n/a,2193.769,2193.620,2194.691,2194.045,0.505,5,54,10,9723904,17.543,0.007997,false,2,6ddf1e0-dirty
ref_eager_fullsort,32,151936,100,0.9,bfloat16,hot,n/a,1533.947,1533.247,1535.002,1534.182,0.819,5,78,10,9723904,17.543,0.011436,false,2,6ddf1e0-dirty
tight_eager,1,151936,100,0.95,bfloat16,hot,n/a,136.246,136.057,136.410,136.237,0.154,5,872,87,303872,0.548,0.004024,false,2,6ddf1e0-dirty
flashinfer,1,151936,100,0.95,bfloat16,hot,n/a,84.508,84.485,84.569,84.518,0.038,5,1353,135,303872,0.548,0.006487,false,2,6ddf1e0-dirty
flashinfer_from_probs,1,151936,100,0.95,bfloat16,hot,n/a,73.171,73.055,73.302,73.190,0.112,5,1508,150,607744,1.096,0.014984,false,2,6ddf1e0-dirty
fused_kernel,1,151936,100,0.95,bfloat16,hot,n/a,25.274,25.232,25.287,25.261,0.027,5,4606,460,303872,0.548,0.021691,false,2,6ddf1e0-dirty
compile,1,151936,100,0.95,bfloat16,hot,n/a,158.696,158.465,159.121,158.764,0.291,5,726,72,303872,0.548,0.003454,false,2,6ddf1e0-dirty
graph_eager,1,151936,100,0.95,bfloat16,hot,n/a,82.053,81.957,82.259,82.085,0.134,5,1461,146,303872,0.548,0.006681,false,2,6ddf1e0-dirty
graph_compile,1,151936,100,0.95,bfloat16,hot,n/a,82.332,82.064,82.459,82.290,0.177,5,1462,146,303872,0.548,0.006659,false,2,6ddf1e0-dirty
hf_eager,1,151936,100,0.95,bfloat16,hot,n/a,324.817,324.690,325.594,325.026,0.423,5,366,36,303872,0.548,0.001688,false,2,6ddf1e0-dirty
ref_eager_fullsort,1,151936,100,0.95,bfloat16,hot,n/a,138.437,138.393,138.992,138.629,0.296,5,840,84,303872,0.548,0.003960,false,2,6ddf1e0-dirty
tight_eager,32,151936,100,0.95,bfloat16,hot,n/a,215.674,215.116,216.261,215.705,0.508,5,552,55,9723904,17.543,0.081339,false,2,6ddf1e0-dirty
flashinfer,32,151936,100,0.95,bfloat16,hot,n/a,175.968,172.661,176.133,175.135,1.798,5,708,70,9723904,17.543,0.099693,false,2,6ddf1e0-dirty
flashinfer_from_probs,32,151936,100,0.95,bfloat16,hot,n/a,102.321,102.310,102.333,102.321,0.010,5,1150,115,19447808,35.085,0.342897,false,2,6ddf1e0-dirty
fused_kernel,32,151936,100,0.95,bfloat16,hot,n/a,35.768,35.427,35.822,35.679,0.185,5,3348,334,9723904,17.543,0.490458,false,2,6ddf1e0-dirty
compile,32,151936,100,0.95,bfloat16,hot,n/a,218.679,218.184,221.154,219.300,1.384,5,538,53,9723904,17.543,0.080221,false,2,6ddf1e0-dirty
graph_eager,32,151936,100,0.95,bfloat16,hot,n/a,167.258,165.236,167.366,166.725,1.076,5,741,74,9723904,17.543,0.104884,false,2,6ddf1e0-dirty
graph_compile,32,151936,100,0.95,bfloat16,hot,n/a,167.297,166.983,167.480,167.282,0.228,5,722,72,9723904,17.543,0.104859,false,2,6ddf1e0-dirty
hf_eager,32,151936,100,0.95,bfloat16,hot,n/a,2193.631,2193.278,2194.614,2193.826,0.595,5,54,10,9723904,17.543,0.007997,false,2,6ddf1e0-dirty
ref_eager_fullsort,32,151936,100,0.95,bfloat16,hot,n/a,1533.747,1533.321,1534.465,1533.902,0.535,5,78,10,9723904,17.543,0.011438,false,2,6ddf1e0-dirty
