impl,batch,vocab,top_k,top_p,dtype,residency,cold_method,median_us,p05_us,p95_us,mean_us,stdev_us,reps,iters,warmup,logits_bytes,dram_floor_us,floor_frac_of_latency,validation_in_timed_region,round,git_commit
hf_eager,1,151936,50,0.9,float16,hot,n/a,344.238,344.074,344.296,344.197,0.108,5,347,34,303872,0.550,0.001596,false,0,d544983-dirty
ref_eager_fullsort,1,151936,50,0.9,float16,hot,n/a,146.466,146.395,146.711,146.517,0.144,5,807,80,303872,0.550,0.003752,false,0,d544983-dirty
tight_eager,1,151936,50,0.9,float16,hot,n/a,143.599,143.505,143.616,143.580,0.055,5,821,82,303872,0.550,0.003827,false,0,d544983-dirty
flashinfer,1,151936,50,0.9,float16,hot,n/a,90.645,90.577,90.775,90.659,0.089,5,1020,102,303872,0.550,0.006062,false,0,d544983-dirty
flashinfer_from_probs,1,151936,50,0.9,float16,hot,n/a,74.223,74.070,74.296,74.202,0.100,5,1501,150,607744,1.099,0.014807,false,0,d544983-dirty
fused_kernel,1,151936,50,0.9,float16,hot,n/a,21.444,21.443,21.455,21.447,0.006,5,5000,500,303872,0.550,0.025625,false,0,d544983-dirty
compile,1,151936,50,0.9,float16,hot,n/a,161.151,160.459,172.179,163.725,6.249,5,705,70,303872,0.550,0.003410,false,0,d544983-dirty
graph_eager,1,151936,50,0.9,float16,hot,n/a,85.423,85.420,85.583,85.484,0.087,5,1399,139,303872,0.550,0.006433,false,0,d544983-dirty
graph_compile,1,151936,50,0.9,float16,hot,n/a,71.489,71.447,71.625,71.513,0.083,5,1666,166,303872,0.550,0.007687,false,0,d544983-dirty
hf_eager,4,151936,50,0.9,float16,hot,n/a,598.250,598.005,598.558,598.291,0.246,5,199,19,1215488,2.198,0.003674,false,0,d544983-dirty
ref_eager_fullsort,4,151936,50,0.9,float16,hot,n/a,233.869,233.689,233.985,233.847,0.128,5,506,50,1215488,2.198,0.009399,false,0,d544983-dirty
tight_eager,4,151936,50,0.9,float16,hot,n/a,164.108,164.045,164.237,164.131,0.093,5,728,72,1215488,2.198,0.013394,false,0,d544983-dirty
flashinfer,4,151936,50,0.9,float16,hot,n/a,85.288,85.255,85.316,85.289,0.028,5,1309,130,1215488,2.198,0.025773,false,0,d544983-dirty
flashinfer_from_probs,4,151936,50,0.9,float16,hot,n/a,74.503,74.391,74.572,74.494,0.081,5,1493,149,2430976,4.396,0.059006,false,0,d544983-dirty
fused_kernel,4,151936,50,0.9,float16,hot,n/a,22.043,22.034,22.055,22.045,0.009,5,5000,500,1215488,2.198,0.099716,false,0,d544983-dirty
compile,4,151936,50,0.9,float16,hot,n/a,154.846,154.243,155.681,154.817,0.670,5,720,72,1215488,2.198,0.014195,false,0,d544983-dirty
graph_eager,4,151936,50,0.9,float16,hot,n/a,103.452,103.112,103.500,103.369,0.187,5,1176,117,1215488,2.198,0.021247,false,0,d544983-dirty
graph_compile,4,151936,50,0.9,float16,hot,n/a,94.508,94.325,94.568,94.472,0.109,5,1276,127,1215488,2.198,0.023258,false,0,d544983-dirty
hf_eager,8,151936,50,0.9,float16,hot,n/a,696.632,696.084,702.674,698.029,3.384,5,169,16,2430976,4.396,0.006311,false,0,d544983-dirty
ref_eager_fullsort,8,151936,50,0.9,float16,hot,n/a,349.074,343.044,351.066,347.850,3.687,5,351,35,2430976,4.396,0.012594,false,0,d544983-dirty
tight_eager,8,151936,50,0.9,float16,hot,n/a,165.977,165.877,166.059,165.966,0.082,5,725,72,2430976,4.396,0.026487,false,0,d544983-dirty
flashinfer,8,151936,50,0.9,float16,hot,n/a,90.428,90.394,90.497,90.439,0.045,5,1297,129,2430976,4.396,0.048615,false,0,d544983-dirty
flashinfer_from_probs,8,151936,50,0.9,float16,hot,n/a,75.215,75.180,75.312,75.229,0.062,5,1467,146,4861952,8.792,0.116896,false,0,d544983-dirty
fused_kernel,8,151936,50,0.9,float16,hot,n/a,20.962,20.950,20.976,20.961,0.012,5,5000,500,2430976,4.396,0.209716,false,0,d544983-dirty
compile,8,151936,50,0.9,float16,hot,n/a,155.283,155.036,155.389,155.249,0.162,5,720,72,2430976,4.396,0.028311,false,0,d544983-dirty
graph_eager,8,151936,50,0.9,float16,hot,n/a,107.159,106.810,107.197,107.081,0.198,5,1133,113,2430976,4.396,0.041024,false,0,d544983-dirty
graph_compile,8,151936,50,0.9,float16,hot,n/a,97.715,97.679,97.742,97.714,0.027,5,1248,124,2430976,4.396,0.044990,false,0,d544983-dirty
hf_eager,16,151936,50,0.9,float16,hot,n/a,1174.641,1174.001,1176.799,1175.031,1.316,5,101,10,4861952,8.792,0.007485,false,0,d544983-dirty
ref_eager_fullsort,16,151936,50,0.9,float16,hot,n/a,689.293,685.242,689.545,688.319,2.263,5,176,17,4861952,8.792,0.012756,false,0,d544983-dirty
tight_eager,16,151936,50,0.9,float16,hot,n/a,182.553,182.077,182.821,182.511,0.333,5,655,65,4861952,8.792,0.048163,false,0,d544983-dirty
flashinfer,16,151936,50,0.9,float16,hot,n/a,114.901,114.891,115.095,114.954,0.102,5,1037,103,4861952,8.792,0.076521,false,0,d544983-dirty
flashinfer_from_probs,16,151936,50,0.9,float16,hot,n/a,74.965,74.928,75.104,74.996,0.080,5,1451,145,9723904,17.585,0.234572,false,0,d544983-dirty
fused_kernel,16,151936,50,0.9,float16,hot,n/a,23.247,23.214,23.272,23.245,0.025,5,5000,500,4861952,8.792,0.378210,false,0,d544983-dirty
compile,16,151936,50,0.9,float16,hot,n/a,157.092,154.799,157.381,156.539,1.261,5,732,73,4861952,8.792,0.055969,false,0,d544983-dirty
graph_eager,16,151936,50,0.9,float16,hot,n/a,121.468,121.367,121.503,121.453,0.064,5,991,99,4861952,8.792,0.072384,false,0,d544983-dirty
graph_compile,16,151936,50,0.9,float16,hot,n/a,114.671,114.599,114.690,114.658,0.044,5,1057,105,4861952,8.792,0.076674,false,0,d544983-dirty
hf_eager,32,151936,50,0.9,float16,hot,n/a,2182.281,2181.552,2209.301,2190.839,13.635,5,54,10,9723904,17.585,0.008058,false,0,d544983-dirty
ref_eager_fullsort,32,151936,50,0.9,float16,hot,n/a,1530.707,1529.880,1531.279,1530.697,0.635,5,78,10,9723904,17.585,0.011488,false,0,d544983-dirty
tight_eager,32,151936,50,0.9,float16,hot,n/a,216.756,216.582,218.396,217.227,0.860,5,541,54,9723904,17.585,0.081126,false,0,d544983-dirty
flashinfer,32,151936,50,0.9,float16,hot,n/a,172.875,169.869,173.296,172.104,1.636,5,709,70,9723904,17.585,0.101719,false,0,d544983-dirty
flashinfer_from_probs,32,151936,50,0.9,float16,hot,n/a,101.183,101.150,101.197,101.176,0.021,5,1173,117,19447808,35.169,0.347580,false,0,d544983-dirty
fused_kernel,32,151936,50,0.9,float16,hot,n/a,30.767,30.712,30.772,30.754,0.031,5,3839,383,9723904,17.585,0.571551,false,0,d544983-dirty
compile,32,151936,50,0.9,float16,hot,n/a,189.768,188.643,190.016,189.563,0.674,5,621,62,9723904,17.585,0.092664,false,0,d544983-dirty
graph_eager,32,151936,50,0.9,float16,hot,n/a,165.059,164.345,165.172,164.889,0.396,5,732,73,9723904,17.585,0.106536,false,0,d544983-dirty
graph_compile,32,151936,50,0.9,float16,hot,n/a,149.994,149.565,150.022,149.892,0.241,5,801,80,9723904,17.585,0.117235,false,0,d544983-dirty
hf_eager,1,151936,50,0.9,float16,cold,rotate,325.005,324.736,325.471,325.084,0.321,5,368,36,303872,0.550,0.001691,false,0,d544983-dirty
ref_eager_fullsort,1,151936,50,0.9,float16,cold,rotate,140.959,140.511,141.533,140.989,0.446,5,823,82,303872,0.550,0.003898,false,0,d544983-dirty
tight_eager,1,151936,50,0.9,float16,cold,rotate,137.619,137.372,137.888,137.646,0.227,5,845,84,303872,0.550,0.003993,false,0,d544983-dirty
flashinfer,1,151936,50,0.9,float16,cold,rotate,85.437,85.345,85.524,85.435,0.077,5,1312,131,303872,0.550,0.006432,false,0,d544983-dirty
flashinfer_from_probs,1,151936,50,0.9,float16,cold,rotate,75.625,75.461,75.873,75.648,0.180,5,1453,145,607744,1.099,0.014533,false,0,d544983-dirty
fused_kernel,1,151936,50,0.9,float16,cold,rotate,20.782,20.770,20.794,20.783,0.011,5,5000,500,303872,0.550,0.026442,false,0,d544983-dirty
compile,1,151936,50,0.9,float16,cold,rotate,162.811,162.499,162.946,162.734,0.210,5,711,71,303872,0.550,0.003375,false,0,d544983-dirty
graph_eager,1,151936,50,0.9,float16,cold,rotate_into_static,82.966,82.938,82.977,82.959,0.019,5,1431,143,303872,0.550,0.006623,false,0,d544983-dirty
graph_compile,1,151936,50,0.9,float16,cold,rotate_into_static,72.727,72.674,72.777,72.723,0.045,5,1598,159,303872,0.550,0.007556,false,0,d544983-dirty
hf_eager,4,151936,50,0.9,float16,cold,rotate,598.625,598.463,598.726,598.616,0.118,5,200,20,1215488,2.198,0.003672,false,0,d544983-dirty
ref_eager_fullsort,4,151936,50,0.9,float16,cold,rotate,236.570,236.561,236.694,236.611,0.066,5,501,50,1215488,2.198,0.009291,false,0,d544983-dirty
tight_eager,4,151936,50,0.9,float16,cold,rotate,165.979,165.898,166.017,165.969,0.054,5,722,72,1215488,2.198,0.013243,false,0,d544983-dirty
flashinfer,4,151936,50,0.9,float16,cold,rotate,87.372,87.360,87.413,87.379,0.025,5,1328,132,1215488,2.198,0.025158,false,0,d544983-dirty
flashinfer_from_probs,4,151936,50,0.9,float16,cold,rotate,74.886,74.628,75.621,75.001,0.459,5,1449,144,2430976,4.396,0.058704,false,0,d544983-dirty
fused_kernel,4,151936,50,0.9,float16,cold,rotate,22.329,22.317,22.375,22.341,0.026,5,5000,500,1215488,2.198,0.098442,false,0,d544983-dirty
compile,4,151936,50,0.9,float16,cold,rotate,154.737,154.340,154.943,154.674,0.279,5,728,72,1215488,2.198,0.014205,false,0,d544983-dirty
graph_eager,4,151936,50,0.9,float16,cold,rotate_into_static,109.154,108.925,109.174,109.104,0.132,5,1103,110,1215488,2.198,0.020137,false,0,d544983-dirty
graph_compile,4,151936,50,0.9,float16,cold,rotate_into_static,100.782,100.737,100.818,100.780,0.036,5,1187,118,1215488,2.198,0.021810,false,0,d544983-dirty
hf_eager,8,151936,50,0.9,float16,cold,rotate,700.797,700.251,707.139,702.540,3.336,5,167,16,2430976,4.396,0.006273,false,0,d544983-dirty
ref_eager_fullsort,8,151936,50,0.9,float16,cold,rotate,353.525,346.403,353.593,351.511,3.690,5,347,34,2430976,4.396,0.012435,false,0,d544983-dirty
tight_eager,8,151936,50,0.9,float16,cold,rotate,168.913,168.793,169.043,168.910,0.108,5,705,70,2430976,4.396,0.026026,false,0,d544983-dirty
flashinfer,8,151936,50,0.9,float16,cold,rotate,92.861,92.751,92.886,92.832,0.061,5,1270,127,2430976,4.396,0.047341,false,0,d544983-dirty
flashinfer_from_probs,8,151936,50,0.9,float16,cold,rotate,75.245,75.085,75.799,75.365,0.330,5,1452,145,4861952,8.792,0.116850,false,0,d544983-dirty
fused_kernel,8,151936,50,0.9,float16,cold,rotate,23.941,23.894,23.953,23.932,0.028,5,4906,490,2430976,4.396,0.183624,false,0,d544983-dirty
compile,8,151936,50,0.9,float16,cold,rotate,155.313,154.919,155.758,155.357,0.365,5,725,72,2430976,4.396,0.028305,false,0,d544983-dirty
graph_eager,8,151936,50,0.9,float16,cold,rotate_into_static,114.658,114.467,114.820,114.646,0.152,5,1043,104,2430976,4.396,0.038342,false,0,d544983-dirty
graph_compile,8,151936,50,0.9,float16,cold,rotate_into_static,105.478,105.456,105.500,105.476,0.019,5,1134,113,2430976,4.396,0.041679,false,0,d544983-dirty
hf_eager,16,151936,50,0.9,float16,cold,rotate,1148.714,1148.280,1150.474,1148.993,1.089,5,103,10,4861952,8.792,0.007654,false,0,d544983-dirty
ref_eager_fullsort,16,151936,50,0.9,float16,cold,rotate,691.337,688.902,691.651,690.784,1.371,5,175,17,4861952,8.792,0.012718,false,0,d544983-dirty
tight_eager,16,151936,50,0.9,float16,cold,rotate,187.509,187.320,187.654,187.500,0.147,5,633,63,4861952,8.792,0.046890,false,0,d544983-dirty
flashinfer,16,151936,50,0.9,float16,cold,rotate,119.202,119.182,119.246,119.211,0.029,5,1004,100,4861952,8.792,0.073760,false,0,d544983-dirty
flashinfer_from_probs,16,151936,50,0.9,float16,cold,rotate,78.335,78.287,78.358,78.328,0.032,5,1459,145,9723904,17.585,0.224480,false,0,d544983-dirty
fused_kernel,16,151936,50,0.9,float16,cold,rotate,29.321,29.245,29.392,29.318,0.070,5,4080,408,4861952,8.792,0.299866,false,0,d544983-dirty
compile,16,151936,50,0.9,float16,cold,rotate,159.399,159.294,159.527,159.411,0.112,5,709,70,4861952,8.792,0.055159,false,0,d544983-dirty
graph_eager,16,151936,50,0.9,float16,cold,rotate_into_static,131.555,131.254,131.618,131.497,0.177,5,912,91,4861952,8.792,0.066834,false,0,d544983-dirty
graph_compile,16,151936,50,0.9,float16,cold,rotate_into_static,119.048,118.953,119.086,119.035,0.062,5,1004,100,4861952,8.792,0.073855,false,0,d544983-dirty
hf_eager,32,151936,50,0.9,float16,cold,rotate,2182.824,2182.633,2183.155,2182.876,0.234,5,54,10,9723904,17.585,0.008056,false,0,d544983-dirty
ref_eager_fullsort,32,151936,50,0.9,float16,cold,rotate,1538.292,1537.832,1539.927,1538.573,1.002,5,78,10,9723904,17.585,0.011431,false,0,d544983-dirty
tight_eager,32,151936,50,0.9,float16,cold,rotate,228.339,228.088,228.904,228.418,0.371,5,519,51,9723904,17.585,0.077011,false,0,d544983-dirty
flashinfer,32,151936,50,0.9,float16,cold,rotate,193.119,190.910,193.188,192.558,1.206,5,635,63,9723904,17.585,0.091056,false,0,d544983-dirty
flashinfer_from_probs,32,151936,50,0.9,float16,cold,rotate,127.614,127.575,127.645,127.612,0.031,5,918,91,19447808,35.169,0.275591,false,0,d544983-dirty
fused_kernel,32,151936,50,0.9,float16,cold,rotate,42.801,41.997,42.869,42.602,0.438,5,2789,278,9723904,17.585,0.410846,false,0,d544983-dirty
compile,32,151936,50,0.9,float16,cold,rotate,195.854,195.785,195.951,195.868,0.074,5,597,59,9723904,17.585,0.089784,false,0,d544983-dirty
graph_eager,32,151936,50,0.9,float16,cold,rotate_into_static,190.333,189.852,190.341,190.205,0.257,5,629,62,9723904,17.585,0.092389,false,0,d544983-dirty
graph_compile,32,151936,50,0.9,float16,cold,rotate_into_static,173.791,173.460,173.830,173.711,0.183,5,689,68,9723904,17.585,0.101182,false,0,d544983-dirty
hf_eager,1,151936,50,0.9,bfloat16,hot,n/a,325.295,324.916,325.459,325.249,0.252,5,368,36,303872,0.550,0.001689,false,0,d544983-dirty
ref_eager_fullsort,1,151936,50,0.9,bfloat16,hot,n/a,138.679,138.264,138.750,138.580,0.230,5,835,83,303872,0.550,0.003963,false,0,d544983-dirty
tight_eager,1,151936,50,0.9,bfloat16,hot,n/a,136.830,136.544,137.082,136.809,0.232,5,858,85,303872,0.550,0.004016,false,0,d544983-dirty
flashinfer,1,151936,50,0.9,bfloat16,hot,n/a,83.951,83.893,84.275,84.019,0.190,5,1333,133,303872,0.550,0.006546,false,0,d544983-dirty
flashinfer_from_probs,1,151936,50,0.9,bfloat16,hot,n/a,73.980,73.640,74.227,73.941,0.253,5,1484,148,607744,1.099,0.014856,false,0,d544983-dirty
fused_kernel,1,151936,50,0.9,bfloat16,hot,n/a,20.608,20.600,20.613,20.607,0.005,5,5000,500,303872,0.550,0.026665,false,0,d544983-dirty
compile,1,151936,50,0.9,bfloat16,hot,n/a,159.366,158.912,160.080,159.467,0.505,5,706,70,303872,0.550,0.003448,false,0,d544983-dirty
graph_eager,1,151936,50,0.9,bfloat16,hot,n/a,81.577,81.530,81.594,81.570,0.030,5,1470,147,303872,0.550,0.006736,false,0,d544983-dirty
graph_compile,1,151936,50,0.9,bfloat16,hot,n/a,71.823,71.781,71.842,71.817,0.027,5,1670,167,303872,0.550,0.007651,false,0,d544983-dirty
hf_eager,4,151936,50,0.9,bfloat16,hot,n/a,599.842,599.692,600.089,599.888,0.175,5,201,20,1215488,2.198,0.003664,false,0,d544983-dirty
ref_eager_fullsort,4,151936,50,0.9,bfloat16,hot,n/a,229.737,229.633,229.760,229.708,0.058,5,520,52,1215488,2.198,0.009568,false,0,d544983-dirty
tight_eager,4,151936,50,0.9,bfloat16,hot,n/a,164.621,164.569,164.761,164.648,0.085,5,728,72,1215488,2.198,0.013352,false,0,d544983-dirty
flashinfer,4,151936,50,0.9,bfloat16,hot,n/a,85.614,85.566,85.654,85.612,0.038,5,1332,133,1215488,2.198,0.025674,false,0,d544983-dirty
flashinfer_from_probs,4,151936,50,0.9,bfloat16,hot,n/a,74.879,74.675,75.047,74.849,0.169,5,1433,143,2430976,4.396,0.058710,false,0,d544983-dirty
fused_kernel,4,151936,50,0.9,bfloat16,hot,n/a,20.854,20.838,20.859,20.849,0.010,5,5000,500,1215488,2.198,0.105405,false,0,d544983-dirty
compile,4,151936,50,0.9,bfloat16,hot,n/a,153.865,153.464,154.079,153.810,0.273,5,727,72,1215488,2.198,0.014286,false,0,d544983-dirty
graph_eager,4,151936,50,0.9,bfloat16,hot,n/a,105.508,104.841,105.551,105.339,0.362,5,1162,116,1215488,2.198,0.020833,false,0,d544983-dirty
graph_compile,4,151936,50,0.9,bfloat16,hot,n/a,95.055,95.049,95.080,95.062,0.014,5,1258,125,1215488,2.198,0.023124,false,0,d544983-dirty
hf_eager,8,151936,50,0.9,bfloat16,hot,n/a,704.361,702.393,710.216,705.294,3.651,5,166,16,2430976,4.396,0.006241,false,0,d544983-dirty
ref_eager_fullsort,8,151936,50,0.9,bfloat16,hot,n/a,343.775,335.985,344.609,341.808,4.219,5,361,36,2430976,4.396,0.012788,false,0,d544983-dirty
tight_eager,8,151936,50,0.9,bfloat16,hot,n/a,167.104,167.002,167.197,167.092,0.087,5,707,70,2430976,4.396,0.026308,false,0,d544983-dirty
flashinfer,8,151936,50,0.9,bfloat16,hot,n/a,91.034,90.992,91.099,91.038,0.048,5,1302,130,2430976,4.396,0.048291,false,0,d544983-dirty
flashinfer_from_probs,8,151936,50,0.9,bfloat16,hot,n/a,75.642,75.519,75.876,75.686,0.165,5,1461,146,4861952,8.792,0.116236,false,0,d544983-dirty
fused_kernel,8,151936,50,0.9,bfloat16,hot,n/a,21.898,21.894,21.928,21.905,0.017,5,5000,500,2430976,4.396,0.200759,false,0,d544983-dirty
compile,8,151936,50,0.9,bfloat16,hot,n/a,153.641,153.201,154.109,153.679,0.415,5,730,73,2430976,4.396,0.028613,false,0,d544983-dirty
graph_eager,8,151936,50,0.9,bfloat16,hot,n/a,108.353,107.980,108.430,108.280,0.222,5,1117,111,2430976,4.396,0.040573,false,0,d544983-dirty
graph_compile,8,151936,50,0.9,bfloat16,hot,n/a,102.781,102.748,102.818,102.778,0.031,5,1172,117,2430976,4.396,0.042772,false,0,d544983-dirty
hf_eager,16,151936,50,0.9,bfloat16,hot,n/a,1189.240,1185.160,1205.136,1193.863,10.007,5,99,10,4861952,8.792,0.007393,false,0,d544983-dirty
ref_eager_fullsort,16,151936,50,0.9,bfloat16,hot,n/a,705.368,702.159,705.590,704.558,1.737,5,172,17,4861952,8.792,0.012465,false,0,d544983-dirty
tight_eager,16,151936,50,0.9,bfloat16,hot,n/a,183.044,182.971,183.207,183.070,0.104,5,652,65,4861952,8.792,0.048034,false,0,d544983-dirty
flashinfer,16,151936,50,0.9,bfloat16,hot,n/a,115.074,115.003,115.093,115.058,0.042,5,1047,104,4861952,8.792,0.076406,false,0,d544983-dirty
flashinfer_from_probs,16,151936,50,0.9,bfloat16,hot,n/a,74.834,74.767,74.916,74.848,0.068,5,1474,147,9723904,17.585,0.234981,false,0,d544983-dirty
fused_kernel,16,151936,50,0.9,bfloat16,hot,n/a,24.877,24.351,24.980,24.760,0.300,5,4883,488,4861952,8.792,0.353437,false,0,d544983-dirty
compile,16,151936,50,0.9,bfloat16,hot,n/a,183.490,183.348,184.156,183.625,0.390,5,639,63,4861952,8.792,0.047917,false,0,d544983-dirty
graph_eager,16,151936,50,0.9,bfloat16,hot,n/a,122.476,121.900,122.557,122.338,0.318,5,989,98,4861952,8.792,0.071788,false,0,d544983-dirty
graph_compile,16,151936,50,0.9,bfloat16,hot,n/a,122.616,122.363,122.662,122.569,0.151,5,976,97,4861952,8.792,0.071706,false,0,d544983-dirty
hf_eager,32,151936,50,0.9,bfloat16,hot,n/a,2191.011,2189.445,2191.167,2190.495,0.830,5,54,10,9723904,17.585,0.008026,false,0,d544983-dirty
ref_eager_fullsort,32,151936,50,0.9,bfloat16,hot,n/a,1536.523,1536.119,1536.809,1536.489,0.299,5,78,10,9723904,17.585,0.011444,false,0,d544983-dirty
tight_eager,32,151936,50,0.9,bfloat16,hot,n/a,219.174,218.979,219.821,219.284,0.396,5,538,53,9723904,17.585,0.080231,false,0,d544983-dirty
flashinfer,32,151936,50,0.9,bfloat16,hot,n/a,176.778,174.396,176.832,176.165,1.296,5,697,69,9723904,17.585,0.099473,false,0,d544983-dirty
flashinfer_from_probs,32,151936,50,0.9,bfloat16,hot,n/a,101.164,101.143,101.208,101.172,0.031,5,1178,117,19447808,35.169,0.347647,false,0,d544983-dirty
fused_kernel,32,151936,50,0.9,bfloat16,hot,n/a,32.761,31.828,32.782,32.513,0.497,5,3845,384,9723904,17.585,0.536752,false,0,d544983-dirty
compile,32,151936,50,0.9,bfloat16,hot,n/a,219.069,218.895,220.301,219.336,0.702,5,531,53,9723904,17.585,0.080270,false,0,d544983-dirty
graph_eager,32,151936,50,0.9,bfloat16,hot,n/a,168.072,166.259,168.198,167.633,1.000,5,731,73,9723904,17.585,0.104626,false,0,d544983-dirty
graph_compile,32,151936,50,0.9,bfloat16,hot,n/a,168.281,167.993,168.323,168.214,0.161,5,711,71,9723904,17.585,0.104496,false,0,d544983-dirty
hf_eager,1,151936,50,0.9,bfloat16,cold,rotate,325.388,325.093,325.566,325.332,0.208,5,367,36,303872,0.550,0.001689,false,0,d544983-dirty
ref_eager_fullsort,1,151936,50,0.9,bfloat16,cold,rotate,140.551,140.479,140.670,140.563,0.086,5,828,82,303872,0.550,0.003910,false,0,d544983-dirty
tight_eager,1,151936,50,0.9,bfloat16,cold,rotate,137.438,137.247,137.487,137.377,0.118,5,852,85,303872,0.550,0.003998,false,0,d544983-dirty
flashinfer,1,151936,50,0.9,bfloat16,cold,rotate,85.090,85.034,85.250,85.128,0.100,5,1319,131,303872,0.550,0.006458,false,0,d544983-dirty
flashinfer_from_probs,1,151936,50,0.9,bfloat16,cold,rotate,74.972,74.758,75.044,74.918,0.140,5,1473,147,607744,1.099,0.014659,false,0,d544983-dirty
fused_kernel,1,151936,50,0.9,bfloat16,cold,rotate,22.358,22.356,22.398,22.367,0.022,5,5000,500,303872,0.550,0.024578,false,0,d544983-dirty
compile,1,151936,50,0.9,bfloat16,cold,rotate,163.050,162.232,163.580,163.000,0.601,5,699,69,303872,0.550,0.003370,false,0,d544983-dirty
graph_eager,1,151936,50,0.9,bfloat16,cold,rotate_into_static,82.984,82.968,83.023,82.988,0.026,5,1421,142,303872,0.550,0.006622,false,0,d544983-dirty
graph_compile,1,151936,50,0.9,bfloat16,cold,rotate_into_static,73.063,73.025,73.093,73.057,0.031,5,1621,162,303872,0.550,0.007521,false,0,d544983-dirty
hf_eager,4,151936,50,0.9,bfloat16,cold,rotate,598.940,598.615,599.202,598.909,0.258,5,199,19,1215488,2.198,0.003670,false,0,d544983-dirty
ref_eager_fullsort,4,151936,50,0.9,bfloat16,cold,rotate,232.064,231.601,232.301,231.980,0.306,5,517,51,1215488,2.198,0.009472,false,0,d544983-dirty
tight_eager,4,151936,50,0.9,bfloat16,cold,rotate,165.794,165.724,165.895,165.801,0.078,5,731,73,1215488,2.198,0.013258,false,0,d544983-dirty
flashinfer,4,151936,50,0.9,bfloat16,cold,rotate,87.338,87.324,87.371,87.345,0.022,5,1331,133,1215488,2.198,0.025168,false,0,d544983-dirty
flashinfer_from_probs,4,151936,50,0.9,bfloat16,cold,rotate,74.927,74.814,75.102,74.960,0.129,5,1450,145,2430976,4.396,0.058672,false,0,d544983-dirty
fused_kernel,4,151936,50,0.9,bfloat16,cold,rotate,22.775,22.773,22.785,22.777,0.005,5,5000,500,1215488,2.198,0.096513,false,0,d544983-dirty
compile,4,151936,50,0.9,bfloat16,cold,rotate,154.761,154.399,155.104,154.786,0.311,5,729,72,1215488,2.198,0.014203,false,0,d544983-dirty
graph_eager,4,151936,50,0.9,bfloat16,cold,rotate_into_static,110.804,110.048,110.865,110.590,0.394,5,1086,108,1215488,2.198,0.019838,false,0,d544983-dirty
graph_compile,4,151936,50,0.9,bfloat16,cold,rotate_into_static,100.902,100.854,100.940,100.895,0.039,5,1181,118,1215488,2.198,0.021784,false,0,d544983-dirty
hf_eager,8,151936,50,0.9,bfloat16,cold,rotate,703.460,701.079,710.061,704.532,4.103,5,167,16,2430976,4.396,0.006249,false,0,d544983-dirty
ref_eager_fullsort,8,151936,50,0.9,bfloat16,cold,rotate,343.966,336.439,344.916,342.112,4.113,5,359,35,2430976,4.396,0.012781,false,0,d544983-dirty
tight_eager,8,151936,50,0.9,bfloat16,cold,rotate,169.076,168.965,169.111,169.050,0.067,5,703,70,2430976,4.396,0.026001,false,0,d544983-dirty
flashinfer,8,151936,50,0.9,bfloat16,cold,rotate,93.033,92.956,93.045,93.009,0.042,5,1258,125,2430976,4.396,0.047254,false,0,d544983-dirty
flashinfer_from_probs,8,151936,50,0.9,bfloat16,cold,rotate,75.323,75.107,75.410,75.288,0.136,5,1440,144,4861952,8.792,0.116728,false,0,d544983-dirty
fused_kernel,8,151936,50,0.9,bfloat16,cold,rotate,24.972,24.965,24.985,24.975,0.009,5,4770,477,2430976,4.396,0.176046,false,0,d544983-dirty
compile,8,151936,50,0.9,bfloat16,cold,rotate,154.357,154.180,155.150,154.608,0.468,5,734,73,2430976,4.396,0.028481,false,0,d544983-dirty
graph_eager,8,151936,50,0.9,bfloat16,cold,rotate_into_static,115.519,115.295,115.584,115.471,0.133,5,1016,101,2430976,4.396,0.038056,false,0,d544983-dirty
graph_compile,8,151936,50,0.9,bfloat16,cold,rotate_into_static,105.621,105.468,105.651,105.590,0.089,5,1129,112,2430976,4.396,0.041622,false,0,d544983-dirty
hf_eager,16,151936,50,0.9,bfloat16,cold,rotate,1152.332,1151.531,1154.480,1152.694,1.333,5,103,10,4861952,8.792,0.007630,false,0,d544983-dirty
ref_eager_fullsort,16,151936,50,0.9,bfloat16,cold,rotate,703.117,700.300,704.222,702.737,1.834,5,172,17,4861952,8.792,0.012505,false,0,d544983-dirty
tight_eager,16,151936,50,0.9,bfloat16,cold,rotate,186.616,186.428,186.806,186.606,0.164,5,630,63,4861952,8.792,0.047115,false,0,d544983-dirty
flashinfer,16,151936,50,0.9,bfloat16,cold,rotate,118.992,118.921,119.005,118.974,0.040,5,1004,100,4861952,8.792,0.073890,false,0,d544983-dirty
flashinfer_from_probs,16,151936,50,0.9,bfloat16,cold,rotate,78.334,78.280,78.356,78.326,0.035,5,1461,146,9723904,17.585,0.224483,false,0,d544983-dirty
fused_kernel,16,151936,50,0.9,bfloat16,cold,rotate,30.071,29.754,30.215,30.027,0.209,5,3864,386,4861952,8.792,0.292385,false,0,d544983-dirty
compile,16,151936,50,0.9,bfloat16,cold,rotate,188.000,187.827,188.196,188.031,0.170,5,627,62,4861952,8.792,0.046768,false,0,d544983-dirty
graph_eager,16,151936,50,0.9,bfloat16,cold,rotate_into_static,131.799,131.368,131.854,131.698,0.239,5,909,90,4861952,8.792,0.066710,false,0,d544983-dirty
graph_compile,16,151936,50,0.9,bfloat16,cold,rotate_into_static,131.873,131.758,131.893,131.847,0.065,5,901,90,4861952,8.792,0.066673,false,0,d544983-dirty
hf_eager,32,151936,50,0.9,bfloat16,cold,rotate,2187.537,2186.942,2187.660,2187.393,0.333,5,54,10,9723904,17.585,0.008039,false,0,d544983-dirty
ref_eager_fullsort,32,151936,50,0.9,bfloat16,cold,rotate,1536.165,1535.878,1536.664,1536.207,0.350,5,78,10,9723904,17.585,0.011447,false,0,d544983-dirty
tight_eager,32,151936,50,0.9,bfloat16,cold,rotate,230.008,229.960,230.884,230.247,0.461,5,512,51,9723904,17.585,0.076452,false,0,d544983-dirty
flashinfer,32,151936,50,0.9,bfloat16,cold,rotate,193.319,191.651,193.363,192.895,0.913,5,630,63,9723904,17.585,0.090962,false,0,d544983-dirty
flashinfer_from_probs,32,151936,50,0.9,bfloat16,cold,rotate,127.644,127.616,127.681,127.647,0.028,5,919,91,19447808,35.169,0.275525,false,0,d544983-dirty
fused_kernel,32,151936,50,0.9,bfloat16,cold,rotate,43.507,43.152,43.547,43.404,0.188,5,2704,270,9723904,17.585,0.404177,false,0,d544983-dirty
compile,32,151936,50,0.9,bfloat16,cold,rotate,229.773,229.424,231.093,230.006,0.797,5,508,50,9723904,17.585,0.076530,false,0,d544983-dirty
graph_eager,32,151936,50,0.9,bfloat16,cold,rotate_into_static,191.685,189.351,191.772,191.059,1.236,5,641,64,9723904,17.585,0.091737,false,0,d544983-dirty
graph_compile,32,151936,50,0.9,bfloat16,cold,rotate_into_static,191.800,191.425,191.917,191.738,0.235,5,623,62,9723904,17.585,0.091682,false,0,d544983-dirty
hf_eager,1,128256,20,0.9,bfloat16,hot,n/a,338.269,338.184,338.307,338.254,0.054,5,350,35,256512,0.464,0.001371,false,0,d544983-dirty
ref_eager_fullsort,1,128256,20,0.9,bfloat16,hot,n/a,136.835,136.363,136.907,136.684,0.273,5,838,83,256512,0.464,0.003390,false,0,d544983-dirty
tight_eager,1,128256,20,0.9,bfloat16,hot,n/a,135.047,134.702,135.197,134.993,0.230,5,862,86,256512,0.464,0.003435,false,0,d544983-dirty
flashinfer,1,128256,20,0.9,bfloat16,hot,n/a,83.123,82.964,83.374,83.130,0.188,5,1360,136,256512,0.464,0.005581,false,0,d544983-dirty
flashinfer_from_probs,1,128256,20,0.9,bfloat16,hot,n/a,74.194,74.165,74.255,74.211,0.042,5,1539,153,513024,0.928,0.012504,false,0,d544983-dirty
fused_kernel,1,128256,20,0.9,bfloat16,hot,n/a,17.334,17.333,17.352,17.338,0.010,5,5000,500,256512,0.464,0.026761,false,0,d544983-dirty
compile,1,128256,20,0.9,bfloat16,hot,n/a,161.430,161.373,161.508,161.438,0.066,5,713,71,256512,0.464,0.002874,false,0,d544983-dirty
graph_eager,1,128256,20,0.9,bfloat16,hot,n/a,76.597,76.567,76.607,76.589,0.018,5,1540,154,256512,0.464,0.006056,false,0,d544983-dirty
graph_compile,1,128256,20,0.9,bfloat16,hot,n/a,76.635,76.583,76.650,76.627,0.033,5,1555,155,256512,0.464,0.006053,false,0,d544983-dirty
hf_eager,32,128256,20,0.9,bfloat16,hot,n/a,1830.736,1812.764,1832.814,1826.079,9.661,5,66,10,8208384,14.844,0.008108,false,0,d544983-dirty
ref_eager_fullsort,32,128256,20,0.9,bfloat16,hot,n/a,1280.472,1280.279,1280.517,1280.428,0.112,5,93,10,8208384,14.844,0.011593,false,0,d544983-dirty
tight_eager,32,128256,20,0.9,bfloat16,hot,n/a,201.536,201.179,201.963,201.522,0.360,5,591,59,8208384,14.844,0.073654,false,0,d544983-dirty
flashinfer,32,128256,20,0.9,bfloat16,hot,n/a,141.630,140.347,141.756,141.348,0.741,5,866,86,8208384,14.844,0.104808,false,0,d544983-dirty
flashinfer_from_probs,32,128256,20,0.9,bfloat16,hot,n/a,84.367,84.343,84.401,84.373,0.026,5,1389,138,16416768,29.688,0.351891,false,0,d544983-dirty
fused_kernel,32,128256,20,0.9,bfloat16,hot,n/a,26.599,25.876,26.619,26.407,0.385,5,4814,481,8208384,14.844,0.558063,false,0,d544983-dirty
compile,32,128256,20,0.9,bfloat16,hot,n/a,202.136,202.108,202.340,202.185,0.113,5,583,58,8208384,14.844,0.073436,false,0,d544983-dirty
graph_eager,32,128256,20,0.9,bfloat16,hot,n/a,149.873,148.400,149.917,149.508,0.816,5,814,81,8208384,14.844,0.099044,false,0,d544983-dirty
graph_compile,32,128256,20,0.9,bfloat16,hot,n/a,154.374,154.278,154.426,154.357,0.065,5,774,77,8208384,14.844,0.096156,false,0,d544983-dirty
hf_eager,1,128256,20,0.95,bfloat16,hot,n/a,338.152,338.125,345.611,340.023,4.154,5,342,34,256512,0.464,0.001372,false,0,d544983-dirty
ref_eager_fullsort,1,128256,20,0.95,bfloat16,hot,n/a,136.846,136.569,136.894,136.769,0.151,5,839,83,256512,0.464,0.003390,false,0,d544983-dirty
tight_eager,1,128256,20,0.95,bfloat16,hot,n/a,134.810,134.649,134.941,134.783,0.132,5,858,85,256512,0.464,0.003441,false,0,d544983-dirty
flashinfer,1,128256,20,0.95,bfloat16,hot,n/a,83.324,83.029,83.398,83.259,0.170,5,1361,136,256512,0.464,0.005567,false,0,d544983-dirty
flashinfer_from_probs,1,128256,20,0.95,bfloat16,hot,n/a,74.253,74.057,74.374,74.236,0.139,5,1519,151,513024,0.928,0.012494,false,0,d544983-dirty
fused_kernel,1,128256,20,0.95,bfloat16,hot,n/a,17.334,17.333,17.338,17.335,0.003,5,5000,500,256512,0.464,0.026761,false,0,d544983-dirty
compile,1,128256,20,0.95,bfloat16,hot,n/a,161.685,161.522,161.715,161.650,0.093,5,711,71,256512,0.464,0.002869,false,0,d544983-dirty
graph_eager,1,128256,20,0.95,bfloat16,hot,n/a,76.575,76.564,76.594,76.579,0.014,5,1549,154,256512,0.464,0.006058,false,0,d544983-dirty
graph_compile,1,128256,20,0.95,bfloat16,hot,n/a,76.605,76.593,76.644,76.612,0.024,5,1552,155,256512,0.464,0.006055,false,0,d544983-dirty
hf_eager,32,128256,20,0.95,bfloat16,hot,n/a,1828.409,1811.723,1831.316,1824.599,9.382,5,66,10,8208384,14.844,0.008119,false,0,d544983-dirty
ref_eager_fullsort,32,128256,20,0.95,bfloat16,hot,n/a,1280.003,1279.568,1280.084,1279.920,0.258,5,93,10,8208384,14.844,0.011597,false,0,d544983-dirty
tight_eager,32,128256,20,0.95,bfloat16,hot,n/a,201.971,201.912,202.121,202.007,0.093,5,591,59,8208384,14.844,0.073496,false,0,d544983-dirty
flashinfer,32,128256,20,0.95,bfloat16,hot,n/a,141.036,139.847,141.134,140.766,0.681,5,867,86,8208384,14.844,0.105249,false,0,d544983-dirty
flashinfer_from_probs,32,128256,20,0.95,bfloat16,hot,n/a,83.563,83.523,83.583,83.555,0.028,5,1387,138,16416768,29.688,0.355278,false,0,d544983-dirty
fused_kernel,32,128256,20,0.95,bfloat16,hot,n/a,26.664,26.242,26.674,26.561,0.236,5,4633,463,8208384,14.844,0.556710,false,0,d544983-dirty
compile,32,128256,20,0.95,bfloat16,hot,n/a,202.562,202.432,202.754,202.579,0.140,5,580,58,8208384,14.844,0.073281,false,0,d544983-dirty
graph_eager,32,128256,20,0.95,bfloat16,hot,n/a,149.853,148.151,149.859,149.405,0.919,5,816,81,8208384,14.844,0.099057,false,0,d544983-dirty
graph_compile,32,128256,20,0.95,bfloat16,hot,n/a,149.860,149.759,149.862,149.834,0.054,5,799,79,8208384,14.844,0.099052,false,0,d544983-dirty
hf_eager,1,128256,50,0.9,bfloat16,hot,n/a,340.052,339.944,340.195,340.073,0.110,5,350,35,256512,0.464,0.001364,false,0,d544983-dirty
ref_eager_fullsort,1,128256,50,0.9,bfloat16,hot,n/a,136.630,136.445,136.871,136.655,0.184,5,839,83,256512,0.464,0.003395,false,0,d544983-dirty
tight_eager,1,128256,50,0.9,bfloat16,hot,n/a,133.193,132.804,135.563,133.697,1.374,5,878,87,256512,0.464,0.003483,false,0,d544983-dirty
flashinfer,1,128256,50,0.9,bfloat16,hot,n/a,83.153,83.093,83.166,83.140,0.034,5,1352,135,256512,0.464,0.005579,false,0,d544983-dirty
flashinfer_from_probs,1,128256,50,0.9,bfloat16,hot,n/a,73.952,73.870,74.047,73.960,0.077,5,1532,153,513024,0.928,0.012545,false,0,d544983-dirty
fused_kernel,1,128256,50,0.9,bfloat16,hot,n/a,20.535,20.521,20.552,20.534,0.014,5,5000,500,256512,0.464,0.022590,false,0,d544983-dirty
compile,1,128256,50,0.9,bfloat16,hot,n/a,159.955,159.739,160.177,159.929,0.199,5,722,72,256512,0.464,0.002900,false,0,d544983-dirty
graph_eager,1,128256,50,0.9,bfloat16,hot,n/a,77.761,77.727,77.776,77.756,0.022,5,1533,153,256512,0.464,0.005965,false,0,d544983-dirty
graph_compile,1,128256,50,0.9,bfloat16,hot,n/a,77.718,77.715,77.781,77.742,0.035,5,1535,153,256512,0.464,0.005969,false,0,d544983-dirty
hf_eager,32,128256,50,0.9,bfloat16,hot,n/a,1829.343,1813.294,1832.655,1825.846,9.182,5,66,10,8208384,14.844,0.008114,false,0,d544983-dirty
ref_eager_fullsort,32,128256,50,0.9,bfloat16,hot,n/a,1279.791,1279.502,1279.876,1279.746,0.180,5,93,10,8208384,14.844,0.011599,false,0,d544983-dirty
tight_eager,32,128256,50,0.9,bfloat16,hot,n/a,201.564,201.400,202.596,201.832,0.562,5,588,58,8208384,14.844,0.073644,false,0,d544983-dirty
flashinfer,32,128256,50,0.9,bfloat16,hot,n/a,141.706,140.499,141.805,141.431,0.686,5,862,86,8208384,14.844,0.104752,false,0,d544983-dirty
flashinfer_from_probs,32,128256,50,0.9,bfloat16,hot,n/a,82.767,82.722,82.806,82.764,0.036,5,1409,140,16416768,29.688,0.358693,false,0,d544983-dirty
fused_kernel,32,128256,50,0.9,bfloat16,hot,n/a,28.806,28.725,28.834,28.787,0.051,5,4115,411,8208384,14.844,0.515300,false,0,d544983-dirty
compile,32,128256,50,0.9,bfloat16,hot,n/a,202.368,201.914,203.105,202.455,0.523,5,577,57,8208384,14.844,0.073352,false,0,d544983-dirty
graph_eager,32,128256,50,0.9,bfloat16,hot,n/a,150.368,149.096,150.444,150.035,0.679,5,813,81,8208384,14.844,0.098718,false,0,d544983-dirty
graph_compile,32,128256,50,0.9,bfloat16,hot,n/a,150.542,150.476,154.889,152.095,2.221,5,770,77,8208384,14.844,0.098603,false,0,d544983-dirty
hf_eager,1,128256,50,0.95,bfloat16,hot,n/a,340.121,340.091,340.161,340.122,0.030,5,350,35,256512,0.464,0.001364,false,0,d544983-dirty
ref_eager_fullsort,1,128256,50,0.95,bfloat16,hot,n/a,136.214,136.048,136.418,136.203,0.170,5,840,84,256512,0.464,0.003405,false,0,d544983-dirty
tight_eager,1,128256,50,0.95,bfloat16,hot,n/a,134.541,133.194,136.192,134.469,1.366,5,878,87,256512,0.464,0.003448,false,0,d544983-dirty
flashinfer,1,128256,50,0.95,bfloat16,hot,n/a,82.818,82.658,83.079,82.859,0.182,5,1350,135,256512,0.464,0.005601,false,0,d544983-dirty
flashinfer_from_probs,1,128256,50,0.95,bfloat16,hot,n/a,74.058,73.990,74.105,74.055,0.050,5,1521,152,513024,0.928,0.012527,false,0,d544983-dirty
fused_kernel,1,128256,50,0.95,bfloat16,hot,n/a,20.729,20.725,20.739,20.731,0.007,5,5000,500,256512,0.464,0.022378,false,0,d544983-dirty
compile,1,128256,50,0.95,bfloat16,hot,n/a,159.969,159.689,160.317,159.993,0.278,5,717,71,256512,0.464,0.002900,false,0,d544983-dirty
graph_eager,1,128256,50,0.95,bfloat16,hot,n/a,77.866,77.834,77.877,77.859,0.020,5,1540,154,256512,0.464,0.005957,false,0,d544983-dirty
graph_compile,1,128256,50,0.95,bfloat16,hot,n/a,77.821,77.816,77.845,77.826,0.014,5,1540,154,256512,0.464,0.005961,false,0,d544983-dirty
hf_eager,32,128256,50,0.95,bfloat16,hot,n/a,1829.533,1812.832,1832.377,1825.712,9.378,5,66,10,8208384,14.844,0.008114,false,0,d544983-dirty
ref_eager_fullsort,32,128256,50,0.95,bfloat16,hot,n/a,1280.103,1279.321,1280.307,1279.929,0.464,5,93,10,8208384,14.844,0.011596,false,0,d544983-dirty
tight_eager,32,128256,50,0.95,bfloat16,hot,n/a,201.595,201.449,202.719,201.896,0.603,5,588,58,8208384,14.844,0.073632,false,0,d544983-dirty
flashinfer,32,128256,50,0.95,bfloat16,hot,n/a,141.231,139.945,141.307,140.929,0.729,5,870,87,8208384,14.844,0.105104,false,0,d544983-dirty
flashinfer_from_probs,32,128256,50,0.95,bfloat16,hot,n/a,82.261,82.243,82.286,82.262,0.019,5,1403,140,16416768,29.688,0.360897,false,0,d544983-dirty
fused_kernel,32,128256,50,0.95,bfloat16,hot,n/a,28.789,28.735,28.816,28.781,0.037,5,4105,410,8208384,14.844,0.515621,false,0,d544983-dirty
compile,32,128256,50,0.95,bfloat16,hot,n/a,202.263,201.751,203.591,202.467,0.852,5,580,58,8208384,14.844,0.073389,false,0,d544983-dirty
graph_eager,32,128256,50,0.95,bfloat16,hot,n/a,150.218,148.991,150.323,149.921,0.675,5,811,81,8208384,14.844,0.098816,false,0,d544983-dirty
graph_compile,32,128256,50,0.95,bfloat16,hot,n/a,150.326,150.248,150.375,150.313,0.056,5,791,79,8208384,14.844,0.098745,false,0,d544983-dirty
hf_eager,1,128256,100,0.9,bfloat16,hot,n/a,341.468,341.306,341.643,341.473,0.149,5,349,34,256512,0.464,0.001358,false,0,d544983-dirty
ref_eager_fullsort,1,128256,100,0.9,bfloat16,hot,n/a,136.713,136.522,136.742,136.665,0.104,5,839,83,256512,0.464,0.003393,false,0,d544983-dirty
tight_eager,1,128256,100,0.9,bfloat16,hot,n/a,133.401,133.150,134.170,133.559,0.463,5,874,87,256512,0.464,0.003477,false,0,d544983-dirty
flashinfer,1,128256,100,0.9,bfloat16,hot,n/a,83.009,82.990,83.137,83.039,0.071,5,1347,134,256512,0.464,0.005588,false,0,d544983-dirty
flashinfer_from_probs,1,128256,100,0.9,bfloat16,hot,n/a,74.052,73.911,74.206,74.049,0.133,5,1539,153,513024,0.928,0.012528,false,0,d544983-dirty
fused_kernel,1,128256,100,0.9,bfloat16,hot,n/a,25.473,25.450,25.493,25.473,0.018,5,4641,464,256512,0.464,0.018210,false,0,d544983-dirty
compile,1,128256,100,0.9,bfloat16,hot,n/a,159.698,159.668,159.796,159.718,0.058,5,720,72,256512,0.464,0.002905,false,0,d544983-dirty
graph_eager,1,128256,100,0.9,bfloat16,hot,n/a,78.269,78.256,78.284,78.269,0.012,5,1532,153,256512,0.464,0.005927,false,0,d544983-dirty
graph_compile,1,128256,100,0.9,bfloat16,hot,n/a,78.259,78.252,78.269,78.260,0.009,5,1519,151,256512,0.464,0.005927,false,0,d544983-dirty
hf_eager,32,128256,100,0.9,bfloat16,hot,n/a,1826.986,1811.518,1829.585,1823.398,8.650,5,66,10,8208384,14.844,0.008125,false,0,d544983-dirty
ref_eager_fullsort,32,128256,100,0.9,bfloat16,hot,n/a,1277.866,1276.867,1278.265,1277.669,0.617,5,94,10,8208384,14.844,0.011616,false,0,d544983-dirty
tight_eager,32,128256,100,0.9,bfloat16,hot,n/a,201.807,201.611,203.277,202.116,0.850,5,585,58,8208384,14.844,0.073555,false,0,d544983-dirty
flashinfer,32,128256,100,0.9,bfloat16,hot,n/a,141.838,140.638,141.898,141.550,0.668,5,858,85,8208384,14.844,0.104654,false,0,d544983-dirty
flashinfer_from_probs,32,128256,100,0.9,bfloat16,hot,n/a,84.533,84.499,84.597,84.543,0.045,5,1379,137,16416768,29.688,0.351199,false,0,d544983-dirty
fused_kernel,32,128256,100,0.9,bfloat16,hot,n/a,33.413,32.694,33.472,33.241,0.398,5,3661,366,8208384,14.844,0.444256,false,0,d544983-dirty
compile,32,128256,100,0.9,bfloat16,hot,n/a,201.435,201.251,202.842,201.724,0.820,5,581,58,8208384,14.844,0.073691,false,0,d544983-dirty
graph_eager,32,128256,100,0.9,bfloat16,hot,n/a,151.888,150.448,151.968,151.547,0.814,5,801,80,8208384,14.844,0.097730,false,0,d544983-dirty
graph_compile,32,128256,100,0.9,bfloat16,hot,n/a,151.916,151.837,151.934,151.899,0.045,5,791,79,8208384,14.844,0.097712,false,0,d544983-dirty
hf_eager,1,128256,100,0.95,bfloat16,hot,n/a,341.547,341.379,341.644,341.526,0.116,5,349,34,256512,0.464,0.001358,false,0,d544983-dirty
ref_eager_fullsort,1,128256,100,0.95,bfloat16,hot,n/a,136.666,136.347,136.995,136.662,0.280,5,834,83,256512,0.464,0.003394,false,0,d544983-dirty
tight_eager,1,128256,100,0.95,bfloat16,hot,n/a,133.072,132.863,134.561,133.384,0.864,5,875,87,256512,0.464,0.003486,false,0,d544983-dirty
flashinfer,1,128256,100,0.95,bfloat16,hot,n/a,83.019,82.769,83.034,82.945,0.129,5,1337,133,256512,0.464,0.005588,false,0,d544983-dirty
flashinfer_from_probs,1,128256,100,0.95,bfloat16,hot,n/a,74.278,74.175,74.519,74.309,0.156,5,1515,151,513024,0.928,0.012490,false,0,d544983-dirty
fused_kernel,1,128256,100,0.95,bfloat16,hot,n/a,26.716,26.706,26.725,26.715,0.008,5,4426,442,256512,0.464,0.017363,false,0,d544983-dirty
compile,1,128256,100,0.95,bfloat16,hot,n/a,159.973,159.570,160.337,159.968,0.341,5,715,71,256512,0.464,0.002900,false,0,d544983-dirty
graph_eager,1,128256,100,0.95,bfloat16,hot,n/a,78.227,78.223,78.253,78.235,0.015,5,1539,153,256512,0.464,0.005930,false,0,d544983-dirty
graph_compile,1,128256,100,0.95,bfloat16,hot,n/a,78.242,78.233,78.249,78.241,0.008,5,1514,151,256512,0.464,0.005929,false,0,d544983-dirty
hf_eager,32,128256,100,0.95,bfloat16,hot,n/a,1827.127,1810.529,1831.413,1823.426,9.537,5,66,10,8208384,14.844,0.008124,false,0,d544983-dirty
ref_eager_fullsort,32,128256,100,0.95,bfloat16,hot,n/a,1277.947,1277.555,1278.448,1277.972,0.425,5,93,10,8208384,14.844,0.011615,false,0,d544983-dirty
tight_eager,32,128256,100,0.95,bfloat16,hot,n/a,201.179,201.100,202.172,201.445,0.526,5,586,58,8208384,14.844,0.073785,false,0,d544983-dirty
flashinfer,32,128256,100,0.95,bfloat16,hot,n/a,141.274,140.123,141.300,140.987,0.639,5,861,86,8208384,14.844,0.105072,false,0,d544983-dirty
flashinfer_from_probs,32,128256,100,0.95,bfloat16,hot,n/a,83.770,83.747,83.791,83.769,0.019,5,1402,140,16416768,29.688,0.354398,false,0,d544983-dirty
fused_kernel,32,128256,100,0.95,bfloat16,hot,n/a,33.749,33.168,33.785,33.602,0.315,5,3606,360,8208384,14.844,0.439829,false,0,d544983-dirty
compile,32,128256,100,0.95,bfloat16,hot,n/a,201.233,201.072,202.312,201.472,0.610,5,581,58,8208384,14.844,0.073765,false,0,d544983-dirty
graph_eager,32,128256,100,0.95,bfloat16,hot,n/a,151.895,150.428,151.910,151.516,0.799,5,803,80,8208384,14.844,0.097725,false,0,d544983-dirty
graph_compile,32,128256,100,0.95,bfloat16,hot,n/a,151.921,151.866,151.939,151.912,0.034,5,788,78,8208384,14.844,0.097709,false,0,d544983-dirty
hf_eager,1,151936,20,0.9,bfloat16,hot,n/a,323.156,323.074,323.608,323.246,0.264,5,370,37,303872,0.550,0.001700,false,0,d544983-dirty
ref_eager_fullsort,1,151936,20,0.9,bfloat16,hot,n/a,138.973,138.349,138.999,138.744,0.333,5,845,84,303872,0.550,0.003954,false,0,d544983-dirty
tight_eager,1,151936,20,0.9,bfloat16,hot,n/a,135.233,135.093,135.419,135.242,0.152,5,849,84,303872,0.550,0.004063,false,0,d544983-dirty
flashinfer,1,151936,20,0.9,bfloat16,hot,n/a,84.211,83.989,84.296,84.171,0.138,5,1367,136,303872,0.550,0.006526,false,0,d544983-dirty
flashinfer_from_probs,1,151936,20,0.9,bfloat16,hot,n/a,73.813,73.672,73.988,73.837,0.138,5,1508,150,607744,1.099,0.014889,false,0,d544983-dirty
fused_kernel,1,151936,20,0.9,bfloat16,hot,n/a,18.474,18.467,18.476,18.472,0.004,5,5000,500,303872,0.550,0.029745,false,0,d544983-dirty
compile,1,151936,20,0.9,bfloat16,hot,n/a,162.754,162.610,163.052,162.793,0.198,5,714,71,303872,0.550,0.003376,false,0,d544983-dirty
graph_eager,1,151936,20,0.9,bfloat16,hot,n/a,81.497,81.490,81.505,81.498,0.007,5,1493,149,303872,0.550,0.006743,false,0,d544983-dirty
graph_compile,1,151936,20,0.9,bfloat16,hot,n/a,81.491,81.473,81.503,81.491,0.014,5,1482,148,303872,0.550,0.006743,false,0,d544983-dirty
hf_eager,32,151936,20,0.9,bfloat16,hot,n/a,2181.592,2171.079,2182.753,2178.874,5.654,5,55,10,9723904,17.585,0.008060,false,0,d544983-dirty
ref_eager_fullsort,32,151936,20,0.9,bfloat16,hot,n/a,1533.503,1533.017,1533.668,1533.405,0.293,5,78,10,9723904,17.585,0.011467,false,0,d544983-dirty
tight_eager,32,151936,20,0.9,bfloat16,hot,n/a,216.556,216.401,217.914,216.954,0.725,5,542,54,9723904,17.585,0.081201,false,0,d544983-dirty
flashinfer,32,151936,20,0.9,bfloat16,hot,n/a,176.197,172.995,176.278,175.283,1.652,5,706,70,9723904,17.585,0.099801,false,0,d544983-dirty
flashinfer_from_probs,32,151936,20,0.9,bfloat16,hot,n/a,102.817,102.769,102.843,102.814,0.034,5,1155,115,19447808,35.169,0.342058,false,0,d544983-dirty
fused_kernel,32,151936,20,0.9,bfloat16,hot,n/a,30.115,28.585,30.230,29.719,0.820,5,4385,438,9723904,17.585,0.583919,false,0,d544983-dirty
compile,32,151936,20,0.9,bfloat16,hot,n/a,217.068,216.828,218.516,217.405,0.808,5,540,54,9723904,17.585,0.081010,false,0,d544983-dirty
graph_eager,32,151936,20,0.9,bfloat16,hot,n/a,165.964,163.880,166.060,165.438,1.133,5,743,74,9723904,17.585,0.105955,false,0,d544983-dirty
graph_compile,32,151936,20,0.9,bfloat16,hot,n/a,166.065,165.828,166.096,166.013,0.136,5,719,71,9723904,17.585,0.105890,false,0,d544983-dirty
hf_eager,1,151936,20,0.95,bfloat16,hot,n/a,323.054,322.908,323.243,323.076,0.144,5,366,36,303872,0.550,0.001701,false,0,d544983-dirty
ref_eager_fullsort,1,151936,20,0.95,bfloat16,hot,n/a,138.628,138.354,138.851,138.611,0.238,5,833,83,303872,0.550,0.003964,false,0,d544983-dirty
tight_eager,1,151936,20,0.95,bfloat16,hot,n/a,135.377,135.015,135.457,135.290,0.208,5,844,84,303872,0.550,0.004059,false,0,d544983-dirty
flashinfer,1,151936,20,0.95,bfloat16,hot,n/a,84.078,84.020,84.113,84.074,0.041,5,1350,135,303872,0.550,0.006536,false,0,d544983-dirty
flashinfer_from_probs,1,151936,20,0.95,bfloat16,hot,n/a,74.149,73.946,74.150,74.083,0.101,5,1507,150,607744,1.099,0.014822,false,0,d544983-dirty
fused_kernel,1,151936,20,0.95,bfloat16,hot,n/a,18.467,18.466,18.470,18.467,0.002,5,5000,500,303872,0.550,0.029756,false,0,d544983-dirty
compile,1,151936,20,0.95,bfloat16,hot,n/a,162.579,162.442,162.624,162.546,0.088,5,716,71,303872,0.550,0.003380,false,0,d544983-dirty
graph_eager,1,151936,20,0.95,bfloat16,hot,n/a,81.495,81.383,81.505,81.466,0.060,5,1481,148,303872,0.550,0.006743,false,0,d544983-dirty
graph_compile,1,151936,20,0.95,bfloat16,hot,n/a,86.670,84.012,86.754,86.021,1.489,5,1398,139,303872,0.550,0.006340,false,0,d544983-dirty
hf_eager,32,151936,20,0.95,bfloat16,hot,n/a,2181.803,2171.567,2183.202,2179.193,5.592,5,55,10,9723904,17.585,0.008060,false,0,d544983-dirty
ref_eager_fullsort,32,151936,20,0.95,bfloat16,hot,n/a,1533.951,1533.458,1534.112,1533.878,0.313,5,78,10,9723904,17.585,0.011464,false,0,d544983-dirty
tight_eager,32,151936,20,0.95,bfloat16,hot,n/a,216.978,216.640,218.433,217.286,0.844,5,547,54,9723904,17.585,0.081043,false,0,d544983-dirty
flashinfer,32,151936,20,0.95,bfloat16,hot,n/a,175.792,172.514,176.038,174.899,1.726,5,715,71,9723904,17.585,0.100031,false,0,d544983-dirty
flashinfer_from_probs,32,151936,20,0.95,bfloat16,hot,n/a,102.021,101.963,102.052,102.015,0.040,5,1162,116,19447808,35.169,0.344727,false,0,d544983-dirty
fused_kernel,32,151936,20,0.95,bfloat16,hot,n/a,30.231,28.995,30.281,29.892,0.648,5,4292,429,9723904,17.585,0.581672,false,0,d544983-dirty
compile,32,151936,20,0.95,bfloat16,hot,n/a,217.218,216.912,218.709,217.553,0.851,5,536,53,9723904,17.585,0.080954,false,0,d544983-dirty
graph_eager,32,151936,20,0.95,bfloat16,hot,n/a,166.025,164.037,166.127,165.528,1.086,5,741,74,9723904,17.585,0.105916,false,0,d544983-dirty
graph_compile,32,151936,20,0.95,bfloat16,hot,n/a,166.144,165.866,166.177,166.075,0.152,5,719,71,9723904,17.585,0.105840,false,0,d544983-dirty
hf_eager,1,151936,50,0.95,bfloat16,hot,n/a,325.301,324.867,325.414,325.174,0.275,5,367,36,303872,0.550,0.001689,false,0,d544983-dirty
ref_eager_fullsort,1,151936,50,0.95,bfloat16,hot,n/a,138.987,138.635,139.152,138.903,0.243,5,842,84,303872,0.550,0.003954,false,0,d544983-dirty
tight_eager,1,151936,50,0.95,bfloat16,hot,n/a,135.570,134.226,136.457,135.342,1.046,5,861,86,303872,0.550,0.004053,false,0,d544983-dirty
flashinfer,1,151936,50,0.95,bfloat16,hot,n/a,83.817,83.710,83.905,83.820,0.086,5,1351,135,303872,0.550,0.006556,false,0,d544983-dirty
flashinfer_from_probs,1,151936,50,0.95,bfloat16,hot,n/a,73.757,73.689,73.893,73.769,0.093,5,1518,151,607744,1.099,0.014901,false,0,d544983-dirty
fused_kernel,1,151936,50,0.95,bfloat16,hot,n/a,20.823,20.813,20.831,20.823,0.008,5,5000,500,303872,0.550,0.026389,false,0,d544983-dirty
compile,1,151936,50,0.95,bfloat16,hot,n/a,161.260,161.044,161.337,161.224,0.134,5,719,71,303872,0.550,0.003408,false,0,d544983-dirty
graph_eager,1,151936,50,0.95,bfloat16,hot,n/a,81.586,81.567,81.615,81.591,0.021,5,1472,147,303872,0.550,0.006735,false,0,d544983-dirty
graph_compile,1,151936,50,0.95,bfloat16,hot,n/a,81.617,81.493,81.668,81.596,0.078,5,1470,147,303872,0.550,0.006733,false,0,d544983-dirty
hf_eager,32,151936,50,0.95,bfloat16,hot,n/a,2187.917,2176.006,2188.308,2184.543,6.166,5,55,10,9723904,17.585,0.008037,false,0,d544983-dirty
ref_eager_fullsort,32,151936,50,0.95,bfloat16,hot,n/a,1535.451,1535.236,1535.746,1535.486,0.220,5,78,10,9723904,17.585,0.011452,false,0,d544983-dirty
tight_eager,32,151936,50,0.95,bfloat16,hot,n/a,218.895,218.664,219.603,219.009,0.439,5,538,53,9723904,17.585,0.080334,false,0,d544983-dirty
flashinfer,32,151936,50,0.95,bfloat16,hot,n/a,176.084,173.565,176.098,175.389,1.323,5,708,70,9723904,17.585,0.099865,false,0,d544983-dirty
flashinfer_from_probs,32,151936,50,0.95,bfloat16,hot,n/a,100.708,100.655,100.814,100.718,0.073,5,1181,118,19447808,35.169,0.349220,false,0,d544983-dirty
fused_kernel,32,151936,50,0.95,bfloat16,hot,n/a,32.740,31.763,32.776,32.478,0.517,5,3817,381,9723904,17.585,0.537100,false,0,d544983-dirty
compile,32,151936,50,0.95,bfloat16,hot,n/a,219.361,219.129,220.445,219.551,0.655,5,534,53,9723904,17.585,0.080163,false,0,d544983-dirty
graph_eager,32,151936,50,0.95,bfloat16,hot,n/a,167.961,165.825,168.014,167.393,1.138,5,734,73,9723904,17.585,0.104695,false,0,d544983-dirty
graph_compile,32,151936,50,0.95,bfloat16,hot,n/a,168.008,167.757,168.034,167.954,0.145,5,715,71,9723904,17.585,0.104665,false,0,d544983-dirty
hf_eager,1,151936,100,0.9,bfloat16,hot,n/a,327.182,326.874,327.360,327.128,0.215,5,364,36,303872,0.550,0.001680,false,0,d544983-dirty
ref_eager_fullsort,1,151936,100,0.9,bfloat16,hot,n/a,139.042,138.643,139.108,138.928,0.222,5,852,85,303872,0.550,0.003952,false,0,d544983-dirty
tight_eager,1,151936,100,0.9,bfloat16,hot,n/a,135.981,135.341,136.825,136.059,0.638,5,853,85,303872,0.550,0.004041,false,0,d544983-dirty
flashinfer,1,151936,100,0.9,bfloat16,hot,n/a,84.497,84.453,84.522,84.487,0.031,5,1332,133,303872,0.550,0.006503,false,0,d544983-dirty
flashinfer_from_probs,1,151936,100,0.9,bfloat16,hot,n/a,73.884,73.800,74.000,73.897,0.086,5,1481,148,607744,1.099,0.014875,false,0,d544983-dirty
fused_kernel,1,151936,100,0.9,bfloat16,hot,n/a,26.824,26.796,26.840,26.822,0.020,5,4470,447,303872,0.550,0.020486,false,0,d544983-dirty
compile,1,151936,100,0.9,bfloat16,hot,n/a,161.056,160.734,161.112,160.945,0.191,5,717,71,303872,0.550,0.003412,false,0,d544983-dirty
graph_eager,1,151936,100,0.9,bfloat16,hot,n/a,81.940,81.839,81.963,81.914,0.057,5,1471,147,303872,0.550,0.006706,false,0,d544983-dirty
graph_compile,1,151936,100,0.9,bfloat16,hot,n/a,82.023,81.816,82.086,81.969,0.123,5,1465,146,303872,0.550,0.006700,false,0,d544983-dirty
hf_eager,32,151936,100,0.9,bfloat16,hot,n/a,2183.887,2173.203,2186.288,2181.752,6.248,5,55,10,9723904,17.585,0.008052,false,0,d544983-dirty
ref_eager_fullsort,32,151936,100,0.9,bfloat16,hot,n/a,1535.553,1535.337,1535.831,1535.562,0.216,5,78,10,9723904,17.585,0.011452,false,0,d544983-dirty
tight_eager,32,151936,100,0.9,bfloat16,hot,n/a,217.910,217.646,220.068,218.477,1.160,5,537,53,9723904,17.585,0.080697,false,0,d544983-dirty
flashinfer,32,151936,100,0.9,bfloat16,hot,n/a,177.765,175.074,177.791,177.062,1.457,5,698,69,9723904,17.585,0.098921,false,0,d544983-dirty
flashinfer_from_probs,32,151936,100,0.9,bfloat16,hot,n/a,102.966,102.935,103.004,102.967,0.030,5,1150,115,19447808,35.169,0.341561,false,0,d544983-dirty
fused_kernel,32,151936,100,0.9,bfloat16,hot,n/a,36.768,36.261,36.789,36.642,0.279,5,3424,342,9723904,17.585,0.478253,false,0,d544983-dirty
compile,32,151936,100,0.9,bfloat16,hot,n/a,218.797,218.435,221.121,219.410,1.276,5,534,53,9723904,17.585,0.080370,false,0,d544983-dirty
graph_eager,32,151936,100,0.9,bfloat16,hot,n/a,168.341,166.524,168.438,167.875,0.979,5,731,73,9723904,17.585,0.104458,false,0,d544983-dirty
graph_compile,32,151936,100,0.9,bfloat16,hot,n/a,168.531,168.310,168.582,168.490,0.132,5,710,71,9723904,17.585,0.104340,false,0,d544983-dirty
hf_eager,1,151936,100,0.95,bfloat16,hot,n/a,326.912,326.658,327.607,327.052,0.447,5,364,36,303872,0.550,0.001681,false,0,d544983-dirty
ref_eager_fullsort,1,151936,100,0.95,bfloat16,hot,n/a,138.734,138.312,138.925,138.655,0.282,5,837,83,303872,0.550,0.003961,false,0,d544983-dirty
tight_eager,1,151936,100,0.95,bfloat16,hot,n/a,136.548,136.066,136.867,136.457,0.360,5,862,86,303872,0.550,0.004024,false,0,d544983-dirty
flashinfer,1,151936,100,0.95,bfloat16,hot,n/a,84.344,84.299,84.377,84.344,0.034,5,1335,133,303872,0.550,0.006515,false,0,d544983-dirty
flashinfer_from_probs,1,151936,100,0.95,bfloat16,hot,n/a,74.031,73.956,74.040,74.013,0.042,5,1494,149,607744,1.099,0.014846,false,0,d544983-dirty
fused_kernel,1,151936,100,0.95,bfloat16,hot,n/a,27.820,27.811,27.834,27.822,0.010,5,4381,438,303872,0.550,0.019752,false,0,d544983-dirty
compile,1,151936,100,0.95,bfloat16,hot,n/a,161.334,161.112,161.450,161.315,0.153,5,717,71,303872,0.550,0.003406,false,0,d544983-dirty
graph_eager,1,151936,100,0.95,bfloat16,hot,n/a,81.942,81.816,81.988,81.921,0.079,5,1466,146,303872,0.550,0.006706,false,0,d544983-dirty
graph_compile,1,151936,100,0.95,bfloat16,hot,n/a,81.914,81.734,82.036,81.892,0.132,5,1460,146,303872,0.550,0.006708,false,0,d544983-dirty
hf_eager,32,151936,100,0.95,bfloat16,hot,n/a,2185.865,2174.969,2187.397,2183.012,5.885,5,55,10,9723904,17.585,0.008045,false,0,d544983-dirty
ref_eager_fullsort,32,151936,100,0.95,bfloat16,hot,n/a,1535.739,1535.541,1536.257,1535.871,0.326,5,78,10,9723904,17.585,0.011450,false,0,d544983-dirty
tight_eager,32,151936,100,0.95,bfloat16,hot,n/a,218.266,217.984,220.038,218.640,1.017,5,538,53,9723904,17.585,0.080565,false,0,d544983-dirty
flashinfer,32,151936,100,0.95,bfloat16,hot,n/a,177.226,174.540,177.278,176.573,1.511,5,701,70,9723904,17.585,0.099222,false,0,d544983-dirty
flashinfer_from_probs,32,151936,100,0.95,bfloat16,hot,n/a,102.349,102.309,102.400,102.349,0.041,5,1161,116,19447808,35.169,0.343622,false,0,d544983-dirty
fused_kernel,32,151936,100,0.95,bfloat16,hot,n/a,37.128,36.712,37.133,37.015,0.220,5,3363,336,9723904,17.585,0.473621,false,0,d544983-dirty
compile,32,151936,100,0.95,bfloat16,hot,n/a,218.847,218.574,220.887,219.406,1.104,5,535,53,9723904,17.585,0.080351,false,0,d544983-dirty
graph_eager,32,151936,100,0.95,bfloat16,hot,n/a,168.413,166.560,168.496,167.927,0.990,5,731,73,9723904,17.585,0.104414,false,0,d544983-dirty
graph_compile,32,151936,100,0.95,bfloat16,hot,n/a,168.563,168.287,168.646,168.522,0.174,5,710,71,9723904,17.585,0.104321,false,0,d544983-dirty
ref_eager_fullsort,1,151936,50,0.9,float16,hot,n/a,141.721,141.268,141.785,141.573,0.258,5,821,82,303872,0.550,0.003877,false,1,d544983-dirty
tight_eager,1,151936,50,0.9,float16,hot,n/a,135.636,134.866,136.439,135.634,0.680,5,861,86,303872,0.550,0.004051,false,1,d544983-dirty
flashinfer,1,151936,50,0.9,float16,hot,n/a,83.993,83.945,84.025,83.984,0.037,5,1351,135,303872,0.550,0.006542,false,1,d544983-dirty
flashinfer_from_probs,1,151936,50,0.9,float16,hot,n/a,73.921,73.876,74.108,73.975,0.107,5,1484,148,607744,1.099,0.014868,false,1,d544983-dirty
fused_kernel,1,151936,50,0.9,float16,hot,n/a,20.349,20.332,20.360,20.347,0.013,5,5000,500,303872,0.550,0.027004,false,1,d544983-dirty
compile,1,151936,50,0.9,float16,hot,n/a,159.046,158.880,159.306,159.082,0.184,5,715,71,303872,0.550,0.003455,false,1,d544983-dirty
graph_eager,1,151936,50,0.9,float16,hot,n/a,81.542,81.496,81.572,81.536,0.033,5,1468,146,303872,0.550,0.006739,false,1,d544983-dirty
graph_compile,1,151936,50,0.9,float16,hot,n/a,71.647,71.593,71.758,71.656,0.076,5,1662,166,303872,0.550,0.007670,false,1,d544983-dirty
hf_eager,1,151936,50,0.9,float16,hot,n/a,324.890,324.739,325.323,324.987,0.262,5,366,36,303872,0.550,0.001691,false,1,d544983-dirty
ref_eager_fullsort,4,151936,50,0.9,float16,hot,n/a,236.299,235.285,236.607,236.129,0.621,5,507,50,1215488,2.198,0.009302,false,1,d544983-dirty
tight_eager,4,151936,50,0.9,float16,hot,n/a,164.203,164.156,164.227,164.194,0.032,5,729,72,1215488,2.198,0.013386,false,1,d544983-dirty
flashinfer,4,151936,50,0.9,float16,hot,n/a,85.321,85.290,85.368,85.325,0.034,5,1322,132,1215488,2.198,0.025763,false,1,d544983-dirty
flashinfer_from_probs,4,151936,50,0.9,float16,hot,n/a,74.484,74.402,74.638,74.507,0.109,5,1483,148,2430976,4.396,0.059021,false,1,d544983-dirty
fused_kernel,4,151936,50,0.9,float16,hot,n/a,20.704,20.689,20.706,20.701,0.009,5,5000,500,1215488,2.198,0.106166,false,1,d544983-dirty
compile,4,151936,50,0.9,float16,hot,n/a,153.134,153.055,153.442,153.205,0.179,5,732,73,1215488,2.198,0.014354,false,1,d544983-dirty
graph_eager,4,151936,50,0.9,float16,hot,n/a,104.853,104.499,104.911,104.763,0.193,5,1170,117,1215488,2.198,0.020963,false,1,d544983-dirty
graph_compile,4,151936,50,0.9,float16,hot,n/a,95.070,95.054,95.077,95.068,0.010,5,1264,126,1215488,2.198,0.023121,false,1,d544983-dirty
hf_eager,4,151936,50,0.9,float16,hot,n/a,597.638,597.099,597.929,597.580,0.370,5,199,19,1215488,2.198,0.003678,false,1,d544983-dirty
ref_eager_fullsort,8,151936,50,0.9,float16,hot,n/a,354.718,346.953,355.285,352.753,4.195,5,347,34,2430976,4.396,0.012393,false,1,d544983-dirty
tight_eager,8,151936,50,0.9,float16,hot,n/a,166.991,166.865,167.169,167.000,0.141,5,710,71,2430976,4.396,0.026326,false,1,d544983-dirty
flashinfer,8,151936,50,0.9,float16,hot,n/a,90.501,90.490,90.560,90.521,0.034,5,1311,131,2430976,4.396,0.048576,false,1,d544983-dirty
flashinfer_from_probs,8,151936,50,0.9,float16,hot,n/a,74.982,74.804,75.217,74.999,0.181,5,1490,149,4861952,8.792,0.117259,false,1,d544983-dirty
fused_kernel,8,151936,50,0.9,float16,hot,n/a,20.932,20.929,20.941,20.934,0.005,5,5000,500,2430976,4.396,0.210025,false,1,d544983-dirty
compile,8,151936,50,0.9,float16,hot,n/a,153.588,153.431,153.886,153.614,0.207,5,735,73,2430976,4.396,0.028623,false,1,d544983-dirty
graph_eager,8,151936,50,0.9,float16,hot,n/a,108.071,107.659,108.151,107.995,0.248,5,1115,111,2430976,4.396,0.040678,false,1,d544983-dirty
graph_compile,8,151936,50,0.9,float16,hot,n/a,98.257,98.230,98.283,98.254,0.023,5,1225,122,2430976,4.396,0.044741,false,1,d544983-dirty
hf_eager,8,151936,50,0.9,float16,hot,n/a,704.527,702.992,711.621,706.035,4.105,5,166,16,2430976,4.396,0.006240,false,1,d544983-dirty
ref_eager_fullsort,16,151936,50,0.9,float16,hot,n/a,697.831,683.745,699.010,694.007,7.437,5,180,18,4861952,8.792,0.012599,false,1,d544983-dirty
tight_eager,16,151936,50,0.9,float16,hot,n/a,182.177,181.794,182.689,182.214,0.386,5,648,64,4861952,8.792,0.048263,false,1,d544983-dirty
flashinfer,16,151936,50,0.9,float16,hot,n/a,115.027,114.969,115.114,115.039,0.063,5,1048,104,4861952,8.792,0.076437,false,1,d544983-dirty
flashinfer_from_probs,16,151936,50,0.9,float16,hot,n/a,75.224,75.037,75.430,75.218,0.177,5,1487,148,9723904,17.585,0.233765,false,1,d544983-dirty
fused_kernel,16,151936,50,0.9,float16,hot,n/a,23.435,23.356,23.484,23.434,0.060,5,5000,500,4861952,8.792,0.375172,false,1,d544983-dirty
compile,16,151936,50,0.9,float16,hot,n/a,157.546,157.354,158.058,157.641,0.320,5,723,72,4861952,8.792,0.055808,false,1,d544983-dirty
graph_eager,16,151936,50,0.9,float16,hot,n/a,122.367,121.885,122.495,122.278,0.288,5,984,98,4861952,8.792,0.071852,false,1,d544983-dirty
graph_compile,16,151936,50,0.9,float16,hot,n/a,109.765,109.682,109.803,109.751,0.053,5,1091,109,4861952,8.792,0.080101,false,1,d544983-dirty
hf_eager,16,151936,50,0.9,float16,hot,n/a,1188.033,1187.777,1190.451,1188.600,1.357,5,100,10,4861952,8.792,0.007401,false,1,d544983-dirty
ref_eager_fullsort,32,151936,50,0.9,float16,hot,n/a,1539.387,1537.835,1540.102,1539.230,1.044,5,78,10,9723904,17.585,0.011423,false,1,d544983-dirty
tight_eager,32,151936,50,0.9,float16,hot,n/a,219.727,219.647,221.124,220.082,0.756,5,535,53,9723904,17.585,0.080030,false,1,d544983-dirty
flashinfer,32,151936,50,0.9,float16,hot,n/a,176.586,174.589,176.645,176.070,1.080,5,699,69,9723904,17.585,0.099581,false,1,d544983-dirty
flashinfer_from_probs,32,151936,50,0.9,float16,hot,n/a,101.228,101.205,101.247,101.226,0.018,5,1113,111,19447808,35.169,0.347424,false,1,d544983-dirty
fused_kernel,32,151936,50,0.9,float16,hot,n/a,30.983,30.800,31.034,30.935,0.107,5,3871,387,9723904,17.585,0.567554,false,1,d544983-dirty
compile,32,151936,50,0.9,float16,hot,n/a,192.129,192.046,192.176,192.116,0.058,5,606,60,9723904,17.585,0.091525,false,1,d544983-dirty
graph_eager,32,151936,50,0.9,float16,hot,n/a,167.404,167.108,167.435,167.336,0.167,5,717,71,9723904,17.585,0.105043,false,1,d544983-dirty
graph_compile,32,151936,50,0.9,float16,hot,n/a,151.482,151.230,151.558,151.443,0.157,5,789,78,9723904,17.585,0.116084,false,1,d544983-dirty
hf_eager,32,151936,50,0.9,float16,hot,n/a,2194.497,2194.183,2195.266,2194.624,0.487,5,54,10,9723904,17.585,0.008013,false,1,d544983-dirty
ref_eager_fullsort,1,151936,50,0.9,float16,cold,rotate,141.626,141.033,141.731,141.492,0.334,5,821,82,303872,0.550,0.003880,false,1,d544983-dirty
tight_eager,1,151936,50,0.9,float16,cold,rotate,137.422,137.043,137.493,137.320,0.210,5,850,85,303872,0.550,0.003999,false,1,d544983-dirty
flashinfer,1,151936,50,0.9,float16,cold,rotate,84.579,84.261,85.045,84.637,0.351,5,1332,133,303872,0.550,0.006497,false,1,d544983-dirty
flashinfer_from_probs,1,151936,50,0.9,float16,cold,rotate,75.491,75.178,75.528,75.392,0.172,5,1435,143,607744,1.099,0.014559,false,1,d544983-dirty
fused_kernel,1,151936,50,0.9,float16,cold,rotate,20.805,20.799,20.833,20.812,0.016,5,5000,500,303872,0.550,0.026413,false,1,d544983-dirty
compile,1,151936,50,0.9,float16,cold,rotate,162.205,162.018,162.266,162.171,0.114,5,703,70,303872,0.550,0.003388,false,1,d544983-dirty
graph_eager,1,151936,50,0.9,float16,cold,rotate_into_static,82.874,82.822,82.883,82.858,0.030,5,1435,143,303872,0.550,0.006631,false,1,d544983-dirty
graph_compile,1,151936,50,0.9,float16,cold,rotate_into_static,77.007,73.331,78.234,76.035,2.499,5,1510,151,303872,0.550,0.007136,false,1,d544983-dirty
hf_eager,1,151936,50,0.9,float16,cold,rotate,325.409,325.083,325.595,325.373,0.230,5,363,36,303872,0.550,0.001689,false,1,d544983-dirty
ref_eager_fullsort,4,151936,50,0.9,float16,cold,rotate,238.636,237.655,238.830,238.408,0.550,5,497,49,1215488,2.198,0.009211,false,1,d544983-dirty
tight_eager,4,151936,50,0.9,float16,cold,rotate,165.127,165.085,165.178,165.132,0.043,5,719,71,1215488,2.198,0.013311,false,1,d544983-dirty
flashinfer,4,151936,50,0.9,float16,cold,rotate,87.393,87.338,87.415,87.383,0.034,5,1322,132,1215488,2.198,0.025152,false,1,d544983-dirty
flashinfer_from_probs,4,151936,50,0.9,float16,cold,rotate,74.913,74.721,74.961,74.860,0.114,5,1477,147,2430976,4.396,0.058683,false,1,d544983-dirty
fused_kernel,4,151936,50,0.9,float16,cold,rotate,22.429,22.416,22.453,22.433,0.017,5,5000,500,1215488,2.198,0.098001,false,1,d544983-dirty
compile,4,151936,50,0.9,float16,cold,rotate,154.648,154.313,154.719,154.582,0.198,5,733,73,1215488,2.198,0.014213,false,1,d544983-dirty
graph_eager,4,151936,50,0.9,float16,cold,rotate_into_static,109.473,109.369,109.486,109.449,0.058,5,1100,110,1215488,2.198,0.020079,false,1,d544983-dirty
graph_compile,4,151936,50,0.9,float16,cold,rotate_into_static,100.936,100.902,100.962,100.932,0.026,5,1183,118,1215488,2.198,0.021777,false,1,d544983-dirty
hf_eager,4,151936,50,0.9,float16,cold,rotate,598.799,598.504,599.131,598.833,0.276,5,199,19,1215488,2.198,0.003671,false,1,d544983-dirty
ref_eager_fullsort,8,151936,50,0.9,float16,cold,rotate,354.306,347.157,355.149,352.714,4.060,5,350,35,2430976,4.396,0.012408,false,1,d544983-dirty
tight_eager,8,151936,50,0.9,float16,cold,rotate,169.347,169.176,169.615,169.369,0.200,5,699,69,2430976,4.396,0.025959,false,1,d544983-dirty
flashinfer,8,151936,50,0.9,float16,cold,rotate,92.793,92.767,92.858,92.802,0.042,5,1267,126,2430976,4.396,0.047376,false,1,d544983-dirty
flashinfer_from_probs,8,151936,50,0.9,float16,cold,rotate,75.178,74.724,75.235,75.032,0.248,5,1464,146,4861952,8.792,0.116954,false,1,d544983-dirty
fused_kernel,8,151936,50,0.9,float16,cold,rotate,23.961,23.934,23.970,23.954,0.016,5,4813,481,2430976,4.396,0.183475,false,1,d544983-dirty
compile,8,151936,50,0.9,float16,cold,rotate,154.236,154.057,154.640,154.296,0.264,5,733,73,2430976,4.396,0.028503,false,1,d544983-dirty
graph_eager,8,151936,50,0.9,float16,cold,rotate_into_static,115.212,115.080,115.289,115.199,0.092,5,1040,104,2430976,4.396,0.038157,false,1,d544983-dirty
graph_compile,8,151936,50,0.9,float16,cold,rotate_into_static,105.772,105.717,105.835,105.779,0.053,5,1126,112,2430976,4.396,0.041563,false,1,d544983-dirty
hf_eager,8,151936,50,0.9,float16,cold,rotate,705.739,702.805,712.138,706.629,4.167,5,166,16,2430976,4.396,0.006229,false,1,d544983-dirty
ref_eager_fullsort,16,151936,50,0.9,float16,cold,rotate,696.781,682.184,697.778,692.883,7.734,5,180,18,4861952,8.792,0.012618,false,1,d544983-dirty
tight_eager,16,151936,50,0.9,float16,cold,rotate,187.833,187.744,187.882,187.826,0.064,5,632,63,4861952,8.792,0.046809,false,1,d544983-dirty
flashinfer,16,151936,50,0.9,float16,cold,rotate,119.170,119.158,119.229,119.182,0.034,5,987,98,4861952,8.792,0.073780,false,1,d544983-dirty
flashinfer_from_probs,16,151936,50,0.9,float16,cold,rotate,78.316,78.284,78.332,78.313,0.022,5,1459,145,9723904,17.585,0.224535,false,1,d544983-dirty
fused_kernel,16,151936,50,0.9,float16,cold,rotate,29.469,29.314,29.529,29.440,0.100,5,4054,405,4861952,8.792,0.298360,false,1,d544983-dirty
compile,16,151936,50,0.9,float16,cold,rotate,159.806,159.776,159.913,159.831,0.063,5,712,71,4861952,8.792,0.055019,false,1,d544983-dirty
graph_eager,16,151936,50,0.9,float16,cold,rotate_into_static,132.175,131.805,132.253,132.100,0.216,5,907,90,4861952,8.792,0.066520,false,1,d544983-dirty
graph_compile,16,151936,50,0.9,float16,cold,rotate_into_static,119.427,119.379,119.456,119.421,0.033,5,998,99,4861952,8.792,0.073621,false,1,d544983-dirty
hf_eager,16,151936,50,0.9,float16,cold,rotate,1154.998,1154.764,1156.725,1155.418,0.949,5,103,10,4861952,8.792,0.007612,false,1,d544983-dirty
ref_eager_fullsort,32,151936,50,0.9,float16,cold,rotate,1541.553,1541.545,1542.350,1541.844,0.411,5,78,10,9723904,17.585,0.011407,false,1,d544983-dirty
tight_eager,32,151936,50,0.9,float16,cold,rotate,229.973,229.815,231.350,230.309,0.755,5,510,51,9723904,17.585,0.076464,false,1,d544983-dirty
flashinfer,32,151936,50,0.9,float16,cold,rotate,193.694,192.701,193.928,193.494,0.580,5,633,63,9723904,17.585,0.090786,false,1,d544983-dirty
flashinfer_from_probs,32,151936,50,0.9,float16,cold,rotate,127.641,127.602,127.701,127.643,0.045,5,925,92,19447808,35.169,0.275532,false,1,d544983-dirty
fused_kernel,32,151936,50,0.9,float16,cold,rotate,42.969,42.162,43.004,42.762,0.437,5,2846,284,9723904,17.585,0.409239,false,1,d544983-dirty
compile,32,151936,50,0.9,float16,cold,rotate,196.385,196.329,196.437,196.382,0.047,5,595,59,9723904,17.585,0.089542,false,1,d544983-dirty
graph_eager,32,151936,50,0.9,float16,cold,rotate_into_static,191.700,191.418,192.167,191.755,0.327,5,623,62,9723904,17.585,0.091730,false,1,d544983-dirty
graph_compile,32,151936,50,0.9,float16,cold,rotate_into_static,174.693,174.379,174.768,174.630,0.183,5,685,68,9723904,17.585,0.100660,false,1,d544983-dirty
hf_eager,32,151936,50,0.9,float16,cold,rotate,2190.272,2189.584,2190.971,2190.284,0.605,5,54,10,9723904,17.585,0.008029,false,1,d544983-dirty
ref_eager_fullsort,1,151936,50,0.9,bfloat16,hot,n/a,138.612,138.594,139.037,138.722,0.230,5,841,84,303872,0.550,0.003964,false,1,d544983-dirty
tight_eager,1,151936,50,0.9,bfloat16,hot,n/a,135.826,135.498,136.421,135.893,0.414,5,859,85,303872,0.550,0.004046,false,1,d544983-dirty
flashinfer,1,151936,50,0.9,bfloat16,hot,n/a,83.999,83.891,84.065,83.981,0.075,5,1342,134,303872,0.550,0.006542,false,1,d544983-dirty
flashinfer_from_probs,1,151936,50,0.9,bfloat16,hot,n/a,73.770,73.708,73.850,73.771,0.064,5,1472,147,607744,1.099,0.014898,false,1,d544983-dirty
fused_kernel,1,151936,50,0.9,bfloat16,hot,n/a,20.382,20.333,20.420,20.383,0.039,5,5000,500,303872,0.550,0.026961,false,1,d544983-dirty
compile,1,151936,50,0.9,bfloat16,hot,n/a,159.146,158.592,159.275,159.052,0.339,5,719,71,303872,0.550,0.003453,false,1,d544983-dirty
graph_eager,1,151936,50,0.9,bfloat16,hot,n/a,81.586,81.560,81.594,81.580,0.016,5,1463,146,303872,0.550,0.006735,false,1,d544983-dirty
graph_compile,1,151936,50,0.9,bfloat16,hot,n/a,71.883,71.848,71.933,71.886,0.037,5,1672,167,303872,0.550,0.007645,false,1,d544983-dirty
hf_eager,1,151936,50,0.9,bfloat16,hot,n/a,325.099,324.845,325.674,325.209,0.392,5,368,36,303872,0.550,0.001690,false,1,d544983-dirty
ref_eager_fullsort,4,151936,50,0.9,bfloat16,hot,n/a,230.967,230.342,231.088,230.828,0.354,5,510,51,1215488,2.198,0.009517,false,1,d544983-dirty
tight_eager,4,151936,50,0.9,bfloat16,hot,n/a,163.710,163.669,163.825,163.740,0.071,5,728,72,1215488,2.198,0.013427,false,1,d544983-dirty
flashinfer,4,151936,50,0.9,bfloat16,hot,n/a,85.540,85.484,85.609,85.552,0.057,5,1331,133,1215488,2.198,0.025696,false,1,d544983-dirty
flashinfer_from_probs,4,151936,50,0.9,bfloat16,hot,n/a,74.495,74.463,74.786,74.599,0.166,5,1474,147,2430976,4.396,0.059013,false,1,d544983-dirty
fused_kernel,4,151936,50,0.9,bfloat16,hot,n/a,20.758,20.754,20.769,20.760,0.006,5,5000,500,1215488,2.198,0.105891,false,1,d544983-dirty
compile,4,151936,50,0.9,bfloat16,hot,n/a,153.011,152.742,153.335,153.001,0.264,5,736,73,1215488,2.198,0.014366,false,1,d544983-dirty
graph_eager,4,151936,50,0.9,bfloat16,hot,n/a,105.683,105.141,105.727,105.544,0.292,5,1156,115,1215488,2.198,0.020799,false,1,d544983-dirty
graph_compile,4,151936,50,0.9,bfloat16,hot,n/a,95.081,95.068,95.106,95.087,0.017,5,1264,126,1215488,2.198,0.023118,false,1,d544983-dirty
hf_eager,4,151936,50,0.9,bfloat16,hot,n/a,598.821,598.648,598.867,598.773,0.101,5,198,19,1215488,2.198,0.003671,false,1,d544983-dirty
ref_eager_fullsort,8,151936,50,0.9,bfloat16,hot,n/a,346.576,337.077,347.559,344.113,5.105,5,360,36,2430976,4.396,0.012685,false,1,d544983-dirty
tight_eager,8,151936,50,0.9,bfloat16,hot,n/a,167.044,166.955,167.579,167.184,0.290,5,714,71,2430976,4.396,0.026317,false,1,d544983-dirty
flashinfer,8,151936,50,0.9,bfloat16,hot,n/a,91.042,90.961,91.149,91.049,0.082,5,1306,130,2430976,4.396,0.048287,false,1,d544983-dirty
flashinfer_from_probs,8,151936,50,0.9,bfloat16,hot,n/a,75.247,75.211,75.283,75.247,0.031,5,1467,146,4861952,8.792,0.116846,false,1,d544983-dirty
fused_kernel,8,151936,50,0.9,bfloat16,hot,n/a,21.229,21.211,21.236,21.226,0.011,5,5000,500,2430976,4.396,0.207086,false,1,d544983-dirty
compile,8,151936,50,0.9,bfloat16,hot,n/a,153.943,153.900,154.388,154.070,0.235,5,735,73,2430976,4.396,0.028557,false,1,d544983-dirty
graph_eager,8,151936,50,0.9,bfloat16,hot,n/a,108.195,107.810,108.272,108.121,0.230,5,1111,111,2430976,4.396,0.040632,false,1,d544983-dirty
graph_compile,8,151936,50,0.9,bfloat16,hot,n/a,98.148,98.100,98.176,98.137,0.035,5,1221,122,2430976,4.396,0.044791,false,1,d544983-dirty
hf_eager,8,151936,50,0.9,bfloat16,hot,n/a,707.099,706.440,713.555,708.668,3.550,5,166,16,2430976,4.396,0.006217,false,1,d544983-dirty
ref_eager_fullsort,16,151936,50,0.9,bfloat16,hot,n/a,707.159,695.317,708.081,704.072,6.329,5,176,17,4861952,8.792,0.012433,false,1,d544983-dirty
tight_eager,16,151936,50,0.9,bfloat16,hot,n/a,183.347,183.067,183.464,183.287,0.179,5,651,65,4861952,8.792,0.047955,false,1,d544983-dirty
flashinfer,16,151936,50,0.9,bfloat16,hot,n/a,115.013,115.006,115.043,115.020,0.017,5,1034,103,4861952,8.792,0.076446,false,1,d544983-dirty
flashinfer_from_probs,16,151936,50,0.9,bfloat16,hot,n/a,74.594,74.486,74.666,74.577,0.079,5,1497,149,9723904,17.585,0.235737,false,1,d544983-dirty
fused_kernel,16,151936,50,0.9,bfloat16,hot,n/a,25.104,24.561,25.180,24.977,0.302,5,5000,500,4861952,8.792,0.350232,false,1,d544983-dirty
compile,16,151936,50,0.9,bfloat16,hot,n/a,182.552,181.943,183.059,182.448,0.514,5,639,63,4861952,8.792,0.048163,false,1,d544983-dirty
graph_eager,16,151936,50,0.9,bfloat16,hot,n/a,122.414,121.831,122.521,122.284,0.330,5,987,98,4861952,8.792,0.071825,false,1,d544983-dirty
graph_compile,16,151936,50,0.9,bfloat16,hot,n/a,122.567,122.347,122.587,122.514,0.122,5,974,97,4861952,8.792,0.071735,false,1,d544983-dirty
hf_eager,16,151936,50,0.9,bfloat16,hot,n/a,1189.884,1188.785,1191.796,1189.978,1.393,5,100,10,4861952,8.792,0.007389,false,1,d544983-dirty
ref_eager_fullsort,32,151936,50,0.9,bfloat16,hot,n/a,1538.083,1537.240,1538.318,1537.855,0.506,5,78,10,9723904,17.585,0.011433,false,1,d544983-dirty
tight_eager,32,151936,50,0.9,bfloat16,hot,n/a,219.109,219.072,219.829,219.291,0.391,5,539,53,9723904,17.585,0.080255,false,1,d544983-dirty
flashinfer,32,151936,50,0.9,bfloat16,hot,n/a,177.234,175.503,177.329,176.790,0.937,5,694,69,9723904,17.585,0.099217,false,1,d544983-dirty
flashinfer_from_probs,32,151936,50,0.9,bfloat16,hot,n/a,101.227,101.189,101.238,101.215,0.024,5,1172,117,19447808,35.169,0.347431,false,1,d544983-dirty
fused_kernel,32,151936,50,0.9,bfloat16,hot,n/a,32.797,32.016,32.801,32.602,0.436,5,3785,378,9723904,17.585,0.536167,false,1,d544983-dirty
compile,32,151936,50,0.9,bfloat16,hot,n/a,219.335,219.228,220.127,219.516,0.446,5,533,53,9723904,17.585,0.080173,false,1,d544983-dirty
graph_eager,32,151936,50,0.9,bfloat16,hot,n/a,168.117,166.244,168.133,167.624,1.008,5,730,73,9723904,17.585,0.104598,false,1,d544983-dirty
graph_compile,32,151936,50,0.9,bfloat16,hot,n/a,172.395,169.738,172.447,171.739,1.479,5,694,69,9723904,17.585,0.102002,false,1,d544983-dirty
hf_eager,32,151936,50,0.9,bfloat16,hot,n/a,2193.457,2192.611,2194.372,2193.592,0.802,5,54,10,9723904,17.585,0.008017,false,1,d544983-dirty
ref_eager_fullsort,1,151936,50,0.9,bfloat16,cold,rotate,140.482,139.854,140.657,140.345,0.376,5,825,82,303872,0.550,0.003912,false,1,d544983-dirty
tight_eager,1,151936,50,0.9,bfloat16,cold,rotate,137.516,137.043,137.755,137.467,0.328,5,851,85,303872,0.550,0.003996,false,1,d544983-dirty
flashinfer,1,151936,50,0.9,bfloat16,cold,rotate,84.948,84.741,85.072,84.915,0.146,5,1302,130,303872,0.550,0.006469,false,1,d544983-dirty
flashinfer_from_probs,1,151936,50,0.9,bfloat16,cold,rotate,74.844,74.796,75.246,74.941,0.221,5,1456,145,607744,1.099,0.014684,false,1,d544983-dirty
fused_kernel,1,151936,50,0.9,bfloat16,cold,rotate,22.310,22.306,22.320,22.312,0.006,5,5000,500,303872,0.550,0.024631,false,1,d544983-dirty
compile,1,151936,50,0.9,bfloat16,cold,rotate,163.327,163.098,163.685,163.367,0.261,5,700,70,303872,0.550,0.003365,false,1,d544983-dirty
graph_eager,1,151936,50,0.9,bfloat16,cold,rotate_into_static,82.834,82.819,82.900,82.847,0.039,5,1434,143,303872,0.550,0.006634,false,1,d544983-dirty
graph_compile,1,151936,50,0.9,bfloat16,cold,rotate_into_static,73.510,73.389,73.539,73.488,0.073,5,1622,162,303872,0.550,0.007475,false,1,d544983-dirty
hf_eager,1,151936,50,0.9,bfloat16,cold,rotate,325.423,325.084,325.746,325.441,0.309,5,367,36,303872,0.550,0.001689,false,1,d544983-dirty
ref_eager_fullsort,4,151936,50,0.9,bfloat16,cold,rotate,233.123,232.373,233.283,232.965,0.433,5,512,51,1215488,2.198,0.009429,false,1,d544983-dirty
tight_eager,4,151936,50,0.9,bfloat16,cold,rotate,165.733,165.625,165.850,165.726,0.100,5,727,72,1215488,2.198,0.013263,false,1,d544983-dirty
flashinfer,4,151936,50,0.9,bfloat16,cold,rotate,87.335,87.312,87.380,87.341,0.030,5,1331,133,1215488,2.198,0.025168,false,1,d544983-dirty
flashinfer_from_probs,4,151936,50,0.9,bfloat16,cold,rotate,74.469,74.320,74.504,74.445,0.092,5,1462,146,2430976,4.396,0.059033,false,1,d544983-dirty
fused_kernel,4,151936,50,0.9,bfloat16,cold,rotate,22.786,22.769,22.790,22.782,0.010,5,5000,500,1215488,2.198,0.096466,false,1,d544983-dirty
compile,4,151936,50,0.9,bfloat16,cold,rotate,155.085,154.676,155.157,154.980,0.228,5,725,72,1215488,2.198,0.014173,false,1,d544983-dirty
graph_eager,4,151936,50,0.9,bfloat16,cold,rotate_into_static,110.960,110.413,110.997,110.822,0.297,5,1089,108,1215488,2.198,0.019810,false,1,d544983-dirty
graph_compile,4,151936,50,0.9,bfloat16,cold,rotate_into_static,100.966,100.921,101.017,100.967,0.045,5,1179,117,1215488,2.198,0.021770,false,1,d544983-dirty
hf_eager,4,151936,50,0.9,bfloat16,cold,rotate,599.680,599.420,600.089,599.711,0.309,5,198,19,1215488,2.198,0.003665,false,1,d544983-dirty
ref_eager_fullsort,8,151936,50,0.9,bfloat16,cold,rotate,345.153,335.922,346.353,342.932,5.083,5,360,36,2430976,4.396,0.012737,false,1,d544983-dirty
tight_eager,8,151936,50,0.9,bfloat16,cold,rotate,170.714,170.557,170.971,170.729,0.189,5,693,69,2430976,4.396,0.025752,false,1,d544983-dirty
flashinfer,8,151936,50,0.9,bfloat16,cold,rotate,92.973,92.961,93.006,92.979,0.020,5,1270,127,2430976,4.396,0.047284,false,1,d544983-dirty
flashinfer_from_probs,8,151936,50,0.9,bfloat16,cold,rotate,75.380,75.209,75.526,75.376,0.139,5,1453,145,4861952,8.792,0.116640,false,1,d544983-dirty
fused_kernel,8,151936,50,0.9,bfloat16,cold,rotate,24.979,24.974,24.991,24.981,0.008,5,4800,480,2430976,4.396,0.175992,false,1,d544983-dirty
compile,8,151936,50,0.9,bfloat16,cold,rotate,154.001,153.817,154.497,154.106,0.319,5,728,72,2430976,4.396,0.028546,false,1,d544983-dirty
graph_eager,8,151936,50,0.9,bfloat16,cold,rotate_into_static,115.682,115.357,115.729,115.608,0.183,5,1019,101,2430976,4.396,0.038002,false,1,d544983-dirty
graph_compile,8,151936,50,0.9,bfloat16,cold,rotate_into_static,105.753,105.689,105.776,105.742,0.039,5,1115,111,2430976,4.396,0.041570,false,1,d544983-dirty
hf_eager,8,151936,50,0.9,bfloat16,cold,rotate,705.711,702.937,712.590,706.775,4.351,5,166,16,2430976,4.396,0.006229,false,1,d544983-dirty
ref_eager_fullsort,16,151936,50,0.9,bfloat16,cold,rotate,704.042,691.000,704.531,700.427,6.806,5,177,17,4861952,8.792,0.012488,false,1,d544983-dirty
tight_eager,16,151936,50,0.9,bfloat16,cold,rotate,187.605,187.444,187.820,187.616,0.164,5,633,63,4861952,8.792,0.046866,false,1,d544983-dirty
flashinfer,16,151936,50,0.9,bfloat16,cold,rotate,119.070,119.054,119.132,119.085,0.036,5,999,99,4861952,8.792,0.073842,false,1,d544983-dirty
flashinfer_from_probs,16,151936,50,0.9,bfloat16,cold,rotate,78.317,78.287,78.344,78.316,0.024,5,1482,148,9723904,17.585,0.224532,false,1,d544983-dirty
fused_kernel,16,151936,50,0.9,bfloat16,cold,rotate,30.203,29.860,30.314,30.128,0.208,5,3927,392,4861952,8.792,0.291108,false,1,d544983-dirty
compile,16,151936,50,0.9,bfloat16,cold,rotate,187.335,186.999,187.628,187.310,0.272,5,622,62,4861952,8.792,0.046934,false,1,d544983-dirty
graph_eager,16,151936,50,0.9,bfloat16,cold,rotate_into_static,132.058,131.526,132.177,131.952,0.311,5,911,91,4861952,8.792,0.066579,false,1,d544983-dirty
graph_compile,16,151936,50,0.9,bfloat16,cold,rotate_into_static,132.128,132.022,132.179,132.112,0.070,5,899,89,4861952,8.792,0.066544,false,1,d544983-dirty
hf_eager,16,151936,50,0.9,bfloat16,cold,rotate,1155.111,1154.437,1156.452,1155.267,0.900,5,103,10,4861952,8.792,0.007612,false,1,d544983-dirty
ref_eager_fullsort,32,151936,50,0.9,bfloat16,cold,rotate,1536.777,1536.401,1537.021,1536.762,0.277,5,78,10,9723904,17.585,0.011443,false,1,d544983-dirty
tight_eager,32,151936,50,0.9,bfloat16,cold,rotate,230.537,230.460,231.489,230.779,0.514,5,511,51,9723904,17.585,0.076277,false,1,d544983-dirty
flashinfer,32,151936,50,0.9,bfloat16,cold,rotate,193.615,192.481,193.681,193.315,0.603,5,632,63,9723904,17.585,0.090823,false,1,d544983-dirty
flashinfer_from_probs,32,151936,50,0.9,bfloat16,cold,rotate,127.666,127.606,127.716,127.658,0.048,5,923,92,19447808,35.169,0.275478,false,1,d544983-dirty
fused_kernel,32,151936,50,0.9,bfloat16,cold,rotate,43.655,43.234,43.780,43.575,0.253,5,2689,268,9723904,17.585,0.402808,false,1,d544983-dirty
compile,32,151936,50,0.9,bfloat16,cold,rotate,229.889,229.657,230.817,230.058,0.555,5,510,51,9723904,17.585,0.076492,false,1,d544983-dirty
graph_eager,32,151936,50,0.9,bfloat16,cold,rotate_into_static,192.240,190.105,192.338,191.723,1.188,5,639,63,9723904,17.585,0.091472,false,1,d544983-dirty
graph_compile,32,151936,50,0.9,bfloat16,cold,rotate_into_static,192.205,191.769,192.305,192.123,0.259,5,623,62,9723904,17.585,0.091489,false,1,d544983-dirty
hf_eager,32,151936,50,0.9,bfloat16,cold,rotate,2190.424,2190.323,2193.027,2191.057,1.457,5,54,10,9723904,17.585,0.008028,false,1,d544983-dirty
ref_eager_fullsort,1,128256,20,0.9,bfloat16,hot,n/a,137.695,137.534,137.807,137.692,0.124,5,840,84,256512,0.464,0.003369,false,1,d544983-dirty
tight_eager,1,128256,20,0.9,bfloat16,hot,n/a,136.023,135.749,136.406,136.064,0.288,5,861,86,256512,0.464,0.003410,false,1,d544983-dirty
flashinfer,1,128256,20,0.9,bfloat16,hot,n/a,83.373,83.334,83.407,83.372,0.034,5,1346,134,256512,0.464,0.005564,false,1,d544983-dirty
flashinfer_from_probs,1,128256,20,0.9,bfloat16,hot,n/a,74.224,74.084,74.409,74.237,0.140,5,1544,154,513024,0.928,0.012499,false,1,d544983-dirty
fused_kernel,1,128256,20,0.9,bfloat16,hot,n/a,17.280,17.274,17.281,17.278,0.003,5,5000,500,256512,0.464,0.026845,false,1,d544983-dirty
compile,1,128256,20,0.9,bfloat16,hot,n/a,162.365,162.294,162.596,162.431,0.149,5,713,71,256512,0.464,0.002857,false,1,d544983-dirty
graph_eager,1,128256,20,0.9,bfloat16,hot,n/a,76.926,76.891,76.969,76.930,0.034,5,1541,154,256512,0.464,0.006030,false,1,d544983-dirty
graph_compile,1,128256,20,0.9,bfloat16,hot,n/a,77.000,76.975,77.045,77.006,0.031,5,1542,154,256512,0.464,0.006024,false,1,d544983-dirty
hf_eager,1,128256,20,0.9,bfloat16,hot,n/a,338.202,338.058,338.239,338.177,0.087,5,353,35,256512,0.464,0.001372,false,1,d544983-dirty
ref_eager_fullsort,32,128256,20,0.9,bfloat16,hot,n/a,1279.622,1264.681,1280.057,1275.449,7.775,5,95,10,8208384,14.844,0.011600,false,1,d544983-dirty
tight_eager,32,128256,20,0.9,bfloat16,hot,n/a,202.560,202.543,203.235,202.735,0.365,5,581,58,8208384,14.844,0.073282,false,1,d544983-dirty
flashinfer,32,128256,20,0.9,bfloat16,hot,n/a,141.685,140.608,141.945,141.478,0.650,5,863,86,8208384,14.844,0.104767,false,1,d544983-dirty
flashinfer_from_probs,32,128256,20,0.9,bfloat16,hot,n/a,84.294,84.278,84.390,84.326,0.058,5,1379,137,16416768,29.688,0.352194,false,1,d544983-dirty
fused_kernel,32,128256,20,0.9,bfloat16,hot,n/a,26.558,25.850,26.586,26.363,0.371,5,4870,487,8208384,14.844,0.558931,false,1,d544983-dirty
compile,32,128256,20,0.9,bfloat16,hot,n/a,202.624,202.401,203.577,202.813,0.558,5,576,57,8208384,14.844,0.073259,false,1,d544983-dirty
graph_eager,32,128256,20,0.9,bfloat16,hot,n/a,150.801,149.573,150.869,150.462,0.642,5,810,81,8208384,14.844,0.098434,false,1,d544983-dirty
graph_compile,32,128256,20,0.9,bfloat16,hot,n/a,150.899,150.744,150.965,150.877,0.101,5,792,79,8208384,14.844,0.098370,false,1,d544983-dirty
hf_eager,32,128256,20,0.9,bfloat16,hot,n/a,1837.832,1837.360,1838.337,1837.855,0.430,5,65,10,8208384,14.844,0.008077,false,1,d544983-dirty
ref_eager_fullsort,1,128256,20,0.95,bfloat16,hot,n/a,137.821,137.742,138.066,137.860,0.153,5,831,83,256512,0.464,0.003366,false,1,d544983-dirty
tight_eager,1,128256,20,0.95,bfloat16,hot,n/a,136.080,135.825,136.277,136.078,0.202,5,858,85,256512,0.464,0.003409,false,1,d544983-dirty
flashinfer,1,128256,20,0.95,bfloat16,hot,n/a,83.419,83.274,83.603,83.427,0.142,5,1344,134,256512,0.464,0.005561,false,1,d544983-dirty
flashinfer_from_probs,1,128256,20,0.95,bfloat16,hot,n/a,74.572,74.245,74.714,74.524,0.210,5,1515,151,513024,0.928,0.012441,false,1,d544983-dirty
fused_kernel,1,128256,20,0.95,bfloat16,hot,n/a,17.310,17.305,17.312,17.309,0.003,5,5000,500,256512,0.464,0.026798,false,1,d544983-dirty
compile,1,128256,20,0.95,bfloat16,hot,n/a,161.384,161.369,161.733,161.488,0.178,5,714,71,256512,0.464,0.002874,false,1,d544983-dirty
graph_eager,1,128256,20,0.95,bfloat16,hot,n/a,76.872,76.839,76.945,76.890,0.050,5,1556,155,256512,0.464,0.006034,false,1,d544983-dirty
graph_compile,1,128256,20,0.95,bfloat16,hot,n/a,76.960,76.928,76.979,76.959,0.023,5,1548,154,256512,0.464,0.006027,false,1,d544983-dirty
hf_eager,1,128256,20,0.95,bfloat16,hot,n/a,338.211,337.951,338.330,338.169,0.169,5,353,35,256512,0.464,0.001372,false,1,d544983-dirty
ref_eager_fullsort,32,128256,20,0.95,bfloat16,hot,n/a,1278.598,1263.761,1279.492,1274.625,7.848,5,95,10,8208384,14.844,0.011610,false,1,d544983-dirty
tight_eager,32,128256,20,0.95,bfloat16,hot,n/a,202.102,202.087,202.606,202.234,0.272,5,586,58,8208384,14.844,0.073448,false,1,d544983-dirty
flashinfer,32,128256,20,0.95,bfloat16,hot,n/a,141.122,139.975,141.160,140.840,0.640,5,866,86,8208384,14.844,0.105185,false,1,d544983-dirty
flashinfer_from_probs,32,128256,20,0.95,bfloat16,hot,n/a,83.494,83.404,83.546,83.483,0.063,5,1395,139,16416768,29.688,0.355569,false,1,d544983-dirty
fused_kernel,32,128256,20,0.95,bfloat16,hot,n/a,26.661,26.160,26.670,26.534,0.276,5,4749,474,8208384,14.844,0.556758,false,1,d544983-dirty
compile,32,128256,20,0.95,bfloat16,hot,n/a,202.604,202.595,203.334,202.795,0.394,5,582,58,8208384,14.844,0.073266,false,1,d544983-dirty
graph_eager,32,128256,20,0.95,bfloat16,hot,n/a,150.435,149.208,150.509,150.101,0.645,5,810,81,8208384,14.844,0.098674,false,1,d544983-dirty
graph_compile,32,128256,20,0.95,bfloat16,hot,n/a,155.554,155.341,155.639,155.526,0.138,5,770,77,8208384,14.844,0.095426,false,1,d544983-dirty
hf_eager,32,128256,20,0.95,bfloat16,hot,n/a,1836.125,1835.414,1836.262,1835.915,0.393,5,65,10,8208384,14.844,0.008084,false,1,d544983-dirty
ref_eager_fullsort,1,128256,50,0.9,bfloat16,hot,n/a,136.541,136.359,136.824,136.568,0.205,5,830,83,256512,0.464,0.003397,false,1,d544983-dirty
tight_eager,1,128256,50,0.9,bfloat16,hot,n/a,133.436,133.117,134.416,133.596,0.604,5,880,88,256512,0.464,0.003476,false,1,d544983-dirty
flashinfer,1,128256,50,0.9,bfloat16,hot,n/a,82.716,82.673,82.811,82.726,0.064,5,1368,136,256512,0.464,0.005608,false,1,d544983-dirty
flashinfer_from_probs,1,128256,50,0.9,bfloat16,hot,n/a,73.997,73.840,74.185,74.016,0.156,5,1534,153,513024,0.928,0.012538,false,1,d544983-dirty
fused_kernel,1,128256,50,0.9,bfloat16,hot,n/a,18.109,18.095,18.137,18.112,0.019,5,5000,500,256512,0.464,0.025615,false,1,d544983-dirty
compile,1,128256,50,0.9,bfloat16,hot,n/a,159.554,159.380,159.836,159.607,0.213,5,724,72,256512,0.464,0.002907,false,1,d544983-dirty
graph_eager,1,128256,50,0.9,bfloat16,hot,n/a,77.757,77.724,77.781,77.753,0.026,5,1530,153,256512,0.464,0.005966,false,1,d544983-dirty
graph_compile,1,128256,50,0.9,bfloat16,hot,n/a,77.733,77.730,77.743,77.735,0.006,5,1529,152,256512,0.464,0.005968,false,1,d544983-dirty
hf_eager,1,128256,50,0.9,bfloat16,hot,n/a,340.083,339.937,340.217,340.096,0.128,5,351,35,256512,0.464,0.001364,false,1,d544983-dirty
ref_eager_fullsort,32,128256,50,0.9,bfloat16,hot,n/a,1279.136,1263.176,1279.689,1274.399,8.131,5,95,10,8208384,14.844,0.011605,false,1,d544983-dirty
tight_eager,32,128256,50,0.9,bfloat16,hot,n/a,202.483,202.304,202.712,202.496,0.178,5,587,58,8208384,14.844,0.073310,false,1,d544983-dirty
flashinfer,32,128256,50,0.9,bfloat16,hot,n/a,141.779,140.527,141.846,141.479,0.704,5,866,86,8208384,14.844,0.104698,false,1,d544983-dirty
flashinfer_from_probs,32,128256,50,0.9,bfloat16,hot,n/a,82.718,82.712,82.768,82.733,0.027,5,1407,140,16416768,29.688,0.358903,false,1,d544983-dirty
fused_kernel,32,128256,50,0.9,bfloat16,hot,n/a,28.733,28.688,28.745,28.724,0.026,5,4112,411,8208384,14.844,0.516613,false,1,d544983-dirty
compile,32,128256,50,0.9,bfloat16,hot,n/a,202.589,202.486,203.237,202.767,0.348,5,576,57,8208384,14.844,0.073271,false,1,d544983-dirty
graph_eager,32,128256,50,0.9,bfloat16,hot,n/a,150.526,149.176,150.591,150.168,0.717,5,810,81,8208384,14.844,0.098614,false,1,d544983-dirty
graph_compile,32,128256,50,0.9,bfloat16,hot,n/a,150.665,150.543,150.677,150.632,0.065,5,792,79,8208384,14.844,0.098523,false,1,d544983-dirty
hf_eager,32,128256,50,0.9,bfloat16,hot,n/a,1838.314,1837.973,1839.638,1838.628,0.763,5,65,10,8208384,14.844,0.008075,false,1,d544983-dirty
ref_eager_fullsort,1,128256,50,0.95,bfloat16,hot,n/a,137.307,137.089,137.464,137.277,0.163,5,839,83,256512,0.464,0.003378,false,1,d544983-dirty
tight_eager,1,128256,50,0.95,bfloat16,hot,n/a,134.154,134.014,134.213,134.129,0.091,5,866,86,256512,0.464,0.003458,false,1,d544983-dirty
flashinfer,1,128256,50,0.95,bfloat16,hot,n/a,83.058,82.870,83.354,83.100,0.209,5,1360,136,256512,0.464,0.005585,false,1,d544983-dirty
flashinfer_from_probs,1,128256,50,0.95,bfloat16,hot,n/a,74.225,74.123,74.371,74.235,0.108,5,1523,152,513024,0.928,0.012499,false,1,d544983-dirty
fused_kernel,1,128256,50,0.95,bfloat16,hot,n/a,19.403,19.391,19.423,19.403,0.015,5,5000,500,256512,0.464,0.023908,false,1,d544983-dirty
compile,1,128256,50,0.95,bfloat16,hot,n/a,160.861,160.696,160.977,160.830,0.130,5,718,71,256512,0.464,0.002884,false,1,d544983-dirty
graph_eager,1,128256,50,0.95,bfloat16,hot,n/a,77.712,77.668,77.726,77.701,0.028,5,1537,153,256512,0.464,0.005969,false,1,d544983-dirty
graph_compile,1,128256,50,0.95,bfloat16,hot,n/a,77.729,77.702,77.733,77.723,0.015,5,1538,153,256512,0.464,0.005968,false,1,d544983-dirty
hf_eager,1,128256,50,0.95,bfloat16,hot,n/a,340.019,339.923,340.146,340.022,0.097,5,351,35,256512,0.464,0.001364,false,1,d544983-dirty
ref_eager_fullsort,32,128256,50,0.95,bfloat16,hot,n/a,1278.319,1262.865,1278.895,1273.787,7.916,5,95,10,8208384,14.844,0.011612,false,1,d544983-dirty
tight_eager,32,128256,50,0.95,bfloat16,hot,n/a,201.521,201.304,202.627,201.771,0.630,5,587,58,8208384,14.844,0.073660,false,1,d544983-dirty
flashinfer,32,128256,50,0.95,bfloat16,hot,n/a,141.220,139.840,141.238,140.876,0.766,5,873,87,8208384,14.844,0.105112,false,1,d544983-dirty
flashinfer_from_probs,32,128256,50,0.95,bfloat16,hot,n/a,82.238,82.204,82.296,82.248,0.045,5,1417,141,16416768,29.688,0.360999,false,1,d544983-dirty
fused_kernel,32,128256,50,0.95,bfloat16,hot,n/a,28.734,28.722,28.743,28.734,0.009,5,4107,410,8208384,14.844,0.516604,false,1,d544983-dirty
compile,32,128256,50,0.95,bfloat16,hot,n/a,202.246,201.814,202.947,202.297,0.508,5,579,57,8208384,14.844,0.073396,false,1,d544983-dirty
graph_eager,32,128256,50,0.95,bfloat16,hot,n/a,150.256,148.963,150.407,149.960,0.726,5,812,81,8208384,14.844,0.098791,false,1,d544983-dirty
graph_compile,32,128256,50,0.95,bfloat16,hot,n/a,150.417,150.372,152.693,150.975,1.274,5,771,77,8208384,14.844,0.098686,false,1,d544983-dirty
hf_eager,32,128256,50,0.95,bfloat16,hot,n/a,1837.724,1837.461,1837.834,1837.693,0.173,5,65,10,8208384,14.844,0.008077,false,1,d544983-dirty
ref_eager_fullsort,1,128256,100,0.9,bfloat16,hot,n/a,136.634,136.382,136.996,136.706,0.281,5,836,83,256512,0.464,0.003395,false,1,d544983-dirty
tight_eager,1,128256,100,0.9,bfloat16,hot,n/a,132.988,132.853,135.519,133.628,1.373,5,880,88,256512,0.464,0.003488,false,1,d544983-dirty
flashinfer,1,128256,100,0.9,bfloat16,hot,n/a,82.937,82.763,83.076,82.925,0.140,5,1362,136,256512,0.464,0.005593,false,1,d544983-dirty
flashinfer_from_probs,1,128256,100,0.9,bfloat16,hot,n/a,74.083,74.048,74.182,74.108,0.060,5,1527,152,513024,0.928,0.012523,false,1,d544983-dirty
fused_kernel,1,128256,100,0.9,bfloat16,hot,n/a,24.502,24.500,24.512,24.505,0.006,5,4814,481,256512,0.464,0.018932,false,1,d544983-dirty
compile,1,128256,100,0.9,bfloat16,hot,n/a,160.134,160.067,160.444,160.197,0.181,5,720,72,256512,0.464,0.002897,false,1,d544983-dirty
graph_eager,1,128256,100,0.9,bfloat16,hot,n/a,78.257,78.229,78.271,78.253,0.020,5,1522,152,256512,0.464,0.005928,false,1,d544983-dirty
graph_compile,1,128256,100,0.9,bfloat16,hot,n/a,78.230,78.227,78.251,78.234,0.013,5,1514,151,256512,0.464,0.005930,false,1,d544983-dirty
hf_eager,1,128256,100,0.9,bfloat16,hot,n/a,341.252,341.160,341.382,341.268,0.097,5,350,35,256512,0.464,0.001359,false,1,d544983-dirty
ref_eager_fullsort,32,128256,100,0.9,bfloat16,hot,n/a,1275.719,1261.365,1278.588,1272.447,8.092,5,95,10,8208384,14.844,0.011636,false,1,d544983-dirty
tight_eager,32,128256,100,0.9,bfloat16,hot,n/a,201.317,201.276,202.377,201.585,0.579,5,585,58,8208384,14.844,0.073734,false,1,d544983-dirty
flashinfer,32,128256,100,0.9,bfloat16,hot,n/a,141.842,140.628,141.899,141.558,0.690,5,853,85,8208384,14.844,0.104652,false,1,d544983-dirty
flashinfer_from_probs,32,128256,100,0.9,bfloat16,hot,n/a,84.514,84.452,84.555,84.506,0.047,5,1374,137,16416768,29.688,0.351278,false,1,d544983-dirty
fused_kernel,32,128256,100,0.9,bfloat16,hot,n/a,33.093,32.366,33.162,32.900,0.387,5,3722,372,8208384,14.844,0.448557,false,1,d544983-dirty
compile,32,128256,100,0.9,bfloat16,hot,n/a,202.412,202.132,203.957,202.748,0.879,5,575,57,8208384,14.844,0.073335,false,1,d544983-dirty
graph_eager,32,128256,100,0.9,bfloat16,hot,n/a,151.759,150.007,151.777,151.283,0.927,5,805,80,8208384,14.844,0.097813,false,1,d544983-dirty
graph_compile,32,128256,100,0.9,bfloat16,hot,n/a,151.854,151.718,151.870,151.825,0.079,5,791,79,8208384,14.844,0.097751,false,1,d544983-dirty
hf_eager,32,128256,100,0.9,bfloat16,hot,n/a,1835.229,1834.919,1835.456,1835.219,0.240,5,65,10,8208384,14.844,0.008088,false,1,d544983-dirty
ref_eager_fullsort,1,128256,100,0.95,bfloat16,hot,n/a,136.589,136.452,137.038,136.700,0.271,5,831,83,256512,0.464,0.003396,false,1,d544983-dirty
tight_eager,1,128256,100,0.95,bfloat16,hot,n/a,133.088,133.014,133.222,133.104,0.091,5,879,87,256512,0.464,0.003485,false,1,d544983-dirty
flashinfer,1,128256,100,0.95,bfloat16,hot,n/a,82.908,82.737,83.007,82.888,0.124,5,1362,136,256512,0.464,0.005595,false,1,d544983-dirty
flashinfer_from_probs,1,128256,100,0.95,bfloat16,hot,n/a,74.183,74.105,74.416,74.219,0.146,5,1512,151,513024,0.928,0.012506,false,1,d544983-dirty
fused_kernel,1,128256,100,0.95,bfloat16,hot,n/a,24.604,24.603,24.605,24.604,0.001,5,4722,472,256512,0.464,0.018854,false,1,d544983-dirty
compile,1,128256,100,0.95,bfloat16,hot,n/a,159.923,159.851,160.199,159.971,0.168,5,723,72,256512,0.464,0.002901,false,1,d544983-dirty
graph_eager,1,128256,100,0.95,bfloat16,hot,n/a,78.265,78.251,78.281,78.266,0.013,5,1538,153,256512,0.464,0.005927,false,1,d544983-dirty
graph_compile,1,128256,100,0.95,bfloat16,hot,n/a,78.243,78.223,78.260,78.243,0.016,5,1516,151,256512,0.464,0.005929,false,1,d544983-dirty
hf_eager,1,128256,100,0.95,bfloat16,hot,n/a,341.359,341.113,341.569,341.351,0.197,5,348,34,256512,0.464,0.001359,false,1,d544983-dirty
ref_eager_fullsort,32,128256,100,0.95,bfloat16,hot,n/a,1275.708,1261.237,1276.949,1271.791,7.641,5,95,10,8208384,14.844,0.011636,false,1,d544983-dirty
tight_eager,32,128256,100,0.95,bfloat16,hot,n/a,201.190,201.058,201.702,201.314,0.294,5,586,58,8208384,14.844,0.073781,false,1,d544983-dirty
flashinfer,32,128256,100,0.95,bfloat16,hot,n/a,141.255,140.040,141.299,140.961,0.683,5,859,85,8208384,14.844,0.105086,false,1,d544983-dirty
flashinfer_from_probs,32,128256,100,0.95,bfloat16,hot,n/a,83.750,83.634,83.768,83.714,0.065,5,1392,139,16416768,29.688,0.354484,false,1,d544983-dirty
fused_kernel,32,128256,100,0.95,bfloat16,hot,n/a,33.503,33.012,33.589,33.392,0.276,5,3622,362,8208384,14.844,0.443061,false,1,d544983-dirty
compile,32,128256,100,0.95,bfloat16,hot,n/a,201.549,201.235,202.856,201.773,0.793,5,578,57,8208384,14.844,0.073649,false,1,d544983-dirty
graph_eager,32,128256,100,0.95,bfloat16,hot,n/a,151.678,149.955,151.755,151.225,0.919,5,803,80,8208384,14.844,0.097865,false,1,d544983-dirty
graph_compile,32,128256,100,0.95,bfloat16,hot,n/a,151.779,151.669,151.794,151.754,0.061,5,791,79,8208384,14.844,0.097800,false,1,d544983-dirty
hf_eager,32,128256,100,0.95,bfloat16,hot,n/a,1834.118,1833.685,1835.013,1834.278,0.634,5,65,10,8208384,14.844,0.008093,false,1,d544983-dirty
ref_eager_fullsort,1,151936,20,0.9,bfloat16,hot,n/a,138.451,138.301,138.582,138.442,0.128,5,839,83,303872,0.550,0.003969,false,1,d544983-dirty
tight_eager,1,151936,20,0.9,bfloat16,hot,n/a,135.411,135.123,135.829,135.410,0.325,5,851,85,303872,0.550,0.004058,false,1,d544983-dirty
flashinfer,1,151936,20,0.9,bfloat16,hot,n/a,83.982,83.951,84.125,84.026,0.082,5,1344,134,303872,0.550,0.006543,false,1,d544983-dirty
flashinfer_from_probs,1,151936,20,0.9,bfloat16,hot,n/a,73.746,73.624,73.749,73.711,0.063,5,1503,150,607744,1.099,0.014903,false,1,d544983-dirty
fused_kernel,1,151936,20,0.9,bfloat16,hot,n/a,18.471,18.470,18.474,18.471,0.002,5,5000,500,303872,0.550,0.029751,false,1,d544983-dirty
compile,1,151936,20,0.9,bfloat16,hot,n/a,162.618,162.481,162.769,162.621,0.125,5,709,70,303872,0.550,0.003379,false,1,d544983-dirty
graph_eager,1,151936,20,0.9,bfloat16,hot,n/a,81.509,81.493,81.512,81.504,0.009,5,1471,147,303872,0.550,0.006742,false,1,d544983-dirty
graph_compile,1,151936,20,0.9,bfloat16,hot,n/a,86.725,86.649,86.804,86.719,0.071,5,1394,139,303872,0.550,0.006336,false,1,d544983-dirty
hf_eager,1,151936,20,0.9,bfloat16,hot,n/a,329.195,323.954,329.227,327.690,2.697,5,363,36,303872,0.550,0.001669,false,1,d544983-dirty
ref_eager_fullsort,32,151936,20,0.9,bfloat16,hot,n/a,1531.950,1519.065,1533.505,1528.913,7.136,5,79,10,9723904,17.585,0.011479,false,1,d544983-dirty
tight_eager,32,151936,20,0.9,bfloat16,hot,n/a,218.826,218.639,219.188,218.878,0.248,5,540,54,9723904,17.585,0.080359,false,1,d544983-dirty
flashinfer,32,151936,20,0.9,bfloat16,hot,n/a,176.081,172.390,176.234,175.018,1.899,5,705,70,9723904,17.585,0.099867,false,1,d544983-dirty
flashinfer_from_probs,32,151936,20,0.9,bfloat16,hot,n/a,102.830,102.817,102.853,102.833,0.016,5,1147,114,19447808,35.169,0.342012,false,1,d544983-dirty
fused_kernel,32,151936,20,0.9,bfloat16,hot,n/a,30.160,28.583,30.264,29.750,0.844,5,4284,428,9723904,17.585,0.583053,false,1,d544983-dirty
compile,32,151936,20,0.9,bfloat16,hot,n/a,219.106,218.817,219.513,219.097,0.321,5,536,53,9723904,17.585,0.080256,false,1,d544983-dirty
graph_eager,32,151936,20,0.9,bfloat16,hot,n/a,166.439,164.393,166.484,165.882,1.079,5,740,74,9723904,17.585,0.105652,false,1,d544983-dirty
graph_compile,32,151936,20,0.9,bfloat16,hot,n/a,166.690,166.322,166.704,166.589,0.193,5,715,71,9723904,17.585,0.105493,false,1,d544983-dirty
hf_eager,32,151936,20,0.9,bfloat16,hot,n/a,2186.278,2185.825,2186.822,2186.285,0.434,5,54,10,9723904,17.585,0.008043,false,1,d544983-dirty
ref_eager_fullsort,1,151936,20,0.95,bfloat16,hot,n/a,138.678,138.275,138.922,138.654,0.293,5,838,83,303872,0.550,0.003963,false,1,d544983-dirty
tight_eager,1,151936,20,0.95,bfloat16,hot,n/a,135.244,135.087,135.666,135.315,0.263,5,852,85,303872,0.550,0.004063,false,1,d544983-dirty
flashinfer,1,151936,20,0.95,bfloat16,hot,n/a,83.878,83.763,84.074,83.907,0.135,5,1357,135,303872,0.550,0.006551,false,1,d544983-dirty
flashinfer_from_probs,1,151936,20,0.95,bfloat16,hot,n/a,73.880,73.797,74.054,73.895,0.119,5,1497,149,607744,1.099,0.014876,false,1,d544983-dirty
fused_kernel,1,151936,20,0.95,bfloat16,hot,n/a,18.469,18.467,18.476,18.471,0.004,5,5000,500,303872,0.550,0.029754,false,1,d544983-dirty
compile,1,151936,20,0.95,bfloat16,hot,n/a,162.695,162.320,162.956,162.662,0.278,5,710,71,303872,0.550,0.003378,false,1,d544983-dirty
graph_eager,1,151936,20,0.95,bfloat16,hot,n/a,81.503,81.429,81.509,81.486,0.042,5,1474,147,303872,0.550,0.006742,false,1,d544983-dirty
graph_compile,1,151936,20,0.95,bfloat16,hot,n/a,81.514,81.292,81.524,81.458,0.121,5,1481,148,303872,0.550,0.006741,false,1,d544983-dirty
hf_eager,1,151936,20,0.95,bfloat16,hot,n/a,323.053,322.719,323.473,323.038,0.339,5,369,36,303872,0.550,0.001701,false,1,d544983-dirty
ref_eager_fullsort,32,151936,20,0.95,bfloat16,hot,n/a,1533.327,1519.601,1534.364,1529.824,7.392,5,79,10,9723904,17.585,0.011468,false,1,d544983-dirty
tight_eager,32,151936,20,0.95,bfloat16,hot,n/a,218.643,218.466,218.991,218.688,0.234,5,540,54,9723904,17.585,0.080426,false,1,d544983-dirty
flashinfer,32,151936,20,0.95,bfloat16,hot,n/a,175.879,172.488,176.042,174.929,1.766,5,709,70,9723904,17.585,0.099982,false,1,d544983-dirty
flashinfer_from_probs,32,151936,20,0.95,bfloat16,hot,n/a,101.939,101.900,102.006,101.947,0.046,5,1156,115,19447808,35.169,0.345003,false,1,d544983-dirty
fused_kernel,32,151936,20,0.95,bfloat16,hot,n/a,30.289,29.051,30.378,29.963,0.660,5,4385,438,9723904,17.585,0.580557,false,1,d544983-dirty
compile,32,151936,20,0.95,bfloat16,hot,n/a,219.336,219.240,219.958,219.473,0.353,5,535,53,9723904,17.585,0.080172,false,1,d544983-dirty
graph_eager,32,151936,20,0.95,bfloat16,hot,n/a,166.595,164.427,166.811,166.062,1.183,5,739,73,9723904,17.585,0.105553,false,1,d544983-dirty
graph_compile,32,151936,20,0.95,bfloat16,hot,n/a,166.921,166.452,166.944,166.808,0.262,5,716,71,9723904,17.585,0.105347,false,1,d544983-dirty
hf_eager,32,151936,20,0.95,bfloat16,hot,n/a,2187.585,2186.848,2188.023,2187.532,0.534,5,54,10,9723904,17.585,0.008038,false,1,d544983-dirty
ref_eager_fullsort,1,151936,50,0.95,bfloat16,hot,n/a,138.651,138.311,138.823,138.599,0.225,5,828,82,303872,0.550,0.003963,false,1,d544983-dirty
tight_eager,1,151936,50,0.95,bfloat16,hot,n/a,133.975,133.818,135.683,134.347,0.982,5,865,86,303872,0.550,0.004102,false,1,d544983-dirty
flashinfer,1,151936,50,0.95,bfloat16,hot,n/a,83.817,83.766,83.978,83.852,0.098,5,1347,134,303872,0.550,0.006556,false,1,d544983-dirty
flashinfer_from_probs,1,151936,50,0.95,bfloat16,hot,n/a,73.946,73.631,74.027,73.882,0.184,5,1488,148,607744,1.099,0.014863,false,1,d544983-dirty
fused_kernel,1,151936,50,0.95,bfloat16,hot,n/a,20.539,20.538,20.540,20.539,0.001,5,5000,500,303872,0.550,0.026755,false,1,d544983-dirty
compile,1,151936,50,0.95,bfloat16,hot,n/a,161.236,161.106,161.335,161.230,0.099,5,717,71,303872,0.550,0.003408,false,1,d544983-dirty
graph_eager,1,151936,50,0.95,bfloat16,hot,n/a,81.543,81.523,81.582,81.548,0.027,5,1473,147,303872,0.550,0.006739,false,1,d544983-dirty
graph_compile,1,151936,50,0.95,bfloat16,hot,n/a,85.928,81.560,87.373,84.761,2.956,5,1387,138,303872,0.550,0.006395,false,1,d544983-dirty
hf_eager,1,151936,50,0.95,bfloat16,hot,n/a,324.963,324.894,325.849,325.284,0.503,5,368,36,303872,0.550,0.001691,false,1,d544983-dirty
ref_eager_fullsort,32,151936,50,0.95,bfloat16,hot,n/a,1534.336,1520.066,1535.225,1530.358,7.450,5,79,10,9723904,17.585,0.011461,false,1,d544983-dirty
tight_eager,32,151936,50,0.95,bfloat16,hot,n/a,218.617,218.449,219.076,218.695,0.285,5,541,54,9723904,17.585,0.080436,false,1,d544983-dirty
flashinfer,32,151936,50,0.95,bfloat16,hot,n/a,176.043,173.353,176.129,175.357,1.464,5,705,70,9723904,17.585,0.099888,false,1,d544983-dirty
flashinfer_from_probs,32,151936,50,0.95,bfloat16,hot,n/a,100.714,100.698,100.722,100.712,0.011,5,1170,117,19447808,35.169,0.349200,false,1,d544983-dirty
fused_kernel,32,151936,50,0.95,bfloat16,hot,n/a,32.806,31.899,32.812,32.565,0.486,5,3838,383,9723904,17.585,0.536011,false,1,d544983-dirty
compile,32,151936,50,0.95,bfloat16,hot,n/a,219.102,218.789,219.523,219.115,0.321,5,536,53,9723904,17.585,0.080258,false,1,d544983-dirty
graph_eager,32,151936,50,0.95,bfloat16,hot,n/a,166.862,164.774,167.195,166.383,1.168,5,739,73,9723904,17.585,0.105384,false,1,d544983-dirty
graph_compile,32,151936,50,0.95,bfloat16,hot,n/a,167.305,166.899,167.323,167.200,0.219,5,716,71,9723904,17.585,0.105105,false,1,d544983-dirty
hf_eager,32,151936,50,0.95,bfloat16,hot,n/a,2189.828,2189.677,2190.723,2190.072,0.487,5,54,10,9723904,17.585,0.008030,false,1,d544983-dirty
ref_eager_fullsort,1,151936,100,0.9,bfloat16,hot,n/a,138.343,138.120,138.757,138.407,0.287,5,838,83,303872,0.550,0.003972,false,1,d544983-dirty
tight_eager,1,151936,100,0.9,bfloat16,hot,n/a,134.593,133.824,136.508,135.106,1.307,5,856,85,303872,0.550,0.004083,false,1,d544983-dirty
flashinfer,1,151936,100,0.9,bfloat16,hot,n/a,84.208,84.128,84.299,84.221,0.079,5,1345,134,303872,0.550,0.006526,false,1,d544983-dirty
flashinfer_from_probs,1,151936,100,0.9,bfloat16,hot,n/a,73.629,73.433,73.721,73.584,0.130,5,1490,149,607744,1.099,0.014927,false,1,d544983-dirty
fused_kernel,1,151936,100,0.9,bfloat16,hot,n/a,24.918,24.906,24.927,24.917,0.010,5,4680,468,303872,0.550,0.022053,false,1,d544983-dirty
compile,1,151936,100,0.9,bfloat16,hot,n/a,160.841,160.766,161.302,160.973,0.248,5,717,71,303872,0.550,0.003417,false,1,d544983-dirty
graph_eager,1,151936,100,0.9,bfloat16,hot,n/a,81.955,81.870,82.101,81.970,0.103,5,1464,146,303872,0.550,0.006705,false,1,d544983-dirty
graph_compile,1,151936,100,0.9,bfloat16,hot,n/a,82.128,81.892,82.200,82.076,0.141,5,1460,146,303872,0.550,0.006691,false,1,d544983-dirty
hf_eager,1,151936,100,0.9,bfloat16,hot,n/a,326.433,326.335,327.051,326.649,0.364,5,367,36,303872,0.550,0.001683,false,1,d544983-dirty
ref_eager_fullsort,32,151936,100,0.9,bfloat16,hot,n/a,1533.781,1519.783,1535.693,1530.428,7.721,5,79,10,9723904,17.585,0.011465,false,1,d544983-dirty
tight_eager,32,151936,100,0.9,bfloat16,hot,n/a,220.359,219.918,221.736,220.610,0.835,5,535,53,9723904,17.585,0.079800,false,1,d544983-dirty
flashinfer,32,151936,100,0.9,bfloat16,hot,n/a,177.623,174.771,177.693,176.915,1.579,5,701,70,9723904,17.585,0.099000,false,1,d544983-dirty
flashinfer_from_probs,32,151936,100,0.9,bfloat16,hot,n/a,103.013,102.975,103.111,103.030,0.061,5,1144,114,19447808,35.169,0.341407,false,1,d544983-dirty
fused_kernel,32,151936,100,0.9,bfloat16,hot,n/a,36.673,36.075,36.700,36.522,0.326,5,3477,347,9723904,17.585,0.479494,false,1,d544983-dirty
compile,32,151936,100,0.9,bfloat16,hot,n/a,219.984,219.533,221.030,220.147,0.670,5,534,53,9723904,17.585,0.079936,false,1,d544983-dirty
graph_eager,32,151936,100,0.9,bfloat16,hot,n/a,168.348,166.423,168.522,167.878,1.056,5,730,73,9723904,17.585,0.104454,false,1,d544983-dirty
graph_compile,32,151936,100,0.9,bfloat16,hot,n/a,168.525,168.211,168.628,168.480,0.198,5,709,70,9723904,17.585,0.104344,false,1,d544983-dirty
hf_eager,32,151936,100,0.9,bfloat16,hot,n/a,2188.442,2187.573,2189.356,2188.460,0.780,5,54,10,9723904,17.585,0.008035,false,1,d544983-dirty
ref_eager_fullsort,1,151936,100,0.95,bfloat16,hot,n/a,138.471,138.061,138.591,138.408,0.255,5,832,83,303872,0.550,0.003968,false,1,d544983-dirty
tight_eager,1,151936,100,0.95,bfloat16,hot,n/a,135.404,133.749,136.535,135.174,1.329,5,863,86,303872,0.550,0.004058,false,1,d544983-dirty
flashinfer,1,151936,100,0.95,bfloat16,hot,n/a,84.156,84.091,84.161,84.137,0.034,5,1371,137,303872,0.550,0.006530,false,1,d544983-dirty
flashinfer_from_probs,1,151936,100,0.95,bfloat16,hot,n/a,74.289,74.162,74.406,74.299,0.110,5,1487,148,607744,1.099,0.014794,false,1,d544983-dirty
fused_kernel,1,151936,100,0.95,bfloat16,hot,n/a,24.836,24.829,24.846,24.836,0.008,5,4731,473,303872,0.550,0.022126,false,1,d544983-dirty
compile,1,151936,100,0.95,bfloat16,hot,n/a,161.109,160.951,161.572,161.172,0.297,5,719,71,303872,0.550,0.003411,false,1,d544983-dirty
graph_eager,1,151936,100,0.95,bfloat16,hot,n/a,82.055,81.918,82.113,82.033,0.087,5,1471,147,303872,0.550,0.006697,false,1,d544983-dirty
graph_compile,1,151936,100,0.95,bfloat16,hot,n/a,82.143,81.809,82.214,82.077,0.195,5,1463,146,303872,0.550,0.006690,false,1,d544983-dirty
hf_eager,1,151936,100,0.95,bfloat16,hot,n/a,326.653,326.497,327.137,326.772,0.295,5,366,36,303872,0.550,0.001682,false,1,d544983-dirty
ref_eager_fullsort,32,151936,100,0.95,bfloat16,hot,n/a,1535.221,1520.088,1535.837,1531.021,7.893,5,79,10,9723904,17.585,0.011454,false,1,d544983-dirty
tight_eager,32,151936,100,0.95,bfloat16,hot,n/a,219.427,219.227,220.324,219.617,0.518,5,541,54,9723904,17.585,0.080139,false,1,d544983-dirty
flashinfer,32,151936,100,0.95,bfloat16,hot,n/a,177.181,174.655,177.238,176.544,1.392,5,700,70,9723904,17.585,0.099247,false,1,d544983-dirty
flashinfer_from_probs,32,151936,100,0.95,bfloat16,hot,n/a,102.317,102.283,102.331,102.312,0.022,5,1149,114,19447808,35.169,0.343730,false,1,d544983-dirty
fused_kernel,32,151936,100,0.95,bfloat16,hot,n/a,37.092,36.599,37.118,36.969,0.270,5,3269,326,9723904,17.585,0.474077,false,1,d544983-dirty
compile,32,151936,100,0.95,bfloat16,hot,n/a,220.188,219.954,221.251,220.428,0.611,5,532,53,9723904,17.585,0.079862,false,1,d544983-dirty
graph_eager,32,151936,100,0.95,bfloat16,hot,n/a,168.423,166.577,168.567,167.977,1.018,5,731,73,9723904,17.585,0.104408,false,1,d544983-dirty
graph_compile,32,151936,100,0.95,bfloat16,hot,n/a,168.664,168.412,168.752,168.619,0.156,5,709,70,9723904,17.585,0.104258,false,1,d544983-dirty
hf_eager,32,151936,100,0.95,bfloat16,hot,n/a,2188.842,2188.479,2191.069,2189.516,1.208,5,54,10,9723904,17.585,0.008034,false,1,d544983-dirty
tight_eager,1,151936,50,0.9,float16,hot,n/a,134.340,133.515,135.770,134.545,1.068,5,858,85,303872,0.550,0.004091,false,2,d544983-dirty
flashinfer,1,151936,50,0.9,float16,hot,n/a,84.016,83.909,84.049,83.999,0.067,5,1358,135,303872,0.550,0.006541,false,2,d544983-dirty
flashinfer_from_probs,1,151936,50,0.9,float16,hot,n/a,73.783,73.596,73.953,73.796,0.161,5,1477,147,607744,1.099,0.014896,false,2,d544983-dirty
fused_kernel,1,151936,50,0.9,float16,hot,n/a,20.603,20.602,20.611,20.606,0.004,5,5000,500,303872,0.550,0.026672,false,2,d544983-dirty
compile,1,151936,50,0.9,float16,hot,n/a,159.254,159.074,159.802,159.361,0.330,5,716,71,303872,0.550,0.003451,false,2,d544983-dirty
graph_eager,1,151936,50,0.9,float16,hot,n/a,81.588,81.440,81.606,81.552,0.081,5,1474,147,303872,0.550,0.006735,false,2,d544983-dirty
graph_compile,1,151936,50,0.9,float16,hot,n/a,71.702,71.671,71.839,71.733,0.078,5,1672,167,303872,0.550,0.007664,false,2,d544983-dirty
hf_eager,1,151936,50,0.9,float16,hot,n/a,324.924,324.876,325.511,325.088,0.307,5,366,36,303872,0.550,0.001691,false,2,d544983-dirty
ref_eager_fullsort,1,151936,50,0.9,float16,hot,n/a,141.306,141.215,141.777,141.410,0.268,5,827,82,303872,0.550,0.003889,false,2,d544983-dirty
tight_eager,4,151936,50,0.9,float16,hot,n/a,163.298,162.587,163.451,163.116,0.400,5,732,73,1215488,2.198,0.013461,false,2,d544983-dirty
flashinfer,4,151936,50,0.9,float16,hot,n/a,85.330,85.281,85.381,85.331,0.046,5,1336,133,1215488,2.198,0.025760,false,2,d544983-dirty
flashinfer_from_probs,4,151936,50,0.9,float16,hot,n/a,74.596,74.412,74.666,74.542,0.120,5,1477,147,2430976,4.396,0.058933,false,2,d544983-dirty
fused_kernel,4,151936,50,0.9,float16,hot,n/a,20.751,20.738,20.764,20.751,0.012,5,5000,500,1215488,2.198,0.105926,false,2,d544983-dirty
compile,4,151936,50,0.9,float16,hot,n/a,154.329,153.833,154.638,154.249,0.373,5,734,73,1215488,2.198,0.014243,false,2,d544983-dirty
graph_eager,4,151936,50,0.9,float16,hot,n/a,104.786,104.552,104.910,104.770,0.164,5,1163,116,1215488,2.198,0.020977,false,2,d544983-dirty
graph_compile,4,151936,50,0.9,float16,hot,n/a,95.046,95.037,95.062,95.048,0.011,5,1269,126,1215488,2.198,0.023126,false,2,d544983-dirty
hf_eager,4,151936,50,0.9,float16,hot,n/a,597.316,596.981,597.643,597.304,0.293,5,199,19,1215488,2.198,0.003680,false,2,d544983-dirty
ref_eager_fullsort,4,151936,50,0.9,float16,hot,n/a,236.041,235.005,236.306,235.850,0.619,5,503,50,1215488,2.198,0.009312,false,2,d544983-dirty
tight_eager,8,151936,50,0.9,float16,hot,n/a,166.789,166.738,166.902,166.811,0.074,5,718,71,2430976,4.396,0.026358,false,2,d544983-dirty
flashinfer,8,151936,50,0.9,float16,hot,n/a,90.637,90.542,90.685,90.612,0.067,5,1317,131,2430976,4.396,0.048503,false,2,d544983-dirty
flashinfer_from_probs,8,151936,50,0.9,float16,hot,n/a,75.263,75.108,75.318,75.230,0.094,5,1460,146,4861952,8.792,0.116821,false,2,d544983-dirty
fused_kernel,8,151936,50,0.9,float16,hot,n/a,20.844,20.839,20.852,20.845,0.006,5,5000,500,2430976,4.396,0.210912,false,2,d544983-dirty
compile,8,151936,50,0.9,float16,hot,n/a,154.634,154.166,154.737,154.527,0.269,5,729,72,2430976,4.396,0.028429,false,2,d544983-dirty
graph_eager,8,151936,50,0.9,float16,hot,n/a,108.035,107.760,108.077,107.980,0.162,5,1121,112,2430976,4.396,0.040692,false,2,d544983-dirty
graph_compile,8,151936,50,0.9,float16,hot,n/a,98.141,98.099,98.172,98.138,0.032,5,1223,122,2430976,4.396,0.044794,false,2,d544983-dirty
hf_eager,8,151936,50,0.9,float16,hot,n/a,706.556,704.288,712.416,707.518,3.663,5,166,16,2430976,4.396,0.006222,false,2,d544983-dirty
ref_eager_fullsort,8,151936,50,0.9,float16,hot,n/a,354.963,348.273,355.690,353.366,3.688,5,348,34,2430976,4.396,0.012385,false,2,d544983-dirty
tight_eager,16,151936,50,0.9,float16,hot,n/a,183.530,183.330,184.217,183.638,0.428,5,648,64,4861952,8.792,0.047907,false,2,d544983-dirty
flashinfer,16,151936,50,0.9,float16,hot,n/a,115.084,115.030,115.112,115.077,0.036,5,1045,104,4861952,8.792,0.076399,false,2,d544983-dirty
flashinfer_from_probs,16,151936,50,0.9,float16,hot,n/a,75.188,74.928,75.236,75.114,0.142,5,1463,146,9723904,17.585,0.233877,false,2,d544983-dirty
fused_kernel,16,151936,50,0.9,float16,hot,n/a,23.330,23.115,23.398,23.290,0.131,5,4986,498,4861952,8.792,0.376866,false,2,d544983-dirty
compile,16,151936,50,0.9,float16,hot,n/a,158.788,158.676,158.980,158.806,0.139,5,711,71,4861952,8.792,0.055371,false,2,d544983-dirty
graph_eager,16,151936,50,0.9,float16,hot,n/a,123.108,122.387,123.158,122.922,0.388,5,988,98,4861952,8.792,0.071419,false,2,d544983-dirty
graph_compile,16,151936,50,0.9,float16,hot,n/a,110.400,110.177,110.414,110.343,0.121,5,1082,108,4861952,8.792,0.079641,false,2,d544983-dirty
hf_eager,16,151936,50,0.9,float16,hot,n/a,1189.163,1188.378,1191.454,1189.522,1.431,5,100,10,4861952,8.792,0.007394,false,2,d544983-dirty
ref_eager_fullsort,16,151936,50,0.9,float16,hot,n/a,700.084,696.910,700.384,699.385,1.822,5,173,17,4861952,8.792,0.012559,false,2,d544983-dirty
tight_eager,32,151936,50,0.9,float16,hot,n/a,219.057,218.941,220.209,219.322,0.646,5,540,54,9723904,17.585,0.080274,false,2,d544983-dirty
flashinfer,32,151936,50,0.9,float16,hot,n/a,177.127,175.145,177.325,176.685,1.125,5,698,69,9723904,17.585,0.099277,false,2,d544983-dirty
flashinfer_from_probs,32,151936,50,0.9,float16,hot,n/a,101.206,101.194,101.229,101.211,0.017,5,1173,117,19447808,35.169,0.347501,false,2,d544983-dirty
fused_kernel,32,151936,50,0.9,float16,hot,n/a,31.091,30.809,31.166,31.020,0.164,5,3865,386,9723904,17.585,0.565581,false,2,d544983-dirty
compile,32,151936,50,0.9,float16,hot,n/a,192.165,192.093,192.227,192.168,0.060,5,607,60,9723904,17.585,0.091508,false,2,d544983-dirty
graph_eager,32,151936,50,0.9,float16,hot,n/a,167.607,167.249,167.665,167.529,0.205,5,715,71,9723904,17.585,0.104916,false,2,d544983-dirty
graph_compile,32,151936,50,0.9,float16,hot,n/a,151.681,151.335,151.706,151.602,0.197,5,791,79,9723904,17.585,0.115931,false,2,d544983-dirty
hf_eager,32,151936,50,0.9,float16,hot,n/a,2194.924,2194.577,2195.286,2194.952,0.309,5,54,10,9723904,17.585,0.008011,false,2,d544983-dirty
ref_eager_fullsort,32,151936,50,0.9,float16,hot,n/a,1540.461,1540.089,1540.835,1540.469,0.345,5,77,10,9723904,17.585,0.011415,false,2,d544983-dirty
tight_eager,1,151936,50,0.9,float16,cold,rotate,137.280,137.063,137.472,137.288,0.188,5,835,83,303872,0.550,0.004003,false,2,d544983-dirty
flashinfer,1,151936,50,0.9,float16,cold,rotate,85.076,84.573,85.318,85.034,0.346,5,1333,133,303872,0.550,0.006459,false,2,d544983-dirty
flashinfer_from_probs,1,151936,50,0.9,float16,cold,rotate,74.923,74.875,75.093,74.975,0.102,5,1467,146,607744,1.099,0.014669,false,2,d544983-dirty
fused_kernel,1,151936,50,0.9,float16,cold,rotate,20.843,20.839,20.849,20.844,0.004,5,5000,500,303872,0.550,0.026365,false,2,d544983-dirty
compile,1,151936,50,0.9,float16,cold,rotate,162.906,161.992,163.165,162.667,0.531,5,704,70,303872,0.550,0.003373,false,2,d544983-dirty
graph_eager,1,151936,50,0.9,float16,cold,rotate_into_static,82.873,82.806,82.914,82.860,0.048,5,1428,142,303872,0.550,0.006631,false,2,d544983-dirty
graph_compile,1,151936,50,0.9,float16,cold,rotate_into_static,73.321,73.305,73.397,73.341,0.043,5,1607,160,303872,0.550,0.007495,false,2,d544983-dirty
hf_eager,1,151936,50,0.9,float16,cold,rotate,325.479,324.869,325.486,325.264,0.310,5,364,36,303872,0.550,0.001688,false,2,d544983-dirty
ref_eager_fullsort,1,151936,50,0.9,float16,cold,rotate,141.630,141.303,141.871,141.635,0.257,5,824,82,303872,0.550,0.003880,false,2,d544983-dirty
tight_eager,4,151936,50,0.9,float16,cold,rotate,165.507,163.878,166.020,165.197,0.997,5,729,72,1215488,2.198,0.013281,false,2,d544983-dirty
flashinfer,4,151936,50,0.9,float16,cold,rotate,87.365,87.311,87.392,87.354,0.037,5,1335,133,1215488,2.198,0.025160,false,2,d544983-dirty
flashinfer_from_probs,4,151936,50,0.9,float16,cold,rotate,74.393,74.286,74.569,74.418,0.122,5,1465,146,2430976,4.396,0.059094,false,2,d544983-dirty
fused_kernel,4,151936,50,0.9,float16,cold,rotate,22.399,22.385,22.433,22.408,0.022,5,5000,500,1215488,2.198,0.098133,false,2,d544983-dirty
compile,4,151936,50,0.9,float16,cold,rotate,154.380,154.074,154.798,154.415,0.346,5,736,73,1215488,2.198,0.014238,false,2,d544983-dirty
graph_eager,4,151936,50,0.9,float16,cold,rotate_into_static,109.454,109.356,109.490,109.438,0.061,5,1092,109,1215488,2.198,0.020082,false,2,d544983-dirty
graph_compile,4,151936,50,0.9,float16,cold,rotate_into_static,100.950,100.907,100.965,100.941,0.026,5,1176,117,1215488,2.198,0.021774,false,2,d544983-dirty
hf_eager,4,151936,50,0.9,float16,cold,rotate,599.399,599.222,600.036,599.550,0.366,5,198,19,1215488,2.198,0.003667,false,2,d544983-dirty
ref_eager_fullsort,4,151936,50,0.9,float16,cold,rotate,239.082,238.273,239.233,238.859,0.455,5,498,49,1215488,2.198,0.009194,false,2,d544983-dirty
tight_eager,8,151936,50,0.9,float16,cold,rotate,169.842,169.739,170.001,169.867,0.113,5,705,70,2430976,4.396,0.025884,false,2,d544983-dirty
flashinfer,8,151936,50,0.9,float16,cold,rotate,92.816,92.806,92.851,92.825,0.020,5,1283,128,2430976,4.396,0.047364,false,2,d544983-dirty
flashinfer_from_probs,8,151936,50,0.9,float16,cold,rotate,74.884,74.702,75.112,74.890,0.180,5,1498,149,4861952,8.792,0.117413,false,2,d544983-dirty
fused_kernel,8,151936,50,0.9,float16,cold,rotate,23.914,23.906,23.930,23.915,0.011,5,4915,491,2430976,4.396,0.183833,false,2,d544983-dirty
compile,8,151936,50,0.9,float16,cold,rotate,154.155,153.993,154.520,154.247,0.240,5,727,72,2430976,4.396,0.028518,false,2,d544983-dirty
graph_eager,8,151936,50,0.9,float16,cold,rotate_into_static,115.213,114.972,115.308,115.184,0.158,5,1037,103,2430976,4.396,0.038157,false,2,d544983-dirty
graph_compile,8,151936,50,0.9,float16,cold,rotate_into_static,107.619,105.729,109.986,107.809,2.126,5,1070,107,2430976,4.396,0.040849,false,2,d544983-dirty
hf_eager,8,151936,50,0.9,float16,cold,rotate,705.602,702.545,711.969,706.630,4.128,5,165,16,2430976,4.396,0.006230,false,2,d544983-dirty
ref_eager_fullsort,8,151936,50,0.9,float16,cold,rotate,354.787,348.855,355.432,353.379,3.278,5,346,34,2430976,4.396,0.012391,false,2,d544983-dirty
tight_eager,16,151936,50,0.9,float16,cold,rotate,188.175,187.705,188.259,188.037,0.259,5,627,62,4861952,8.792,0.046724,false,2,d544983-dirty
flashinfer,16,151936,50,0.9,float16,cold,rotate,119.272,119.226,119.359,119.281,0.060,5,1000,100,4861952,8.792,0.073717,false,2,d544983-dirty
flashinfer_from_probs,16,151936,50,0.9,float16,cold,rotate,78.281,78.256,78.316,78.283,0.026,5,1477,147,9723904,17.585,0.224635,false,2,d544983-dirty
fused_kernel,16,151936,50,0.9,float16,cold,rotate,29.481,29.294,29.557,29.440,0.122,5,4054,405,4861952,8.792,0.298233,false,2,d544983-dirty
compile,16,151936,50,0.9,float16,cold,rotate,159.839,159.653,160.010,159.829,0.153,5,712,71,4861952,8.792,0.055007,false,2,d544983-dirty
graph_eager,16,151936,50,0.9,float16,cold,rotate_into_static,132.181,131.799,132.224,132.093,0.213,5,908,90,4861952,8.792,0.066517,false,2,d544983-dirty
graph_compile,16,151936,50,0.9,float16,cold,rotate_into_static,119.434,119.362,119.450,119.419,0.042,5,998,99,4861952,8.792,0.073616,false,2,d544983-dirty
hf_eager,16,151936,50,0.9,float16,cold,rotate,1155.514,1155.128,1157.312,1155.882,1.043,5,103,10,4861952,8.792,0.007609,false,2,d544983-dirty
ref_eager_fullsort,16,151936,50,0.9,float16,cold,rotate,699.101,696.111,699.370,698.339,1.615,5,173,17,4861952,8.792,0.012577,false,2,d544983-dirty
tight_eager,32,151936,50,0.9,float16,cold,rotate,229.253,229.204,230.007,229.441,0.410,5,514,51,9723904,17.585,0.076704,false,2,d544983-dirty
flashinfer,32,151936,50,0.9,float16,cold,rotate,193.969,192.880,194.055,193.672,0.575,5,630,63,9723904,17.585,0.090657,false,2,d544983-dirty
flashinfer_from_probs,32,151936,50,0.9,float16,cold,rotate,127.604,127.570,127.680,127.611,0.051,5,925,92,19447808,35.169,0.275613,false,2,d544983-dirty
fused_kernel,32,151936,50,0.9,float16,cold,rotate,42.970,42.168,42.999,42.759,0.429,5,2846,284,9723904,17.585,0.409234,false,2,d544983-dirty
compile,32,151936,50,0.9,float16,cold,rotate,196.323,196.281,196.392,196.337,0.051,5,595,59,9723904,17.585,0.089570,false,2,d544983-dirty
graph_eager,32,151936,50,0.9,float16,cold,rotate_into_static,191.991,191.559,192.016,191.868,0.224,5,627,62,9723904,17.585,0.091591,false,2,d544983-dirty
graph_compile,32,151936,50,0.9,float16,cold,rotate_into_static,174.816,174.484,174.869,174.739,0.186,5,686,68,9723904,17.585,0.100589,false,2,d544983-dirty
hf_eager,32,151936,50,0.9,float16,cold,rotate,2190.801,2190.300,2191.919,2190.979,0.726,5,54,10,9723904,17.585,0.008027,false,2,d544983-dirty
ref_eager_fullsort,32,151936,50,0.9,float16,cold,rotate,1543.217,1543.026,1543.435,1543.240,0.183,5,77,10,9723904,17.585,0.011395,false,2,d544983-dirty
tight_eager,1,151936,50,0.9,bfloat16,hot,n/a,136.500,135.007,136.904,136.181,0.871,5,858,85,303872,0.550,0.004026,false,2,d544983-dirty
flashinfer,1,151936,50,0.9,bfloat16,hot,n/a,83.909,83.806,84.307,83.988,0.233,5,1332,133,303872,0.550,0.006549,false,2,d544983-dirty
flashinfer_from_probs,1,151936,50,0.9,bfloat16,hot,n/a,73.978,73.798,74.043,73.930,0.112,5,1508,150,607744,1.099,0.014856,false,2,d544983-dirty
fused_kernel,1,151936,50,0.9,bfloat16,hot,n/a,20.600,20.594,20.610,20.601,0.007,5,5000,500,303872,0.550,0.026676,false,2,d544983-dirty
compile,1,151936,50,0.9,bfloat16,hot,n/a,158.329,158.313,158.821,158.491,0.249,5,718,71,303872,0.550,0.003471,false,2,d544983-dirty
graph_eager,1,151936,50,0.9,bfloat16,hot,n/a,81.579,81.557,81.727,81.617,0.080,5,1474,147,303872,0.550,0.006736,false,2,d544983-dirty
graph_compile,1,151936,50,0.9,bfloat16,hot,n/a,71.983,71.977,72.027,71.992,0.026,5,1673,167,303872,0.550,0.007634,false,2,d544983-dirty
hf_eager,1,151936,50,0.9,bfloat16,hot,n/a,324.664,324.534,325.047,324.739,0.231,5,367,36,303872,0.550,0.001693,false,2,d544983-dirty
ref_eager_fullsort,1,151936,50,0.9,bfloat16,hot,n/a,138.464,138.203,138.795,138.510,0.272,5,832,83,303872,0.550,0.003969,false,2,d544983-dirty
tight_eager,4,151936,50,0.9,bfloat16,hot,n/a,162.969,162.798,163.057,162.936,0.116,5,731,73,1215488,2.198,0.013488,false,2,d544983-dirty
flashinfer,4,151936,50,0.9,bfloat16,hot,n/a,85.472,85.410,85.538,85.467,0.057,5,1320,132,1215488,2.198,0.025717,false,2,d544983-dirty
flashinfer_from_probs,4,151936,50,0.9,bfloat16,hot,n/a,74.325,74.240,74.508,74.364,0.118,5,1487,148,2430976,4.396,0.059147,false,2,d544983-dirty
fused_kernel,4,151936,50,0.9,bfloat16,hot,n/a,20.759,20.754,20.781,20.766,0.013,5,5000,500,1215488,2.198,0.105887,false,2,d544983-dirty
compile,4,151936,50,0.9,bfloat16,hot,n/a,153.527,153.381,154.161,153.628,0.393,5,736,73,1215488,2.198,0.014317,false,2,d544983-dirty
graph_eager,4,151936,50,0.9,bfloat16,hot,n/a,105.744,105.234,105.882,105.640,0.300,5,1145,114,1215488,2.198,0.020787,false,2,d544983-dirty
graph_compile,4,151936,50,0.9,bfloat16,hot,n/a,95.078,95.054,95.106,95.080,0.022,5,1260,126,1215488,2.198,0.023119,false,2,d544983-dirty
hf_eager,4,151936,50,0.9,bfloat16,hot,n/a,596.358,596.213,596.712,596.435,0.225,5,199,19,1215488,2.198,0.003686,false,2,d544983-dirty
ref_eager_fullsort,4,151936,50,0.9,bfloat16,hot,n/a,230.408,229.958,230.530,230.327,0.270,5,522,52,1215488,2.198,0.009540,false,2,d544983-dirty
tight_eager,8,151936,50,0.9,bfloat16,hot,n/a,167.892,167.823,168.153,167.943,0.154,5,714,71,2430976,4.396,0.026184,false,2,d544983-dirty
flashinfer,8,151936,50,0.9,bfloat16,hot,n/a,91.007,90.982,91.046,91.012,0.028,5,1307,130,2430976,4.396,0.048306,false,2,d544983-dirty
flashinfer_from_probs,8,151936,50,0.9,bfloat16,hot,n/a,75.222,75.117,75.262,75.196,0.067,5,1468,146,4861952,8.792,0.116885,false,2,d544983-dirty
fused_kernel,8,151936,50,0.9,bfloat16,hot,n/a,21.040,21.031,21.064,21.043,0.016,5,5000,500,2430976,4.396,0.208948,false,2,d544983-dirty
compile,8,151936,50,0.9,bfloat16,hot,n/a,153.809,153.561,153.833,153.749,0.136,5,731,73,2430976,4.396,0.028582,false,2,d544983-dirty
graph_eager,8,151936,50,0.9,bfloat16,hot,n/a,108.319,108.078,108.341,108.265,0.137,5,1124,112,2430976,4.396,0.040585,false,2,d544983-dirty
graph_compile,8,151936,50,0.9,bfloat16,hot,n/a,98.194,98.165,98.204,98.189,0.017,5,1225,122,2430976,4.396,0.044770,false,2,d544983-dirty
hf_eager,8,151936,50,0.9,bfloat16,hot,n/a,706.921,706.289,712.957,708.474,3.247,5,166,16,2430976,4.396,0.006219,false,2,d544983-dirty
ref_eager_fullsort,8,151936,50,0.9,bfloat16,hot,n/a,346.720,338.242,347.468,344.471,4.510,5,361,36,2430976,4.396,0.012679,false,2,d544983-dirty
tight_eager,16,151936,50,0.9,bfloat16,hot,n/a,182.080,182.034,182.761,182.243,0.378,5,653,65,4861952,8.792,0.048288,false,2,d544983-dirty
flashinfer,16,151936,50,0.9,bfloat16,hot,n/a,115.057,115.019,115.092,115.055,0.034,5,1049,104,4861952,8.792,0.076417,false,2,d544983-dirty
flashinfer_from_probs,16,151936,50,0.9,bfloat16,hot,n/a,75.124,74.949,75.263,75.113,0.147,5,1506,150,9723904,17.585,0.234075,false,2,d544983-dirty
fused_kernel,16,151936,50,0.9,bfloat16,hot,n/a,24.870,24.174,24.985,24.704,0.386,5,4970,497,4861952,8.792,0.353534,false,2,d544983-dirty
compile,16,151936,50,0.9,bfloat16,hot,n/a,182.785,182.722,183.174,182.882,0.215,5,639,63,4861952,8.792,0.048102,false,2,d544983-dirty
graph_eager,16,151936,50,0.9,bfloat16,hot,n/a,122.458,121.803,122.505,122.285,0.348,5,992,99,4861952,8.792,0.071798,false,2,d544983-dirty
graph_compile,16,151936,50,0.9,bfloat16,hot,n/a,122.495,122.289,122.525,122.452,0.119,5,972,97,4861952,8.792,0.071777,false,2,d544983-dirty
hf_eager,16,151936,50,0.9,bfloat16,hot,n/a,1190.902,1190.253,1193.740,1191.496,1.647,5,100,10,4861952,8.792,0.007383,false,2,d544983-dirty
ref_eager_fullsort,16,151936,50,0.9,bfloat16,hot,n/a,709.127,707.567,709.419,708.787,0.898,5,170,17,4861952,8.792,0.012399,false,2,d544983-dirty
tight_eager,32,151936,50,0.9,bfloat16,hot,n/a,220.254,219.886,221.221,220.398,0.614,5,535,53,9723904,17.585,0.079838,false,2,d544983-dirty
flashinfer,32,151936,50,0.9,bfloat16,hot,n/a,177.469,175.976,177.797,177.187,0.899,5,693,69,9723904,17.585,0.099086,false,2,d544983-dirty
flashinfer_from_probs,32,151936,50,0.9,bfloat16,hot,n/a,101.209,101.199,101.218,101.208,0.009,5,1174,117,19447808,35.169,0.347492,false,2,d544983-dirty
fused_kernel,32,151936,50,0.9,bfloat16,hot,n/a,32.796,32.083,32.798,32.617,0.398,5,3890,389,9723904,17.585,0.536176,false,2,d544983-dirty
compile,32,151936,50,0.9,bfloat16,hot,n/a,220.010,219.814,221.249,220.274,0.709,5,530,53,9723904,17.585,0.079927,false,2,d544983-dirty
graph_eager,32,151936,50,0.9,bfloat16,hot,n/a,168.341,166.893,168.436,168.004,0.818,5,729,72,9723904,17.585,0.104458,false,2,d544983-dirty
graph_compile,32,151936,50,0.9,bfloat16,hot,n/a,168.444,168.304,168.478,168.415,0.082,5,709,70,9723904,17.585,0.104395,false,2,d544983-dirty
hf_eager,32,151936,50,0.9,bfloat16,hot,n/a,2195.196,2194.973,2195.766,2195.288,0.366,5,54,10,9723904,17.585,0.008011,false,2,d544983-dirty
ref_eager_fullsort,32,151936,50,0.9,bfloat16,hot,n/a,1538.450,1538.027,1538.627,1538.364,0.264,5,78,10,9723904,17.585,0.011430,false,2,d544983-dirty
tight_eager,1,151936,50,0.9,bfloat16,cold,rotate,137.411,137.038,137.597,137.383,0.260,5,842,84,303872,0.550,0.003999,false,2,d544983-dirty
flashinfer,1,151936,50,0.9,bfloat16,cold,rotate,84.643,84.322,84.878,84.632,0.244,5,1325,132,303872,0.550,0.006492,false,2,d544983-dirty
flashinfer_from_probs,1,151936,50,0.9,bfloat16,cold,rotate,74.974,74.856,75.199,74.994,0.157,5,1443,144,607744,1.099,0.014659,false,2,d544983-dirty
fused_kernel,1,151936,50,0.9,bfloat16,cold,rotate,22.343,22.334,22.361,22.348,0.013,5,5000,500,303872,0.550,0.024594,false,2,d544983-dirty
compile,1,151936,50,0.9,bfloat16,cold,rotate,163.349,162.972,163.660,163.315,0.310,5,704,70,303872,0.550,0.003364,false,2,d544983-dirty
graph_eager,1,151936,50,0.9,bfloat16,cold,rotate_into_static,82.854,82.846,82.935,82.876,0.043,5,1431,143,303872,0.550,0.006632,false,2,d544983-dirty
graph_compile,1,151936,50,0.9,bfloat16,cold,rotate_into_static,73.470,73.413,73.508,73.466,0.042,5,1605,160,303872,0.550,0.007479,false,2,d544983-dirty
hf_eager,1,151936,50,0.9,bfloat16,cold,rotate,325.309,325.142,325.540,325.340,0.172,5,364,36,303872,0.550,0.001689,false,2,d544983-dirty
ref_eager_fullsort,1,151936,50,0.9,bfloat16,cold,rotate,140.614,140.081,140.684,140.477,0.290,5,832,83,303872,0.550,0.003908,false,2,d544983-dirty
tight_eager,4,151936,50,0.9,bfloat16,cold,rotate,165.062,163.793,165.598,164.913,0.838,5,730,73,1215488,2.198,0.013317,false,2,d544983-dirty
flashinfer,4,151936,50,0.9,bfloat16,cold,rotate,87.322,87.274,87.365,87.324,0.042,5,1327,132,1215488,2.198,0.025172,false,2,d544983-dirty
flashinfer_from_probs,4,151936,50,0.9,bfloat16,cold,rotate,74.434,74.398,74.784,74.530,0.185,5,1463,146,2430976,4.396,0.059061,false,2,d544983-dirty
fused_kernel,4,151936,50,0.9,bfloat16,cold,rotate,22.766,22.757,22.774,22.766,0.007,5,5000,500,1215488,2.198,0.096551,false,2,d544983-dirty
compile,4,151936,50,0.9,bfloat16,cold,rotate,154.302,154.067,154.670,154.338,0.262,5,716,71,1215488,2.198,0.014245,false,2,d544983-dirty
graph_eager,4,151936,50,0.9,bfloat16,cold,rotate_into_static,110.840,110.319,110.861,110.708,0.284,5,1081,108,1215488,2.198,0.019831,false,2,d544983-dirty
graph_compile,4,151936,50,0.9,bfloat16,cold,rotate_into_static,105.571,100.986,105.781,103.816,2.578,5,1145,114,1215488,2.198,0.020821,false,2,d544983-dirty
hf_eager,4,151936,50,0.9,bfloat16,cold,rotate,598.490,597.979,598.522,598.309,0.273,5,199,19,1215488,2.198,0.003673,false,2,d544983-dirty
ref_eager_fullsort,4,151936,50,0.9,bfloat16,cold,rotate,233.190,232.119,233.229,232.897,0.563,5,515,51,1215488,2.198,0.009426,false,2,d544983-dirty
tight_eager,8,151936,50,0.9,bfloat16,cold,rotate,169.659,169.513,169.829,169.677,0.137,5,709,70,2430976,4.396,0.025912,false,2,d544983-dirty
flashinfer,8,151936,50,0.9,bfloat16,cold,rotate,93.015,92.999,93.024,93.012,0.010,5,1274,127,2430976,4.396,0.047263,false,2,d544983-dirty
flashinfer_from_probs,8,151936,50,0.9,bfloat16,cold,rotate,75.086,74.721,75.204,75.004,0.222,5,1443,144,4861952,8.792,0.117096,false,2,d544983-dirty
fused_kernel,8,151936,50,0.9,bfloat16,cold,rotate,24.976,24.975,24.982,24.978,0.004,5,4691,469,2430976,4.396,0.176012,false,2,d544983-dirty
compile,8,151936,50,0.9,bfloat16,cold,rotate,154.491,154.081,154.685,154.429,0.269,5,726,72,2430976,4.396,0.028456,false,2,d544983-dirty
graph_eager,8,151936,50,0.9,bfloat16,cold,rotate_into_static,115.710,115.493,115.809,115.688,0.146,5,1032,103,2430976,4.396,0.037993,false,2,d544983-dirty
graph_compile,8,151936,50,0.9,bfloat16,cold,rotate_into_static,105.774,105.690,105.837,105.775,0.066,5,1112,111,2430976,4.396,0.041562,false,2,d544983-dirty
hf_eager,8,151936,50,0.9,bfloat16,cold,rotate,706.512,703.177,713.020,707.305,4.389,5,166,16,2430976,4.396,0.006222,false,2,d544983-dirty
ref_eager_fullsort,8,151936,50,0.9,bfloat16,cold,rotate,345.703,337.798,346.599,343.701,4.278,5,358,35,2430976,4.396,0.012717,false,2,d544983-dirty
tight_eager,16,151936,50,0.9,bfloat16,cold,rotate,186.487,186.475,187.250,186.712,0.389,5,633,63,4861952,8.792,0.047147,false,2,d544983-dirty
flashinfer,16,151936,50,0.9,bfloat16,cold,rotate,119.195,119.165,119.215,119.195,0.023,5,988,98,4861952,8.792,0.073764,false,2,d544983-dirty
flashinfer_from_probs,16,151936,50,0.9,bfloat16,cold,rotate,78.288,78.266,78.314,78.289,0.021,5,1454,145,9723904,17.585,0.224614,false,2,d544983-dirty
fused_kernel,16,151936,50,0.9,bfloat16,cold,rotate,30.144,29.827,30.293,30.085,0.218,5,3892,389,4861952,8.792,0.291681,false,2,d544983-dirty
compile,16,151936,50,0.9,bfloat16,cold,rotate,186.855,186.837,187.435,187.011,0.306,5,624,62,4861952,8.792,0.047054,false,2,d544983-dirty
graph_eager,16,151936,50,0.9,bfloat16,cold,rotate_into_static,132.057,131.432,132.098,131.889,0.330,5,908,90,4861952,8.792,0.066580,false,2,d544983-dirty
graph_compile,16,151936,50,0.9,bfloat16,cold,rotate_into_static,132.112,131.962,132.130,132.078,0.085,5,898,89,4861952,8.792,0.066552,false,2,d544983-dirty
hf_eager,16,151936,50,0.9,bfloat16,cold,rotate,1155.665,1154.886,1157.259,1155.832,1.075,5,103,10,4861952,8.792,0.007608,false,2,d544983-dirty
ref_eager_fullsort,16,151936,50,0.9,bfloat16,cold,rotate,705.410,703.304,705.862,704.997,1.238,5,171,17,4861952,8.792,0.012464,false,2,d544983-dirty
tight_eager,32,151936,50,0.9,bfloat16,cold,rotate,230.309,230.234,231.531,230.670,0.630,5,514,51,9723904,17.585,0.076352,false,2,d544983-dirty
flashinfer,32,151936,50,0.9,bfloat16,cold,rotate,193.559,192.553,193.672,193.324,0.560,5,627,62,9723904,17.585,0.090849,false,2,d544983-dirty
flashinfer_from_probs,32,151936,50,0.9,bfloat16,cold,rotate,127.636,127.588,127.698,127.642,0.050,5,922,92,19447808,35.169,0.275543,false,2,d544983-dirty
fused_kernel,32,151936,50,0.9,bfloat16,cold,rotate,43.705,43.257,43.806,43.596,0.253,5,2711,271,9723904,17.585,0.402346,false,2,d544983-dirty
compile,32,151936,50,0.9,bfloat16,cold,rotate,230.387,230.175,231.973,230.774,0.870,5,507,50,9723904,17.585,0.076326,false,2,d544983-dirty
graph_eager,32,151936,50,0.9,bfloat16,cold,rotate_into_static,192.288,190.212,192.410,191.748,1.115,5,638,63,9723904,17.585,0.091449,false,2,d544983-dirty
graph_compile,32,151936,50,0.9,bfloat16,cold,rotate_into_static,192.313,191.949,192.392,192.240,0.212,5,622,62,9723904,17.585,0.091438,false,2,d544983-dirty
hf_eager,32,151936,50,0.9,bfloat16,cold,rotate,2191.056,2190.218,2191.243,2190.800,0.491,5,54,10,9723904,17.585,0.008026,false,2,d544983-dirty
ref_eager_fullsort,32,151936,50,0.9,bfloat16,cold,rotate,1537.331,1537.099,1538.111,1537.509,0.457,5,77,10,9723904,17.585,0.011438,false,2,d544983-dirty
tight_eager,1,128256,20,0.9,bfloat16,hot,n/a,134.788,134.459,135.202,134.826,0.320,5,847,84,256512,0.464,0.003442,false,2,d544983-dirty
flashinfer,1,128256,20,0.9,bfloat16,hot,n/a,83.043,82.773,83.300,83.037,0.252,5,1353,135,256512,0.464,0.005586,false,2,d544983-dirty
flashinfer_from_probs,1,128256,20,0.9,bfloat16,hot,n/a,74.043,73.680,74.110,73.920,0.214,5,1538,153,513024,0.928,0.012530,false,2,d544983-dirty
fused_kernel,1,128256,20,0.9,bfloat16,hot,n/a,16.477,16.473,16.490,16.480,0.008,5,5000,500,256512,0.464,0.028152,false,2,d544983-dirty
compile,1,128256,20,0.9,bfloat16,hot,n/a,161.309,161.183,162.075,161.489,0.426,5,717,71,256512,0.464,0.002876,false,2,d544983-dirty
graph_eager,1,128256,20,0.9,bfloat16,hot,n/a,76.690,76.674,76.750,76.705,0.035,5,1553,155,256512,0.464,0.006049,false,2,d544983-dirty
graph_compile,1,128256,20,0.9,bfloat16,hot,n/a,76.733,76.693,76.775,76.737,0.037,5,1544,154,256512,0.464,0.006045,false,2,d544983-dirty
hf_eager,1,128256,20,0.9,bfloat16,hot,n/a,338.355,338.299,338.414,338.356,0.054,5,352,35,256512,0.464,0.001371,false,2,d544983-dirty
ref_eager_fullsort,1,128256,20,0.9,bfloat16,hot,n/a,136.987,136.734,137.336,137.024,0.265,5,829,82,256512,0.464,0.003386,false,2,d544983-dirty
tight_eager,32,128256,20,0.9,bfloat16,hot,n/a,202.307,201.378,202.527,202.145,0.564,5,598,59,8208384,14.844,0.073374,false,2,d544983-dirty
flashinfer,32,128256,20,0.9,bfloat16,hot,n/a,141.711,140.451,141.758,141.410,0.711,5,869,86,8208384,14.844,0.104748,false,2,d544983-dirty
flashinfer_from_probs,32,128256,20,0.9,bfloat16,hot,n/a,84.354,84.321,84.373,84.350,0.023,5,1382,138,16416768,29.688,0.351943,false,2,d544983-dirty
fused_kernel,32,128256,20,0.9,bfloat16,hot,n/a,26.534,25.857,26.557,26.343,0.351,5,4755,475,8208384,14.844,0.559431,false,2,d544983-dirty
compile,32,128256,20,0.9,bfloat16,hot,n/a,202.220,202.184,202.470,202.273,0.145,5,581,58,8208384,14.844,0.073405,false,2,d544983-dirty
graph_eager,32,128256,20,0.9,bfloat16,hot,n/a,150.155,148.996,150.243,149.877,0.642,5,813,81,8208384,14.844,0.098858,false,2,d544983-dirty
graph_compile,32,128256,20,0.9,bfloat16,hot,n/a,150.256,150.156,150.280,150.236,0.058,5,795,79,8208384,14.844,0.098791,false,2,d544983-dirty
hf_eager,32,128256,20,0.9,bfloat16,hot,n/a,1837.405,1836.298,1838.435,1837.301,0.934,5,65,10,8208384,14.844,0.008079,false,2,d544983-dirty
ref_eager_fullsort,32,128256,20,0.9,bfloat16,hot,n/a,1282.806,1282.459,1283.092,1282.772,0.302,5,93,10,8208384,14.844,0.011571,false,2,d544983-dirty
tight_eager,1,128256,20,0.95,bfloat16,hot,n/a,134.859,134.707,135.479,134.991,0.358,5,852,85,256512,0.464,0.003440,false,2,d544983-dirty
flashinfer,1,128256,20,0.95,bfloat16,hot,n/a,82.980,82.808,83.210,82.992,0.178,5,1356,135,256512,0.464,0.005590,false,2,d544983-dirty
flashinfer_from_probs,1,128256,20,0.95,bfloat16,hot,n/a,74.100,74.041,74.350,74.169,0.148,5,1513,151,513024,0.928,0.012520,false,2,d544983-dirty
fused_kernel,1,128256,20,0.95,bfloat16,hot,n/a,16.482,16.480,16.491,16.484,0.006,5,5000,500,256512,0.464,0.028144,false,2,d544983-dirty
compile,1,128256,20,0.95,bfloat16,hot,n/a,161.522,161.350,161.924,161.572,0.263,5,718,71,256512,0.464,0.002872,false,2,d544983-dirty
graph_eager,1,128256,20,0.95,bfloat16,hot,n/a,76.727,76.667,76.737,76.713,0.033,5,1545,154,256512,0.464,0.006046,false,2,d544983-dirty
graph_compile,1,128256,20,0.95,bfloat16,hot,n/a,76.659,76.639,76.670,76.656,0.014,5,1543,154,256512,0.464,0.006051,false,2,d544983-dirty
hf_eager,1,128256,20,0.95,bfloat16,hot,n/a,338.388,338.198,338.461,338.366,0.125,5,353,35,256512,0.464,0.001371,false,2,d544983-dirty
ref_eager_fullsort,1,128256,20,0.95,bfloat16,hot,n/a,136.907,136.759,137.294,137.015,0.252,5,837,83,256512,0.464,0.003388,false,2,d544983-dirty
tight_eager,32,128256,20,0.95,bfloat16,hot,n/a,201.172,200.598,201.363,201.069,0.353,5,598,59,8208384,14.844,0.073788,false,2,d544983-dirty
flashinfer,32,128256,20,0.95,bfloat16,hot,n/a,141.165,139.768,141.358,140.867,0.812,5,876,87,8208384,14.844,0.105154,false,2,d544983-dirty
flashinfer_from_probs,32,128256,20,0.95,bfloat16,hot,n/a,83.556,83.517,83.638,83.567,0.055,5,1408,140,16416768,29.688,0.355307,false,2,d544983-dirty
fused_kernel,32,128256,20,0.95,bfloat16,hot,n/a,26.665,26.178,26.671,26.541,0.267,5,4783,478,8208384,14.844,0.556677,false,2,d544983-dirty
compile,32,128256,20,0.95,bfloat16,hot,n/a,203.156,202.893,203.331,203.128,0.190,5,581,58,8208384,14.844,0.073067,false,2,d544983-dirty
graph_eager,32,128256,20,0.95,bfloat16,hot,n/a,150.006,148.548,150.043,149.633,0.795,5,813,81,8208384,14.844,0.098956,false,2,d544983-dirty
graph_compile,32,128256,20,0.95,bfloat16,hot,n/a,150.044,149.973,150.067,150.035,0.045,5,795,79,8208384,14.844,0.098931,false,2,d544983-dirty
hf_eager,32,128256,20,0.95,bfloat16,hot,n/a,1835.358,1834.632,1836.116,1835.380,0.639,5,65,10,8208384,14.844,0.008088,false,2,d544983-dirty
ref_eager_fullsort,32,128256,20,0.95,bfloat16,hot,n/a,1281.801,1281.040,1282.102,1281.662,0.472,5,93,10,8208384,14.844,0.011581,false,2,d544983-dirty
tight_eager,1,128256,50,0.9,bfloat16,hot,n/a,133.266,133.075,133.910,133.379,0.390,5,863,86,256512,0.464,0.003481,false,2,d544983-dirty
flashinfer,1,128256,50,0.9,bfloat16,hot,n/a,83.063,82.964,83.157,83.072,0.089,5,1352,135,256512,0.464,0.005585,false,2,d544983-dirty
flashinfer_from_probs,1,128256,50,0.9,bfloat16,hot,n/a,74.153,74.011,74.477,74.227,0.206,5,1528,152,513024,0.928,0.012511,false,2,d544983-dirty
fused_kernel,1,128256,50,0.9,bfloat16,hot,n/a,20.416,20.406,20.419,20.413,0.006,5,5000,500,256512,0.464,0.022721,false,2,d544983-dirty
compile,1,128256,50,0.9,bfloat16,hot,n/a,159.781,159.616,160.090,159.828,0.207,5,722,72,256512,0.464,0.002903,false,2,d544983-dirty
graph_eager,1,128256,50,0.9,bfloat16,hot,n/a,77.819,77.786,77.841,77.816,0.026,5,1541,154,256512,0.464,0.005961,false,2,d544983-dirty
graph_compile,1,128256,50,0.9,bfloat16,hot,n/a,77.847,77.838,77.908,77.868,0.035,5,1539,153,256512,0.464,0.005959,false,2,d544983-dirty
hf_eager,1,128256,50,0.9,bfloat16,hot,n/a,340.292,340.175,340.441,340.295,0.116,5,350,35,256512,0.464,0.001363,false,2,d544983-dirty
ref_eager_fullsort,1,128256,50,0.9,bfloat16,hot,n/a,137.005,136.876,137.400,137.084,0.241,5,839,83,256512,0.464,0.003386,false,2,d544983-dirty
tight_eager,32,128256,50,0.9,bfloat16,hot,n/a,201.000,200.358,201.306,200.939,0.435,5,596,59,8208384,14.844,0.073851,false,2,d544983-dirty
flashinfer,32,128256,50,0.9,bfloat16,hot,n/a,141.797,140.280,141.822,141.422,0.849,5,878,87,8208384,14.844,0.104685,false,2,d544983-dirty
flashinfer_from_probs,32,128256,50,0.9,bfloat16,hot,n/a,82.743,82.703,82.765,82.738,0.028,5,1411,141,16416768,29.688,0.358796,false,2,d544983-dirty
fused_kernel,32,128256,50,0.9,bfloat16,hot,n/a,28.855,28.716,28.902,28.828,0.085,5,4117,411,8208384,14.844,0.514438,false,2,d544983-dirty
compile,32,128256,50,0.9,bfloat16,hot,n/a,201.672,201.243,202.910,201.923,0.764,5,582,58,8208384,14.844,0.073605,false,2,d544983-dirty
graph_eager,32,128256,50,0.9,bfloat16,hot,n/a,150.181,148.857,150.298,149.869,0.735,5,814,81,8208384,14.844,0.098840,false,2,d544983-dirty
graph_compile,32,128256,50,0.9,bfloat16,hot,n/a,155.192,154.977,155.246,155.157,0.133,5,770,77,8208384,14.844,0.095649,false,2,d544983-dirty
hf_eager,32,128256,50,0.9,bfloat16,hot,n/a,1837.755,1837.364,1846.917,1839.966,5.150,5,64,10,8208384,14.844,0.008077,false,2,d544983-dirty
ref_eager_fullsort,32,128256,50,0.9,bfloat16,hot,n/a,1281.345,1280.993,1281.587,1281.283,0.277,5,93,10,8208384,14.844,0.011585,false,2,d544983-dirty
tight_eager,1,128256,50,0.95,bfloat16,hot,n/a,133.280,133.095,133.786,133.376,0.318,5,869,86,256512,0.464,0.003480,false,2,d544983-dirty
flashinfer,1,128256,50,0.95,bfloat16,hot,n/a,83.107,82.890,83.287,83.111,0.177,5,1348,134,256512,0.464,0.005582,false,2,d544983-dirty
flashinfer_from_probs,1,128256,50,0.95,bfloat16,hot,n/a,74.655,74.428,74.754,74.605,0.155,5,1498,149,513024,0.928,0.012427,false,2,d544983-dirty
fused_kernel,1,128256,50,0.95,bfloat16,hot,n/a,20.659,20.650,20.671,20.660,0.009,5,5000,500,256512,0.464,0.022453,false,2,d544983-dirty
compile,1,128256,50,0.95,bfloat16,hot,n/a,159.626,159.544,160.067,159.735,0.246,5,727,72,256512,0.464,0.002906,false,2,d544983-dirty
graph_eager,1,128256,50,0.95,bfloat16,hot,n/a,77.902,77.875,77.967,77.911,0.042,5,1539,153,256512,0.464,0.005955,false,2,d544983-dirty
graph_compile,1,128256,50,0.95,bfloat16,hot,n/a,77.928,77.893,77.961,77.928,0.030,5,1533,153,256512,0.464,0.005953,false,2,d544983-dirty
hf_eager,1,128256,50,0.95,bfloat16,hot,n/a,340.177,340.153,340.309,340.206,0.075,5,350,35,256512,0.464,0.001364,false,2,d544983-dirty
ref_eager_fullsort,1,128256,50,0.95,bfloat16,hot,n/a,136.634,136.542,137.138,136.738,0.293,5,833,83,256512,0.464,0.003395,false,2,d544983-dirty
tight_eager,32,128256,50,0.95,bfloat16,hot,n/a,199.643,199.406,199.884,199.654,0.211,5,595,59,8208384,14.844,0.074352,false,2,d544983-dirty
flashinfer,32,128256,50,0.95,bfloat16,hot,n/a,141.227,139.599,141.282,140.832,0.914,5,881,88,8208384,14.844,0.105107,false,2,d544983-dirty
flashinfer_from_probs,32,128256,50,0.95,bfloat16,hot,n/a,82.241,82.233,82.288,82.252,0.026,5,1399,139,16416768,29.688,0.360988,false,2,d544983-dirty
fused_kernel,32,128256,50,0.95,bfloat16,hot,n/a,28.817,28.742,28.858,28.807,0.054,5,4110,411,8208384,14.844,0.515118,false,2,d544983-dirty
compile,32,128256,50,0.95,bfloat16,hot,n/a,202.710,202.449,203.305,202.792,0.385,5,578,57,8208384,14.844,0.073228,false,2,d544983-dirty
graph_eager,32,128256,50,0.95,bfloat16,hot,n/a,150.142,148.705,150.197,149.772,0.776,5,810,81,8208384,14.844,0.098866,false,2,d544983-dirty
graph_compile,32,128256,50,0.95,bfloat16,hot,n/a,150.237,150.135,150.246,150.213,0.057,5,793,79,8208384,14.844,0.098804,false,2,d544983-dirty
hf_eager,32,128256,50,0.95,bfloat16,hot,n/a,1837.468,1836.815,1837.914,1837.418,0.483,5,65,10,8208384,14.844,0.008078,false,2,d544983-dirty
ref_eager_fullsort,32,128256,50,0.95,bfloat16,hot,n/a,1281.347,1281.301,1281.720,1281.462,0.199,5,93,10,8208384,14.844,0.011585,false,2,d544983-dirty
tight_eager,1,128256,100,0.9,bfloat16,hot,n/a,133.165,133.103,133.720,133.312,0.296,5,857,85,256512,0.464,0.003483,false,2,d544983-dirty
flashinfer,1,128256,100,0.9,bfloat16,hot,n/a,82.755,82.535,83.022,82.775,0.211,5,1353,135,256512,0.464,0.005605,false,2,d544983-dirty
flashinfer_from_probs,1,128256,100,0.9,bfloat16,hot,n/a,74.471,74.318,74.631,74.484,0.137,5,1524,152,513024,0.928,0.012458,false,2,d544983-dirty
fused_kernel,1,128256,100,0.9,bfloat16,hot,n/a,25.704,25.682,25.724,25.705,0.019,5,4629,462,256512,0.464,0.018047,false,2,d544983-dirty
compile,1,128256,100,0.9,bfloat16,hot,n/a,160.138,160.112,160.554,160.263,0.214,5,720,72,256512,0.464,0.002897,false,2,d544983-dirty
graph_eager,1,128256,100,0.9,bfloat16,hot,n/a,78.258,78.249,78.261,78.257,0.005,5,1523,152,256512,0.464,0.005928,false,2,d544983-dirty
graph_compile,1,128256,100,0.9,bfloat16,hot,n/a,78.227,78.220,78.261,78.238,0.020,5,1524,152,256512,0.464,0.005930,false,2,d544983-dirty
hf_eager,1,128256,100,0.9,bfloat16,hot,n/a,340.348,340.127,340.368,340.299,0.127,5,351,35,256512,0.464,0.001363,false,2,d544983-dirty
ref_eager_fullsort,1,128256,100,0.9,bfloat16,hot,n/a,136.749,136.634,136.876,136.749,0.104,5,837,83,256512,0.464,0.003392,false,2,d544983-dirty
tight_eager,32,128256,100,0.9,bfloat16,hot,n/a,201.225,201.140,201.425,201.269,0.126,5,591,59,8208384,14.844,0.073768,false,2,d544983-dirty
flashinfer,32,128256,100,0.9,bfloat16,hot,n/a,141.820,140.343,141.863,141.461,0.830,5,869,86,8208384,14.844,0.104668,false,2,d544983-dirty
flashinfer_from_probs,32,128256,100,0.9,bfloat16,hot,n/a,84.470,84.442,84.534,84.486,0.042,5,1387,138,16416768,29.688,0.351460,false,2,d544983-dirty
fused_kernel,32,128256,100,0.9,bfloat16,hot,n/a,33.235,32.423,33.332,33.047,0.453,5,3686,368,8208384,14.844,0.446634,false,2,d544983-dirty
compile,32,128256,100,0.9,bfloat16,hot,n/a,201.831,201.487,202.890,201.978,0.672,5,578,57,8208384,14.844,0.073547,false,2,d544983-dirty
graph_eager,32,128256,100,0.9,bfloat16,hot,n/a,151.785,150.179,151.830,151.364,0.862,5,803,80,8208384,14.844,0.097796,false,2,d544983-dirty
graph_compile,32,128256,100,0.9,bfloat16,hot,n/a,151.853,151.756,151.864,151.832,0.056,5,766,76,8208384,14.844,0.097752,false,2,d544983-dirty
hf_eager,32,128256,100,0.9,bfloat16,hot,n/a,1834.436,1833.982,1835.071,1834.499,0.474,5,65,10,8208384,14.844,0.008092,false,2,d544983-dirty
ref_eager_fullsort,32,128256,100,0.9,bfloat16,hot,n/a,1280.891,1280.307,1281.242,1280.809,0.412,5,93,10,8208384,14.844,0.011589,false,2,d544983-dirty
tight_eager,1,128256,100,0.95,bfloat16,hot,n/a,133.105,132.985,134.611,133.482,0.819,5,856,85,256512,0.464,0.003485,false,2,d544983-dirty
flashinfer,1,128256,100,0.95,bfloat16,hot,n/a,83.102,83.015,83.433,83.205,0.198,5,1348,134,256512,0.464,0.005582,false,2,d544983-dirty
flashinfer_from_probs,1,128256,100,0.95,bfloat16,hot,n/a,73.987,73.861,74.070,73.965,0.097,5,1528,152,513024,0.928,0.012539,false,2,d544983-dirty
fused_kernel,1,128256,100,0.95,bfloat16,hot,n/a,26.749,26.745,26.761,26.752,0.007,5,4419,441,256512,0.464,0.017342,false,2,d544983-dirty
compile,1,128256,100,0.95,bfloat16,hot,n/a,159.907,159.791,159.992,159.904,0.089,5,727,72,256512,0.464,0.002901,false,2,d544983-dirty
graph_eager,1,128256,100,0.95,bfloat16,hot,n/a,78.262,78.242,78.288,78.264,0.020,5,1534,153,256512,0.464,0.005927,false,2,d544983-dirty
graph_compile,1,128256,100,0.95,bfloat16,hot,n/a,78.254,78.228,78.271,78.250,0.019,5,1520,152,256512,0.464,0.005928,false,2,d544983-dirty
hf_eager,1,128256,100,0.95,bfloat16,hot,n/a,340.292,340.154,340.332,340.264,0.083,5,349,34,256512,0.464,0.001363,false,2,d544983-dirty
ref_eager_fullsort,1,128256,100,0.95,bfloat16,hot,n/a,136.616,136.463,136.859,136.633,0.175,5,839,83,256512,0.464,0.003395,false,2,d544983-dirty
tight_eager,32,128256,100,0.95,bfloat16,hot,n/a,200.904,200.890,201.092,200.955,0.099,5,593,59,8208384,14.844,0.073886,false,2,d544983-dirty
flashinfer,32,128256,100,0.95,bfloat16,hot,n/a,141.259,139.826,141.307,140.910,0.802,5,873,87,8208384,14.844,0.105084,false,2,d544983-dirty
flashinfer_from_probs,32,128256,100,0.95,bfloat16,hot,n/a,83.698,83.675,83.772,83.717,0.045,5,1394,139,16416768,29.688,0.354703,false,2,d544983-dirty
fused_kernel,32,128256,100,0.95,bfloat16,hot,n/a,33.779,33.205,33.834,33.651,0.327,5,3602,360,8208384,14.844,0.439444,false,2,d544983-dirty
compile,32,128256,100,0.95,bfloat16,hot,n/a,200.993,200.678,202.811,201.430,1.008,5,579,57,8208384,14.844,0.073853,false,2,d544983-dirty
graph_eager,32,128256,100,0.95,bfloat16,hot,n/a,151.746,150.090,151.832,151.310,0.884,5,806,80,8208384,14.844,0.097821,false,2,d544983-dirty
graph_compile,32,128256,100,0.95,bfloat16,hot,n/a,151.833,151.732,151.850,151.811,0.058,5,792,79,8208384,14.844,0.097765,false,2,d544983-dirty
hf_eager,32,128256,100,0.95,bfloat16,hot,n/a,1833.240,1833.147,1833.567,1833.288,0.206,5,65,10,8208384,14.844,0.008097,false,2,d544983-dirty
ref_eager_fullsort,32,128256,100,0.95,bfloat16,hot,n/a,1280.696,1279.851,1281.278,1280.540,0.640,5,93,10,8208384,14.844,0.011591,false,2,d544983-dirty
tight_eager,1,151936,20,0.9,bfloat16,hot,n/a,135.406,135.170,135.918,135.484,0.334,5,840,84,303872,0.550,0.004058,false,2,d544983-dirty
flashinfer,1,151936,20,0.9,bfloat16,hot,n/a,84.267,84.227,84.393,84.292,0.075,5,1352,135,303872,0.550,0.006521,false,2,d544983-dirty
flashinfer_from_probs,1,151936,20,0.9,bfloat16,hot,n/a,73.703,73.676,73.858,73.751,0.090,5,1490,149,607744,1.099,0.014912,false,2,d544983-dirty
fused_kernel,1,151936,20,0.9,bfloat16,hot,n/a,18.465,18.460,18.473,18.466,0.006,5,5000,500,303872,0.550,0.029760,false,2,d544983-dirty
compile,1,151936,20,0.9,bfloat16,hot,n/a,162.775,162.596,163.131,162.847,0.265,5,707,70,303872,0.550,0.003376,false,2,d544983-dirty
graph_eager,1,151936,20,0.9,bfloat16,hot,n/a,81.495,81.468,81.512,81.490,0.020,5,1468,146,303872,0.550,0.006743,false,2,d544983-dirty
graph_compile,1,151936,20,0.9,bfloat16,hot,n/a,81.501,81.476,81.508,81.497,0.015,5,1496,149,303872,0.550,0.006743,false,2,d544983-dirty
hf_eager,1,151936,20,0.9,bfloat16,hot,n/a,322.907,322.686,323.244,322.969,0.254,5,371,37,303872,0.550,0.001702,false,2,d544983-dirty
ref_eager_fullsort,1,151936,20,0.9,bfloat16,hot,n/a,138.709,138.517,138.934,138.697,0.187,5,838,83,303872,0.550,0.003962,false,2,d544983-dirty
tight_eager,32,151936,20,0.9,bfloat16,hot,n/a,217.449,215.801,217.751,217.071,0.930,5,550,55,9723904,17.585,0.080868,false,2,d544983-dirty
flashinfer,32,151936,20,0.9,bfloat16,hot,n/a,175.135,171.521,175.735,174.285,2.010,5,708,70,9723904,17.585,0.100406,false,2,d544983-dirty
flashinfer_from_probs,32,151936,20,0.9,bfloat16,hot,n/a,102.826,102.813,102.870,102.838,0.027,5,1151,115,19447808,35.169,0.342028,false,2,d544983-dirty
fused_kernel,32,151936,20,0.9,bfloat16,hot,n/a,30.139,28.594,30.266,29.740,0.829,5,4385,438,9723904,17.585,0.583453,false,2,d544983-dirty
compile,32,151936,20,0.9,bfloat16,hot,n/a,218.398,218.184,218.860,218.468,0.313,5,538,53,9723904,17.585,0.080516,false,2,d544983-dirty
graph_eager,32,151936,20,0.9,bfloat16,hot,n/a,166.002,163.971,166.124,165.485,1.097,5,742,74,9723904,17.585,0.105930,false,2,d544983-dirty
graph_compile,32,151936,20,0.9,bfloat16,hot,n/a,166.279,165.892,166.336,166.187,0.214,5,720,72,9723904,17.585,0.105754,false,2,d544983-dirty
hf_eager,32,151936,20,0.9,bfloat16,hot,n/a,2186.008,2185.132,2186.455,2185.905,0.589,5,54,10,9723904,17.585,0.008044,false,2,d544983-dirty
ref_eager_fullsort,32,151936,20,0.9,bfloat16,hot,n/a,1534.690,1534.042,1535.115,1534.650,0.472,5,78,10,9723904,17.585,0.011458,false,2,d544983-dirty
tight_eager,1,151936,20,0.95,bfloat16,hot,n/a,135.105,134.821,136.012,135.274,0.548,5,849,84,303872,0.550,0.004067,false,2,d544983-dirty
flashinfer,1,151936,20,0.95,bfloat16,hot,n/a,84.219,84.124,84.341,84.229,0.098,5,1357,135,303872,0.550,0.006525,false,2,d544983-dirty
flashinfer_from_probs,1,151936,20,0.95,bfloat16,hot,n/a,73.811,73.535,74.120,73.821,0.265,5,1473,147,607744,1.099,0.014890,false,2,d544983-dirty
fused_kernel,1,151936,20,0.95,bfloat16,hot,n/a,18.465,18.462,18.472,18.466,0.005,5,5000,500,303872,0.550,0.029760,false,2,d544983-dirty
compile,1,151936,20,0.95,bfloat16,hot,n/a,162.594,162.437,163.076,162.660,0.307,5,707,70,303872,0.550,0.003380,false,2,d544983-dirty
graph_eager,1,151936,20,0.95,bfloat16,hot,n/a,81.499,81.485,81.517,81.502,0.014,5,1476,147,303872,0.550,0.006743,false,2,d544983-dirty
graph_compile,1,151936,20,0.95,bfloat16,hot,n/a,86.835,86.678,86.877,86.792,0.093,5,1397,139,303872,0.550,0.006328,false,2,d544983-dirty
hf_eager,1,151936,20,0.95,bfloat16,hot,n/a,329.112,323.239,329.540,327.126,3.155,5,362,36,303872,0.550,0.001670,false,2,d544983-dirty
ref_eager_fullsort,1,151936,20,0.95,bfloat16,hot,n/a,138.762,138.418,138.931,138.714,0.230,5,841,84,303872,0.550,0.003960,false,2,d544983-dirty
tight_eager,32,151936,20,0.95,bfloat16,hot,n/a,216.825,215.950,217.466,216.836,0.687,5,557,55,9723904,17.585,0.081101,false,2,d544983-dirty
flashinfer,32,151936,20,0.95,bfloat16,hot,n/a,175.141,171.599,175.493,174.274,1.937,5,714,71,9723904,17.585,0.100403,false,2,d544983-dirty
flashinfer_from_probs,32,151936,20,0.95,bfloat16,hot,n/a,102.142,102.130,102.182,102.150,0.024,5,1154,115,19447808,35.169,0.344316,false,2,d544983-dirty
fused_kernel,32,151936,20,0.95,bfloat16,hot,n/a,30.345,28.892,30.411,29.953,0.767,5,4339,433,9723904,17.585,0.579493,false,2,d544983-dirty
compile,32,151936,20,0.95,bfloat16,hot,n/a,219.513,219.171,219.769,219.464,0.260,5,538,53,9723904,17.585,0.080107,false,2,d544983-dirty
graph_eager,32,151936,20,0.95,bfloat16,hot,n/a,166.261,164.116,166.377,165.687,1.135,5,740,74,9723904,17.585,0.105765,false,2,d544983-dirty
graph_compile,32,151936,20,0.95,bfloat16,hot,n/a,166.463,166.123,166.498,166.389,0.195,5,719,71,9723904,17.585,0.105637,false,2,d544983-dirty
hf_eager,32,151936,20,0.95,bfloat16,hot,n/a,2186.385,2186.019,2186.871,2186.381,0.388,5,54,10,9723904,17.585,0.008043,false,2,d544983-dirty
ref_eager_fullsort,32,151936,20,0.95,bfloat16,hot,n/a,1535.027,1534.865,1535.296,1535.051,0.190,5,78,10,9723904,17.585,0.011456,false,2,d544983-dirty
tight_eager,1,151936,50,0.95,bfloat16,hot,n/a,134.065,133.577,135.641,134.334,0.970,5,853,85,303872,0.550,0.004099,false,2,d544983-dirty
flashinfer,1,151936,50,0.95,bfloat16,hot,n/a,83.797,83.646,83.913,83.790,0.117,5,1319,131,303872,0.550,0.006558,false,2,d544983-dirty
flashinfer_from_probs,1,151936,50,0.95,bfloat16,hot,n/a,74.157,73.904,74.525,74.216,0.276,5,1509,150,607744,1.099,0.014820,false,2,d544983-dirty
fused_kernel,1,151936,50,0.95,bfloat16,hot,n/a,20.813,20.806,20.826,20.816,0.009,5,5000,500,303872,0.550,0.026402,false,2,d544983-dirty
compile,1,151936,50,0.95,bfloat16,hot,n/a,161.350,160.886,161.837,161.338,0.410,5,717,71,303872,0.550,0.003406,false,2,d544983-dirty
graph_eager,1,151936,50,0.95,bfloat16,hot,n/a,81.544,81.427,81.572,81.522,0.070,5,1468,146,303872,0.550,0.006739,false,2,d544983-dirty
graph_compile,1,151936,50,0.95,bfloat16,hot,n/a,81.595,81.563,81.623,81.594,0.026,5,1463,146,303872,0.550,0.006735,false,2,d544983-dirty
hf_eager,1,151936,50,0.95,bfloat16,hot,n/a,324.905,324.421,325.363,324.908,0.409,5,368,36,303872,0.550,0.001691,false,2,d544983-dirty
ref_eager_fullsort,1,151936,50,0.95,bfloat16,hot,n/a,139.011,138.583,139.245,138.927,0.289,5,845,84,303872,0.550,0.003953,false,2,d544983-dirty
tight_eager,32,151936,50,0.95,bfloat16,hot,n/a,218.583,216.328,218.909,218.055,1.253,5,550,55,9723904,17.585,0.080448,false,2,d544983-dirty
flashinfer,32,151936,50,0.95,bfloat16,hot,n/a,175.951,172.678,176.060,175.045,1.711,5,711,71,9723904,17.585,0.099940,false,2,d544983-dirty
flashinfer_from_probs,32,151936,50,0.95,bfloat16,hot,n/a,100.723,100.706,100.758,100.729,0.025,5,1173,117,19447808,35.169,0.349167,false,2,d544983-dirty
fused_kernel,32,151936,50,0.95,bfloat16,hot,n/a,32.768,31.859,32.809,32.534,0.490,5,3789,378,9723904,17.585,0.536634,false,2,d544983-dirty
compile,32,151936,50,0.95,bfloat16,hot,n/a,219.685,219.561,220.335,219.821,0.376,5,536,53,9723904,17.585,0.080045,false,2,d544983-dirty
graph_eager,32,151936,50,0.95,bfloat16,hot,n/a,167.310,164.924,167.534,166.695,1.283,5,739,73,9723904,17.585,0.105102,false,2,d544983-dirty
graph_compile,32,151936,50,0.95,bfloat16,hot,n/a,167.613,167.168,167.672,167.515,0.252,5,716,71,9723904,17.585,0.104912,false,2,d544983-dirty
hf_eager,32,151936,50,0.95,bfloat16,hot,n/a,2190.087,2189.380,2190.381,2189.911,0.450,5,54,10,9723904,17.585,0.008029,false,2,d544983-dirty
ref_eager_fullsort,32,151936,50,0.95,bfloat16,hot,n/a,1536.164,1535.809,1536.411,1536.133,0.271,5,78,10,9723904,17.585,0.011447,false,2,d544983-dirty
tight_eager,1,151936,100,0.9,bfloat16,hot,n/a,134.137,133.605,136.088,134.721,1.202,5,852,85,303872,0.550,0.004097,false,2,d544983-dirty
flashinfer,1,151936,100,0.9,bfloat16,hot,n/a,84.473,84.426,84.609,84.504,0.084,5,1358,135,303872,0.550,0.006505,false,2,d544983-dirty
flashinfer_from_probs,1,151936,100,0.9,bfloat16,hot,n/a,73.787,73.694,73.869,73.789,0.077,5,1467,146,607744,1.099,0.014895,false,2,d544983-dirty
fused_kernel,1,151936,100,0.9,bfloat16,hot,n/a,26.788,26.773,26.823,26.792,0.023,5,4529,452,303872,0.550,0.020514,false,2,d544983-dirty
compile,1,151936,100,0.9,bfloat16,hot,n/a,161.227,161.168,161.565,161.325,0.188,5,724,72,303872,0.550,0.003408,false,2,d544983-dirty
graph_eager,1,151936,100,0.9,bfloat16,hot,n/a,81.944,81.856,81.968,81.926,0.051,5,1467,146,303872,0.550,0.006706,false,2,d544983-dirty
graph_compile,1,151936,100,0.9,bfloat16,hot,n/a,82.081,81.967,86.169,83.068,2.305,5,1393,139,303872,0.550,0.006695,false,2,d544983-dirty
hf_eager,1,151936,100,0.9,bfloat16,hot,n/a,324.815,324.562,325.348,324.890,0.351,5,370,37,303872,0.550,0.001692,false,2,d544983-dirty
ref_eager_fullsort,1,151936,100,0.9,bfloat16,hot,n/a,138.876,138.673,139.122,138.898,0.194,5,841,84,303872,0.550,0.003957,false,2,d544983-dirty
tight_eager,32,151936,100,0.9,bfloat16,hot,n/a,216.524,215.478,217.056,216.403,0.715,5,556,55,9723904,17.585,0.081213,false,2,d544983-dirty
flashinfer,32,151936,100,0.9,bfloat16,hot,n/a,177.747,174.555,177.796,176.921,1.735,5,703,70,9723904,17.585,0.098931,false,2,d544983-dirty
flashinfer_from_probs,32,151936,100,0.9,bfloat16,hot,n/a,103.024,102.968,103.050,103.013,0.037,5,1150,115,19447808,35.169,0.341370,false,2,d544983-dirty
fused_kernel,32,151936,100,0.9,bfloat16,hot,n/a,36.514,35.714,36.526,36.301,0.428,5,3516,351,9723904,17.585,0.481589,false,2,d544983-dirty
compile,32,151936,100,0.9,bfloat16,hot,n/a,218.718,218.376,220.716,219.247,1.105,5,534,53,9723904,17.585,0.080398,false,2,d544983-dirty
graph_eager,32,151936,100,0.9,bfloat16,hot,n/a,168.253,166.343,168.379,167.761,1.026,5,730,73,9723904,17.585,0.104513,false,2,d544983-dirty
graph_compile,32,151936,100,0.9,bfloat16,hot,n/a,168.475,168.142,168.551,168.414,0.199,5,712,71,9723904,17.585,0.104375,false,2,d544983-dirty
hf_eager,32,151936,100,0.9,bfloat16,hot,n/a,2187.926,2187.234,2188.896,2187.935,0.745,5,54,10,9723904,17.585,0.008037,false,2,d544983-dirty
ref_eager_fullsort,32,151936,100,0.9,bfloat16,hot,n/a,1536.737,1536.051,1538.794,1537.087,1.270,5,78,10,9723904,17.585,0.011443,false,2,d544983-dirty
tight_eager,1,151936,100,0.95,bfloat16,hot,n/a,134.670,133.757,136.212,134.844,1.140,5,859,85,303872,0.550,0.004080,false,2,d544983-dirty
flashinfer,1,151936,100,0.95,bfloat16,hot,n/a,84.388,84.295,84.505,84.393,0.093,5,1329,132,303872,0.550,0.006512,false,2,d544983-dirty
flashinfer_from_probs,1,151936,100,0.95,bfloat16,hot,n/a,74.234,74.223,74.445,74.286,0.117,5,1477,147,607744,1.099,0.014805,false,2,d544983-dirty
fused_kernel,1,151936,100,0.95,bfloat16,hot,n/a,27.768,27.763,27.779,27.770,0.007,5,4282,428,303872,0.550,0.019789,false,2,d544983-dirty
compile,1,151936,100,0.95,bfloat16,hot,n/a,160.853,160.796,161.387,160.968,0.307,5,721,72,303872,0.550,0.003416,false,2,d544983-dirty
graph_eager,1,151936,100,0.95,bfloat16,hot,n/a,81.914,81.781,81.994,81.891,0.102,5,1464,146,303872,0.550,0.006708,false,2,d544983-dirty
graph_compile,1,151936,100,0.95,bfloat16,hot,n/a,82.079,81.909,82.198,82.047,0.130,5,1465,146,303872,0.550,0.006695,false,2,d544983-dirty
hf_eager,1,151936,100,0.95,bfloat16,hot,n/a,324.672,324.628,325.309,324.906,0.349,5,367,36,303872,0.550,0.001693,false,2,d544983-dirty
ref_eager_fullsort,1,151936,100,0.95,bfloat16,hot,n/a,138.781,138.403,138.849,138.705,0.223,5,831,83,303872,0.550,0.003960,false,2,d544983-dirty
tight_eager,32,151936,100,0.95,bfloat16,hot,n/a,217.053,215.509,217.758,216.802,1.010,5,557,55,9723904,17.585,0.081015,false,2,d544983-dirty
flashinfer,32,151936,100,0.95,bfloat16,hot,n/a,177.177,174.346,177.300,176.491,1.580,5,699,69,9723904,17.585,0.099249,false,2,d544983-dirty
flashinfer_from_probs,32,151936,100,0.95,bfloat16,hot,n/a,102.393,102.355,102.552,102.424,0.094,5,1141,114,19447808,35.169,0.343473,false,2,d544983-dirty
fused_kernel,32,151936,100,0.95,bfloat16,hot,n/a,36.984,36.442,37.007,36.849,0.299,5,3348,334,9723904,17.585,0.475470,false,2,d544983-dirty
compile,32,151936,100,0.95,bfloat16,hot,n/a,218.932,218.492,220.747,219.365,1.045,5,536,53,9723904,17.585,0.080320,false,2,d544983-dirty
graph_eager,32,151936,100,0.95,bfloat16,hot,n/a,168.465,166.515,168.592,167.967,1.051,5,731,73,9723904,17.585,0.104382,false,2,d544983-dirty
graph_compile,32,151936,100,0.95,bfloat16,hot,n/a,168.588,168.295,168.733,168.564,0.203,5,709,70,9723904,17.585,0.104305,false,2,d544983-dirty
hf_eager,32,151936,100,0.95,bfloat16,hot,n/a,2188.658,2188.343,2189.300,2188.784,0.417,5,54,10,9723904,17.585,0.008034,false,2,d544983-dirty
ref_eager_fullsort,32,151936,100,0.95,bfloat16,hot,n/a,1537.136,1536.248,1537.467,1537.010,0.570,5,78,10,9723904,17.585,0.011440,false,2,d544983-dirty
